0,0.0,0.0,-0.06322401762008667,-0.038840413093566895,-0.10734522342681885,-0.11989998817443848,-0.0900043249130249,-0.18480169773101807,-0.04772019386291504,-0.17834609746932983,-0.08765518665313721,-0.16429156064987183,-0.10737210512161255,-0.21518027782440186,-0.09247082471847534,-0.15752464532852173,-0.08146196603775024,-0.14081090688705444,-0.05250978469848633,-0.17433083057403564,-0.07071042060852051,-0.2227429747581482,-0.06262117624282837,-0.15436029434204102,-0.054556965827941895,-0.14375698566436768,-0.01637786626815796,-0.17347711324691772,-0.034127652645111084,-0.21941912174224854,-0.031088054180145264,-0.15054285526275635,-0.022222936153411865,-0.13810038566589355,0.022230207920074463,-0.16721266508102417,-0.0024393200874328613,-0.1919642686843872,-0.005009114742279053,-0.1452343463897705,0.004771828651428223,-0.13285315036773682
0,0.0,0.0,-0.06296026706695557,-0.038610994815826416,-0.10787814855575562,-0.11985468864440918,-0.09248733520507812,-0.18427526950836182,-0.05095779895782471,-0.1776578426361084,-0.08696568012237549,-0.16497397422790527,-0.10736340284347534,-0.21540778875350952,-0.09235608577728271,-0.15776020288467407,-0.0811724066734314,-0.1406174898147583,-0.0525439977645874,-0.1754665970802307,-0.07106637954711914,-0.22414857149124146,-0.061991214752197266,-0.15547943115234375,-0.05393517017364502,-0.14295387268066406,-0.016717255115509033,-0.17540806531906128,-0.03528153896331787,-0.22220385074615479,-0.030882179737091064,-0.15277588367462158,-0.021959364414215088,-0.137967050075531,0.021801769733428955,-0.16934049129486084,-0.0032573342323303223,-0.1958099603652954,-0.004931509494781494,-0.14859533309936523,0.0047689080238342285,-0.1343364715576172
0,0.0,0.0,-0.0639696717262268,-0.038520216941833496,-0.10744082927703857,-0.11749517917633057,-0.09136015176773071,-0.18035870790481567,-0.05027860403060913,-0.17427676916122437,-0.086128830909729,-0.16116201877593994,-0.10685968399047852,-0.212286114692688,-0.09282845258712769,-0.15637004375457764,-0.08109599351882935,-0.1386764645576477,-0.05210554599761963,-0.17177098989486694,-0.0704963207244873,-0.22150462865829468,-0.06239801645278931,-0.15490615367889404,-0.05310255289077759,-0.1416814923286438,-0.016553759574890137,-0.17169636487960815,-0.03460729122161865,-0.2193942666053772,-0.031252503395080566,-0.15186184644699097,-0.02163398265838623,-0.1362941861152649,0.02218794822692871,-0.1655218005180359,-0.0035479068756103516,-0.1922593116760254,-0.005803823471069336,-0.1461409330368042,0.00451284646987915,-0.1312277913093567
0,0.0,0.0,-0.06329232454299927,-0.03809618949890137,-0.10748463869094849,-0.11757737398147583,-0.09194296598434448,-0.1807047724723816,-0.051071345806121826,-0.17370086908340454,-0.0877041220664978,-0.1605415940284729,-0.10726672410964966,-0.2110549807548523,-0.09299838542938232,-0.154646098613739,-0.08223551511764526,-0.1364191770553589,-0.05332326889038086,-0.17124992609024048,-0.0712360143661499,-0.22027075290679932,-0.06254947185516357,-0.15316051244735718,-0.05436307191848755,-0.13962900638580322,-0.01741039752960205,-0.17145347595214844,-0.035183608531951904,-0.21847116947174072,-0.031164884567260742,-0.15073513984680176,-0.02256929874420166,-0.1352192759513855,0.02124708890914917,-0.16563421487808228,-0.0033434629440307617,-0.19127023220062256,-0.005189716815948486,-0.145277202129364,0.004300832748413086,-0.13117605447769165
0,0.0,0.0,-0.06374281644821167,-0.038580238819122314,-0.10740697383880615,-0.11736667156219482,-0.09170776605606079,-0.18084508180618286,-0.050647199153900146,-0.1742924451828003,-0.08733409643173218,-0.1607670783996582,-0.10699135065078735,-0.21090668439865112,-0.09323883056640625,-0.15561527013778687,-0.08212840557098389,-0.137798011302948,-0.0533677339553833,-0.1713889241218567,-0.07114905118942261,-0.22047686576843262,-0.0630459189414978,-0.15423423051834106,-0.054241955280303955,-0.1406683325767517,-0.017810046672821045,-0.17144173383712769,-0.03532397747039795,-0.21920281648635864,-0.03189206123352051,-0.1514594554901123,-0.02260679006576538,-0.1348741054534912,0.02080702781677246,-0.16514122486114502,-0.0041577816009521484,-0.19149261713027954,-0.006239354610443115,-0.145471453666687,0.0038322806358337402,-0.13045865297317505
0,0.0,0.0,-0.06381028890609741,-0.03891122341156006,-0.10704845190048218,-0.11827093362808228,-0.09149354696273804,-0.1816386580467224,-0.051005005836486816,-0.175689697265625,-0.0870429277420044,-0.16124194860458374,-0.10721111297607422,-0.21146434545516968,-0.09295773506164551,-0.1561405062675476,-0.08170008659362793,-0.13896197080612183,-0.05308794975280762,-0.1719578504562378,-0.0710638165473938,-0.22120290994644165,-0.06269747018814087,-0.15513306856155396,-0.053996503353118896,-0.14196181297302246,-0.017458677291870117,-0.1720796823501587,-0.035321056842803955,-0.21989130973815918,-0.03181082010269165,-0.15270060300827026,-0.02257227897644043,-0.13682550191879272,0.02130657434463501,-0.16628724336624146,-0.003929018974304199,-0.19249147176742554,-0.006166219711303711,-0.14685332775115967,0.003737211227416992,-0.1323314905166626
0,0.0,0.0,-0.06380796432495117,-0.03875523805618286,-0.10697156190872192,-0.11798441410064697,-0.091533362865448,-0.18012380599975586,-0.051207542419433594,-0.1730315089225769,-0.08598160743713379,-0.16035085916519165,-0.1066049337387085,-0.21072059869766235,-0.09255653619766235,-0.1558908224105835,-0.08091676235198975,-0.13706326484680176,-0.05270951986312866,-0.17083770036697388,-0.07082599401473999,-0.22058826684951782,-0.062142372131347656,-0.1546834111213684,-0.053089916706085205,-0.13918226957321167,-0.017397642135620117,-0.17105376720428467,-0.03507387638092041,-0.21909445524215698,-0.031405627727508545,-0.15222740173339844,-0.02224951982498169,-0.13437825441360474,0.0210685133934021,-0.1649411916732788,-0.004086852073669434,-0.1918821930885315,-0.006123900413513184,-0.14678120613098145,0.003878355026245117,-0.13120073080062866
0,0.0,0.0,-0.06277316808700562,-0.03672599792480469,-0.10602027177810669,-0.1142730712890625,-0.09144043922424316,-0.1759394407272339,-0.052219927310943604,-0.17038947343826294,-0.0878567099571228,-0.1574932336807251,-0.10727500915527344,-0.20650362968444824,-0.0930100679397583,-0.15211111307144165,-0.08193778991699219,-0.13420706987380981,-0.05465972423553467,-0.16900193691253662,-0.07214820384979248,-0.21648740768432617,-0.06311094760894775,-0.15185010433197021,-0.054271817207336426,-0.13886690139770508,-0.01957458257675171,-0.1698480248451233,-0.036876022815704346,-0.21404778957366943,-0.032429516315460205,-0.14856070280075073,-0.02339380979537964,-0.13406902551651,0.018588483333587646,-0.16456842422485352,-0.005610167980194092,-0.18896538019180298,-0.007140934467315674,-0.14404362440109253,0.002388477325439453,-0.13035917282104492
0,0.0,0.0,-0.06452566385269165,-0.038774192333221436,-0.10733294486999512,-0.11602169275283813,-0.09028935432434082,-0.17780673503875732,-0.04918390512466431,-0.1706758737564087,-0.08819723129272461,-0.15694522857666016,-0.10826188325881958,-0.20636218786239624,-0.09367209672927856,-0.15234428644180298,-0.08207041025161743,-0.13354414701461792,-0.055093348026275635,-0.16703051328659058,-0.07253342866897583,-0.21532154083251953,-0.06349354982376099,-0.15083742141723633,-0.05388057231903076,-0.13726180791854858,-0.020257890224456787,-0.16741961240768433,-0.036456406116485596,-0.21309369802474976,-0.03325343132019043,-0.14826643466949463,-0.024535953998565674,-0.1327260136604309,0.01724982261657715,-0.16222399473190308,-0.006144106388092041,-0.1880071759223938,-0.00874316692352295,-0.14364176988601685,0.0005930066108703613,-0.12905049324035645
0,0.0,0.0,-0.06290888786315918,-0.03864258527755737,-0.10576564073562622,-0.11637222766876221,-0.08902668952941895,-0.1779457926750183,-0.047436416149139404,-0.17004096508026123,-0.08769083023071289,-0.15743112564086914,-0.10709983110427856,-0.2063988447189331,-0.09260159730911255,-0.15267980098724365,-0.08128643035888672,-0.13398462533950806,-0.054495155811309814,-0.16753560304641724,-0.07154786586761475,-0.2161356806755066,-0.0625237226486206,-0.1517719030380249,-0.05345088243484497,-0.13828927278518677,-0.019407808780670166,-0.16767054796218872,-0.03466600179672241,-0.21207892894744873,-0.03159850835800171,-0.14752358198165894,-0.023730754852294922,-0.1326674222946167,0.018150746822357178,-0.1618267297744751,-0.004482924938201904,-0.18847966194152832,-0.007149398326873779,-0.14430564641952515,0.001641988754272461,-0.12950384616851807
0,0.0,0.0,-0.06458187103271484,-0.03891897201538086,-0.10606896877288818,-0.11656945943832397,-0.08867537975311279,-0.17857849597930908,-0.04909229278564453,-0.16964346170425415,-0.08859497308731079,-0.15411776304244995,-0.10669171810150146,-0.20580285787582397,-0.09134691953659058,-0.15328776836395264,-0.07956582307815552,-0.1327928900718689,-0.055863022804260254,-0.1629074215888977,-0.07019585371017456,-0.2122446894645691,-0.06115877628326416,-0.1489049196243286,-0.05353313684463501,-0.1352154016494751,-0.021346569061279297,-0.16339081525802612,-0.033634841442108154,-0.21112382411956787,-0.03153866529464722,-0.14716708660125732,-0.025147438049316406,-0.13094228506088257,0.015356302261352539,-0.1589563488960266,-0.0027674436569213867,-0.18685287237167358,-0.007114231586456299,-0.14352953433990479,-0.0004627108573913574,-0.1283881664276123
0,0.0,0.0,-0.061745285987854004,-0.0406794548034668,-0.10135865211486816,-0.11704903841018677,-0.08222949504852295,-0.1774781346321106,-0.04281020164489746,-0.16796451807022095,-0.08827567100524902,-0.14843297004699707,-0.10496115684509277,-0.20359915494918823,-0.08873826265335083,-0.15310901403427124,-0.077472984790802,-0.12895190715789795,-0.05549067258834839,-0.15824544429779053,-0.06728053092956543,-0.21025919914245605,-0.0568198561668396,-0.14984017610549927,-0.04995471239089966,-0.1322486400604248,-0.01995617151260376,-0.1602732539176941,-0.029150664806365967,-0.21171748638153076,-0.025645136833190918,-0.1507575511932373,-0.020355701446533203,-0.13134688138961792,0.017269611358642578,-0.1569596529006958,0.0043697357177734375,-0.18697845935821533,0.0003981590270996094,-0.14644461870193481,0.0057724714279174805,-0.13016760349273682
0,0.0,0.0,-0.06087160110473633,-0.038554370403289795,-0.10020869970321655,-0.11614245176315308,-0.07949709892272949,-0.17682695388793945,-0.03778892755508423,-0.1644589900970459,-0.08870422840118408,-0.15025275945663452,-0.10374569892883301,-0.20419001579284668,-0.08851778507232666,-0.1501253843307495,-0.07856440544128418,-0.1292138695716858,-0.054810166358947754,-0.15914922952651978,-0.06657999753952026,-0.20906740427017212,-0.0574723482131958,-0.1455642580986023,-0.05189317464828491,-0.13366824388504028,-0.0190809965133667,-0.159665048122406,-0.028120815753936768,-0.20733261108398438,-0.025947153568267822,-0.14427924156188965,-0.02172994613647461,-0.1307247281074524,0.017986536026000977,-0.15523332357406616,0.0035701394081115723,-0.18263018131256104,-0.0005738735198974609,-0.14082962274551392,0.004944026470184326,-0.12780070304870605
0,0.0,0.0,-0.05920088291168213,-0.03758275508880615,-0.09742969274520874,-0.11279773712158203,-0.07674545049667358,-0.17285102605819702,-0.03703278303146362,-0.16405963897705078,-0.0878874659538269,-0.14863920211791992,-0.10209763050079346,-0.20210880041122437,-0.08760899305343628,-0.15029585361480713,-0.0775333046913147,-0.12844377756118774,-0.05407893657684326,-0.1576913595199585,-0.06468468904495239,-0.20706278085708618,-0.05649888515472412,-0.14586424827575684,-0.050959885120391846,-0.13281464576721191,-0.0184747576713562,-0.15803909301757812,-0.0260964035987854,-0.20594745874404907,-0.024638473987579346,-0.14352643489837646,-0.020970165729522705,-0.12812840938568115,0.018505394458770752,-0.15292507410049438,0.00541156530380249,-0.18001806735992432,0.0007933974266052246,-0.138671875,0.005288481712341309,-0.12558001279830933
0,0.0,0.0,-0.059197843074798584,-0.0353696346282959,-0.09758585691452026,-0.10935473442077637,-0.07960575819015503,-0.17159217596054077,-0.03955298662185669,-0.16580229997634888,-0.08821624517440796,-0.14540517330169678,-0.10125499963760376,-0.19940847158432007,-0.08731603622436523,-0.14896231889724731,-0.07811766862869263,-0.12792986631393433,-0.05432236194610596,-0.15573012828826904,-0.06466984748840332,-0.205974280834198,-0.05599886178970337,-0.14559823274612427,-0.05055910348892212,-0.13205593824386597,-0.01947915554046631,-0.15667426586151123,-0.02734142541885376,-0.2047208547592163,-0.02524656057357788,-0.14368772506713867,-0.021577894687652588,-0.12797576189041138,0.017313659191131592,-0.1521933674812317,0.0044211745262146,-0.18103742599487305,0.0004137754440307617,-0.14033794403076172,0.0045615434646606445,-0.1265249252319336
0,0.0,0.0,-0.05901676416397095,-0.03683823347091675,-0.0958395004272461,-0.11009001731872559,-0.07637083530426025,-0.1706176996231079,-0.03728842735290527,-0.16198235750198364,-0.08749759197235107,-0.1460149884223938,-0.10036355257034302,-0.20033323764801025,-0.0864495038986206,-0.14920461177825928,-0.07714956998825073,-0.1269344687461853,-0.0538480281829834,-0.15509074926376343,-0.06424230337142944,-0.20502299070358276,-0.05614948272705078,-0.14480584859848022,-0.05094552040100098,-0.131691575050354,-0.01874673366546631,-0.1554434895515442,-0.02630436420440674,-0.20403075218200684,-0.02501499652862549,-0.14247620105743408,-0.02145850658416748,-0.12625598907470703,0.01785421371459961,-0.15066778659820557,0.005035459995269775,-0.17895030975341797,0.00011855363845825195,-0.13874250650405884,0.004367947578430176,-0.1250385046005249
0,0.0,0.0,-0.058679819107055664,-0.03660863637924194,-0.09620803594589233,-0.11194247007369995,-0.07689511775970459,-0.1731303334236145,-0.03774744272232056,-0.16420674324035645,-0.0868983268737793,-0.14798575639724731,-0.09981703758239746,-0.20107954740524292,-0.08597558736801147,-0.14971435070037842,-0.07689011096954346,-0.12887144088745117,-0.05291789770126343,-0.15763235092163086,-0.06336605548858643,-0.20648956298828125,-0.055641889572143555,-0.14619237184524536,-0.05046182870864868,-0.13456571102142334,-0.017908215522766113,-0.1579601764678955,-0.02550339698791504,-0.2046346664428711,-0.02440410852432251,-0.14349377155303955,-0.020853281021118164,-0.12968558073043823,0.01882237195968628,-0.15319126844406128,0.005940079689025879,-0.17987751960754395,0.0015125274658203125,-0.1393963098526001,0.006041824817657471,-0.12740570306777954
0,0.0,0.0,-0.0592464804649353,-0.035207509994506836,-0.09753286838531494,-0.10874229669570923,-0.07844781875610352,-0.1705530881881714,-0.03898495435714722,-0.16341543197631836,-0.08772611618041992,-0.1464746594429016,-0.10058647394180298,-0.20016521215438843,-0.08721327781677246,-0.14870405197143555,-0.07817709445953369,-0.12691539525985718,-0.0537104606628418,-0.15576565265655518,-0.06458425521850586,-0.20563310384750366,-0.05706906318664551,-0.14446473121643066,-0.05188560485839844,-0.1319795846939087,-0.01863342523574829,-0.15643960237503052,-0.026455700397491455,-0.20463311672210693,-0.025627195835113525,-0.14207148551940918,-0.022150814533233643,-0.12711095809936523,0.018226265907287598,-0.1522291898727417,0.005200028419494629,-0.17921048402786255,0.000418245792388916,-0.13781166076660156,0.004720211029052734,-0.12509828805923462
0,0.0,0.0,-0.05804884433746338,-0.03645479679107666,-0.09667384624481201,-0.10973852872848511,-0.0797123908996582,-0.1687219738960266,-0.039008498191833496,-0.16193723678588867,-0.08709836006164551,-0.14443045854568481,-0.1014440655708313,-0.19807285070419312,-0.08754903078079224,-0.14722740650177002,-0.0785871148109436,-0.12511688470840454,-0.053588151931762695,-0.1544923186302185,-0.06532353162765503,-0.205122172832489,-0.056008219718933105,-0.14510339498519897,-0.04981118440628052,-0.13021808862686157,-0.018414616584777832,-0.15521520376205444,-0.027977705001831055,-0.2027720808982849,-0.02508455514907837,-0.14279907941818237,-0.020601093769073486,-0.1263676881790161,0.01878952980041504,-0.15066945552825928,0.003729522228240967,-0.1796245574951172,0.00034606456756591797,-0.13967424631118774,0.005498051643371582,-0.12468290328979492
0,0.0,0.0,-0.056796133518218994,-0.030266523361206055,-0.09494882822036743,-0.09633171558380127,-0.08094191551208496,-0.15683719515800476,-0.04264920949935913,-0.15671119093894958,-0.08378726243972778,-0.12963169813156128,-0.09937238693237305,-0.18353909254074097,-0.08574092388153076,-0.1377224624156952,-0.07666891813278198,-0.11415326595306396,-0.05222749710083008,-0.1402575969696045,-0.06459450721740723,-0.19253477454185486,-0.05457746982574463,-0.1368216574192047,-0.049130797386169434,-0.11638760566711426,-0.01892751455307007,-0.1435891091823578,-0.02945840358734131,-0.19476205110549927,-0.025168120861053467,-0.137140691280365,-0.021818339824676514,-0.11323374509811401,0.016639411449432373,-0.14135324954986572,0.002344667911529541,-0.17493987083435059,-0.0003768801689147949,-0.1354183554649353,0.0030699968338012695,-0.11498332023620605
0,0.0,0.0,-0.05685460567474365,-0.0310976505279541,-0.09420555830001831,-0.09527111053466797,-0.07983046770095825,-0.15459182858467102,-0.041602253913879395,-0.15658366680145264,-0.08259201049804688,-0.12638533115386963,-0.09817123413085938,-0.17967131733894348,-0.08595550060272217,-0.13463109731674194,-0.07767820358276367,-0.11119738221168518,-0.05138593912124634,-0.13772395253181458,-0.06455022096633911,-0.1907494068145752,-0.055828630924224854,-0.1357526183128357,-0.05003643035888672,-0.11470699310302734,-0.01851421594619751,-0.14205226302146912,-0.03053450584411621,-0.1937841773033142,-0.027190744876861572,-0.13643312454223633,-0.023288249969482422,-0.11174681782722473,0.01670551300048828,-0.14056500792503357,3.0279159545898438e-05,-0.17431971430778503,-0.002738475799560547,-0.13562911748886108,0.0017438530921936035,-0.11502599716186523
0,0.0,0.0,-0.05822199583053589,-0.031454622745513916,-0.09554481506347656,-0.09708091616630554,-0.08195680379867554,-0.15911272168159485,-0.044829487800598145,-0.16084963083267212,-0.08313888311386108,-0.1279906928539276,-0.100943922996521,-0.1813051998615265,-0.08746814727783203,-0.1360343098640442,-0.07743847370147705,-0.11351388692855835,-0.05216836929321289,-0.13877281546592712,-0.0667542815208435,-0.192550927400589,-0.05714142322540283,-0.13554608821868896,-0.050269365310668945,-0.11485213041305542,-0.019524574279785156,-0.14307957887649536,-0.032914578914642334,-0.19680309295654297,-0.028976500034332275,-0.13669705390930176,-0.02349609136581421,-0.1114284098148346,0.015722572803497314,-0.14225846529006958,-0.001952826976776123,-0.1785685420036316,-0.004947781562805176,-0.13791659474372864,0.00030153989791870117,-0.11566799879074097
0,0.0,0.0,-0.058640122413635254,-0.030453741550445557,-0.09591078758239746,-0.09511682391166687,-0.08098769187927246,-0.15734153985977173,-0.04308629035949707,-0.15902069211006165,-0.08389401435852051,-0.12950530648231506,-0.10089731216430664,-0.18034863471984863,-0.0871397852897644,-0.13415035605430603,-0.07652848958969116,-0.11289894580841064,-0.05219292640686035,-0.13981592655181885,-0.06714832782745361,-0.19247275590896606,-0.05797421932220459,-0.1343831717967987,-0.050494253635406494,-0.11633434891700745,-0.019047915935516357,-0.14335516095161438,-0.03190720081329346,-0.19508770108222961,-0.028754055500030518,-0.13333401083946228,-0.023166358470916748,-0.11113297939300537,0.01666039228439331,-0.1417384147644043,-0.000815272331237793,-0.17460346221923828,-0.004081010818481445,-0.1331031620502472,0.0014743804931640625,-0.11382770538330078
0,0.0,0.0,-0.05799311399459839,-0.03190582990646362,-0.09527140855789185,-0.097185879945755,-0.08118665218353271,-0.15857285261154175,-0.043091416358947754,-0.1600399613380432,-0.08359009027481079,-0.13084086775779724,-0.10151731967926025,-0.18191799521446228,-0.08782219886779785,-0.13531577587127686,-0.07715660333633423,-0.11462634801864624,-0.05226445198059082,-0.14166921377182007,-0.06813526153564453,-0.19362053275108337,-0.0590592622756958,-0.13496431708335876,-0.051102280616760254,-0.11795583367347717,-0.019178569316864014,-0.14519146084785461,-0.03275012969970703,-0.196806401014328,-0.029941916465759277,-0.13509413599967957,-0.023865938186645508,-0.11416661739349365,0.016512691974639893,-0.14351460337638855,-0.0018175840377807617,-0.17572566866874695,-0.005414843559265137,-0.1341831088066101,0.0004830360412597656,-0.11535939574241638
0,0.0,0.0,-0.058053016662597656,-0.03269404172897339,-0.0963243842124939,-0.0982934832572937,-0.0818217396736145,-0.1585729420185089,-0.04386872053146362,-0.1594889760017395,-0.08470416069030762,-0.12985241413116455,-0.10308510065078735,-0.181995689868927,-0.08861440420150757,-0.1354176104068756,-0.07844364643096924,-0.11541122198104858,-0.05351763963699341,-0.14161136746406555,-0.06953579187393188,-0.1933564841747284,-0.05998903512954712,-0.13587576150894165,-0.0528256893157959,-0.12007662653923035,-0.02052074670791626,-0.14569631218910217,-0.03509354591369629,-0.19786792993545532,-0.031008899211883545,-0.1368192732334137,-0.024906158447265625,-0.11653971672058105,0.015090405941009521,-0.14456972479820251,-0.003881096839904785,-0.1771770417690277,-0.006078243255615234,-0.13559475541114807,0.0004348158836364746,-0.11677676439285278
0,0.0,0.0,-0.05874013900756836,-0.0312882661819458,-0.09848731756210327,-0.09731888771057129,-0.08538240194320679,-0.1574937105178833,-0.04769927263259888,-0.15781927108764648,-0.08481776714324951,-0.13286754488945007,-0.10465365648269653,-0.1807781457901001,-0.0901566743850708,-0.13319402933120728,-0.07879990339279175,-0.11579999327659607,-0.054197072982788086,-0.14453712105751038,-0.07153594493865967,-0.1931089162826538,-0.06196105480194092,-0.13406521081924438,-0.053198158740997314,-0.12062039971351624,-0.021583974361419678,-0.14821341633796692,-0.03794229030609131,-0.19752556085586548,-0.033492207527160645,-0.13554611802101135,-0.025166332721710205,-0.11806237697601318,0.014217138290405273,-0.14670664072036743,-0.007424473762512207,-0.17692884802818298,-0.009155631065368652,-0.13457974791526794,-0.0007325410842895508,-0.1175709068775177
0,0.0,0.0,-0.05835115909576416,-0.030499160289764404,-0.09964656829833984,-0.09704267978668213,-0.08737057447433472,-0.15484502911567688,-0.04844385385513306,-0.15413552522659302,-0.0841454267501831,-0.13350486755371094,-0.10316801071166992,-0.17880350351333618,-0.08802574872970581,-0.13117456436157227,-0.07673472166061401,-0.11573255062103271,-0.054009437561035156,-0.14478054642677307,-0.07002115249633789,-0.1917988657951355,-0.06059908866882324,-0.13283056020736694,-0.05269777774810791,-0.12094014883041382,-0.021867871284484863,-0.14819201827049255,-0.036546170711517334,-0.19567883014678955,-0.032550275325775146,-0.13485762476921082,-0.025249123573303223,-0.11941790580749512,0.013249099254608154,-0.14636990427970886,-0.007232487201690674,-0.17491969466209412,-0.008991658687591553,-0.1338004469871521,-0.0011001229286193848,-0.11881035566329956
0,0.0,0.0,-0.058794379234313965,-0.028308987617492676,-0.1004176139831543,-0.09277880191802979,-0.0881953239440918,-0.1488667130470276,-0.04955857992172241,-0.14895391464233398,-0.08344924449920654,-0.13114294409751892,-0.10343331098556519,-0.17232024669647217,-0.087638258934021,-0.12629303336143494,-0.07574594020843506,-0.10943979024887085,-0.05355536937713623,-0.14213326573371887,-0.06920737028121948,-0.18687349557876587,-0.05999833345413208,-0.12905028462409973,-0.052456438541412354,-0.11406746506690979,-0.02157294750213623,-0.14486247301101685,-0.036077916622161865,-0.18986356258392334,-0.032302021980285645,-0.13109073042869568,-0.025742411613464355,-0.11396068334579468,0.013606071472167969,-0.14245441555976868,-0.006610095500946045,-0.17015159130096436,-0.008211195468902588,-0.1297554075717926,-0.0008683204650878906,-0.1136082112789154
0,0.0,0.0,-0.059099435806274414,-0.01464572548866272,-0.10047739744186401,-0.06956353783607483,-0.09591275453567505,-0.12482300400733948,-0.06697452068328857,-0.13821706175804138,-0.08165866136550903,-0.11061805486679077,-0.09932565689086914,-0.14859774708747864,-0.08739566802978516,-0.10941502451896667,-0.07627934217453003,-0.08951729536056519,-0.054724693298339844,-0.12401044368743896,-0.072223961353302,-0.16498735547065735,-0.06284397840499878,-0.1142788827419281,-0.052847206592559814,-0.0930146872997284,-0.026396989822387695,-0.1309528350830078,-0.045924365520477295,-0.16978907585144043,-0.03894245624542236,-0.11557656526565552,-0.02917081117630005,-0.09146547317504883,0.006312549114227295,-0.13271543383598328,-0.01819711923599243,-0.1580330729484558,-0.016571640968322754,-0.12019598484039307,-0.007261395454406738,-0.100516676902771
0,0.0,0.0,-0.05860775709152222,-0.012580692768096924,-0.09876486659049988,-0.05865663290023804,-0.10061940550804138,-0.1133558452129364,-0.0736154317855835,-0.13071638345718384,-0.07686597108840942,-0.10218283534049988,-0.09778264164924622,-0.1365046501159668,-0.08806395530700684,-0.10144758224487305,-0.07376348972320557,-0.08497163653373718,-0.0540851354598999,-0.11569961905479431,-0.07607269287109375,-0.15738630294799805,-0.06683376431465149,-0.10607928037643433,-0.051458537578582764,-0.08710438013076782,-0.028772354125976562,-0.12587320804595947,-0.05280214548110962,-0.16700032353401184,-0.04544943571090698,-0.1113356351852417,-0.029816627502441406,-0.08752691745758057,0.0019669532775878906,-0.13158589601516724,-0.02603757381439209,-0.15981292724609375,-0.02499103546142578,-0.12079378962516785,-0.011629104614257812,-0.10097473859786987
0,0.0,0.0,-0.05672752857208252,-0.014303416013717651,-0.09686782956123352,-0.06292572617530823,-0.09528583288192749,-0.11761385202407837,-0.06634089350700378,-0.13259536027908325,-0.07601422071456909,-0.1016668975353241,-0.0984342098236084,-0.13858968019485474,-0.08743971586227417,-0.0991622805595398,-0.07309457659721375,-0.08098742365837097,-0.052257001399993896,-0.1153673529624939,-0.07512632012367249,-0.15803298354148865,-0.06443604826927185,-0.10516580939292908,-0.04891401529312134,-0.08511278033256531,-0.02614051103591919,-0.1257123351097107,-0.051210224628448486,-0.16807496547698975,-0.042337894439697266,-0.11105319857597351,-0.026441872119903564,-0.08574250340461731,0.005505681037902832,-0.13210037350654602,-0.02382659912109375,-0.1590767204761505,-0.02164912223815918,-0.1192399263381958,-0.007996201515197754,-0.09764513373374939
0,0.0,0.0,-0.056865036487579346,-0.018379300832748413,-0.10070908069610596,-0.07293501496315002,-0.0953056812286377,-0.12735983729362488,-0.062213778495788574,-0.13615673780441284,-0.08396375179290771,-0.10521435737609863,-0.10329008102416992,-0.14262929558753967,-0.08839398622512817,-0.10855630040168762,-0.07618725299835205,-0.08888399600982666,-0.05757284164428711,-0.11981093883514404,-0.07422149181365967,-0.16305026412010193,-0.06059795618057251,-0.11550286412239075,-0.05032306909561157,-0.09138736128807068,-0.02880537509918213,-0.12864112854003906,-0.04576003551483154,-0.17005160450935364,-0.0360257625579834,-0.12028369307518005,-0.027840077877044678,-0.0942416787147522,0.002618849277496338,-0.13161718845367432,-0.0166589617729187,-0.16211435198783875,-0.01493304967880249,-0.12603646516799927,-0.008306443691253662,-0.10411828756332397
0,0.0,0.0,-0.05689364671707153,-0.0260067880153656,-0.09691345691680908,-0.08462414145469666,-0.08617168664932251,-0.1422382891178131,-0.05219751596450806,-0.14855441451072693,-0.08322083950042725,-0.11818793416023254,-0.10569554567337036,-0.16173511743545532,-0.08856701850891113,-0.12184828519821167,-0.07448327541351318,-0.1018267273902893,-0.055210113525390625,-0.13083943724632263,-0.07254356145858765,-0.1775701940059662,-0.0600053071975708,-0.12395364046096802,-0.050379037857055664,-0.10285598039627075,-0.024989545345306396,-0.13693708181381226,-0.04036957025527954,-0.1857382357120514,-0.033223867416381836,-0.1274246871471405,-0.025275349617004395,-0.10036900639533997,0.008246362209320068,-0.13714325428009033,-0.01004725694656372,-0.17021948099136353,-0.010823488235473633,-0.13052910566329956,-0.004252910614013672,-0.10843271017074585
0,0.0,0.0,-0.05713188648223877,-0.02687889337539673,-0.09583473205566406,-0.08641138672828674,-0.08530652523040771,-0.14635765552520752,-0.05033707618713379,-0.1504606008529663,-0.08317023515701294,-0.11843135952949524,-0.10384863615036011,-0.16420632600784302,-0.08785992860794067,-0.12338060140609741,-0.07476866245269775,-0.10405656695365906,-0.05426591634750366,-0.13115385174751282,-0.07086420059204102,-0.17933768033981323,-0.05962216854095459,-0.1249118447303772,-0.050116121768951416,-0.10512042045593262,-0.023538053035736084,-0.13728606700897217,-0.03790438175201416,-0.1862867772579193,-0.03258293867111206,-0.12695419788360596,-0.02480947971343994,-0.1009252667427063,0.009922564029693604,-0.1375025510787964,-0.007972478866577148,-0.17046356201171875,-0.010431468486785889,-0.13098812103271484,-0.004109680652618408,-0.10972049832344055
0,0.0,0.0,0.04812580347061157,-0.05126100778579712,0.05021852254867554,-0.10737735033035278,0.029785990715026855,-0.140875905752182,0.00473254919052124,-0.14763185381889343,0.04304748773574829,-0.1767074465751648,0.034059226512908936,-0.17167165875434875,0.031397104263305664,-0.14621546864509583,0.03192329406738281,-0.12724167108535767,0.0036594271659851074,-0.18187016248703003,0.0017397403717041016,-0.1641768217086792,0.0015932321548461914,-0.1366577446460724,0.004335343837738037,-0.11518222093582153,-0.030740082263946533,-0.1640017330646515,-0.02962362766265869,-0.14432397484779358,-0.024893224239349365,-0.11956951022148132,-0.02101796865463257,-0.09858232736587524,-0.06107616424560547,-0.13816675543785095,-0.05801182985305786,-0.1231837272644043,-0.051626622676849365,-0.09949597716331482,-0.047312796115875244,-0.07988056540489197
0,0.0,0.0,0.04686152935028076,-0.052301645278930664,0.04915505647659302,-0.10681650042533875,0.028456449508666992,-0.13978317379951477,0.00396496057510376,-0.14424243569374084,0.040272414684295654,-0.17836037278175354,0.03378152847290039,-0.16958379745483398,0.031035900115966797,-0.142607182264328,0.03006523847579956,-0.12497568130493164,0.0009947419166564941,-0.18026131391525269,0.0015397071838378906,-0.1631144881248474,0.0015434026718139648,-0.13545674085617065,0.0028672218322753906,-0.11577880382537842,-0.032588839530944824,-0.15995892882347107,-0.030087530612945557,-0.14326775074005127,-0.024543285369873047,-0.11883065104484558,-0.020924270153045654,-0.09892195463180542,-0.06202363967895508,-0.13220715522766113,-0.05768477916717529,-0.1245909035205841,-0.05038565397262573,-0.10285830497741699,-0.04587233066558838,-0.08444482088088989
0,0.0,0.0,0.04709279537200928,-0.05006524920463562,0.04785418510437012,-0.10261961817741394,0.02705162763595581,-0.13497591018676758,0.0033292174339294434,-0.14077836275100708,0.040444791316986084,-0.17193090915679932,0.032651662826538086,-0.1648539900779724,0.03005671501159668,-0.13901305198669434,0.029889464378356934,-0.12141746282577515,0.0013897418975830078,-0.17490607500076294,0.0010134577751159668,-0.1584090292453766,0.0006102323532104492,-0.13102984428405762,0.0026221871376037598,-0.11166447401046753,-0.03213769197463989,-0.1562291383743286,-0.03033989667892456,-0.13891512155532837,-0.025547146797180176,-0.11407867074012756,-0.021966397762298584,-0.09460476040840149,-0.062185049057006836,-0.12975576519966125,-0.05807197093963623,-0.11873370409011841,-0.05164015293121338,-0.09606978297233582,-0.04722797870635986,-0.07801386713981628
0,0.0,0.0,0.04507201910018921,-0.05173864960670471,0.045985400676727295,-0.10309207439422607,0.02583324909210205,-0.13342511653900146,0.003196418285369873,-0.13886097073554993,0.03962254524230957,-0.1684505045413971,0.02932417392730713,-0.1651848554611206,0.026126503944396973,-0.13879406452178955,0.026539504528045654,-0.12011346220970154,0.0012983083724975586,-0.17146757245063782,-0.0008058547973632812,-0.15809044241905212,-0.0013709664344787598,-0.13092762231826782,0.001149296760559082,-0.11041387915611267,-0.031884849071502686,-0.1531391143798828,-0.03135347366333008,-0.1375037133693695,-0.027378559112548828,-0.11257806420326233,-0.023343980312347412,-0.09278866648674011,-0.061314523220062256,-0.12681177258491516,-0.05856764316558838,-0.11709427833557129,-0.05256932973861694,-0.09412947297096252,-0.04783761501312256,-0.07599389553070068
0,0.0,0.0,0.039166271686553955,-0.05473378300666809,0.0416407585144043,-0.10459098219871521,0.022180378437042236,-0.13166773319244385,-0.0010614991188049316,-0.1372755467891693,0.03784269094467163,-0.16792842745780945,0.024265527725219727,-0.163487046957016,0.0206415057182312,-0.13731533288955688,0.02257084846496582,-0.11860150098800659,0.0010686516761779785,-0.1725746989250183,-0.005409955978393555,-0.1578041911125183,-0.006739556789398193,-0.1317267119884491,-0.002679169178009033,-0.11143869161605835,-0.03218722343444824,-0.1554204225540161,-0.034911155700683594,-0.140330970287323,-0.03216350078582764,-0.11585107445716858,-0.026470541954040527,-0.0961453914642334,-0.06133371591567993,-0.12965476512908936,-0.06194639205932617,-0.12006834149360657,-0.05737942457199097,-0.09685072302818298,-0.05252254009246826,-0.07835191488265991
0,0.0,0.0,0.0400729775428772,-0.05535063147544861,0.0400773286819458,-0.10561245679855347,0.02059262990951538,-0.13239341974258423,-0.002557516098022461,-0.13720232248306274,0.03687673807144165,-0.167555034160614,0.024821877479553223,-0.16395968198776245,0.021311283111572266,-0.13740938901901245,0.022694647312164307,-0.11912104487419128,-0.00030541419982910156,-0.1720471978187561,-0.004139542579650879,-0.1589246392250061,-0.005371570587158203,-0.13216441869735718,-0.002285599708557129,-0.11174410581588745,-0.03331238031387329,-0.15475916862487793,-0.03385227918624878,-0.1401483416557312,-0.03056633472442627,-0.11534664034843445,-0.025755584239959717,-0.0952455997467041,-0.06230485439300537,-0.12916025519371033,-0.06057971715927124,-0.12072023749351501,-0.05504608154296875,-0.09794929623603821,-0.050035953521728516,-0.07905900478363037
0,0.0,0.0,0.03840148448944092,-0.05633452534675598,0.039606571197509766,-0.10765132308006287,0.020017504692077637,-0.13505321741104126,-0.0036940574645996094,-0.1401253342628479,0.03683280944824219,-0.16964676976203918,0.02337646484375,-0.16690069437026978,0.019635021686553955,-0.14005506038665771,0.02127683162689209,-0.12074559926986694,-0.00023126602172851562,-0.17509576678276062,-0.006137192249298096,-0.16080862283706665,-0.007524430751800537,-0.13396087288856506,-0.003775298595428467,-0.11330753564834595,-0.033416152000427246,-0.15848475694656372,-0.03616684675216675,-0.14275869727134705,-0.032812535762786865,-0.11798888444900513,-0.027110517024993896,-0.09803086519241333,-0.0628427267074585,-0.13325712084770203,-0.06301760673522949,-0.12175789475440979,-0.05758976936340332,-0.09852933883666992,-0.05236762762069702,-0.08010056614875793
0,0.0,0.0,0.03647369146347046,-0.05661627650260925,0.03688448667526245,-0.10707804560661316,0.017236649990081787,-0.13328391313552856,-0.006164848804473877,-0.13918176293373108,0.034912824630737305,-0.1702706217765808,0.020174384117126465,-0.16602861881256104,0.0165557861328125,-0.138791024684906,0.018790006637573242,-0.12030845880508423,-0.001849830150604248,-0.17514461278915405,-0.008769094944000244,-0.16059356927871704,-0.010352790355682373,-0.13350015878677368,-0.006213784217834473,-0.11317369341850281,-0.035028040409088135,-0.15829527378082275,-0.03878527879714966,-0.1430845856666565,-0.03605306148529053,-0.11787968873977661,-0.029845237731933594,-0.09822702407836914,-0.0639541745185852,-0.13302811980247498,-0.06498968601226807,-0.12302488088607788,-0.060294926166534424,-0.09937942028045654,-0.054952800273895264,-0.08076325058937073
0,0.0,0.0,0.03838235139846802,-0.05591392517089844,0.03877681493759155,-0.10659328103065491,0.018504679203033447,-0.13299894332885742,-0.0054056644439697266,-0.13696002960205078,0.036600589752197266,-0.16714471578598022,0.02203953266143799,-0.16404026746749878,0.018481016159057617,-0.13801643252372742,0.020564138889312744,-0.11954769492149353,1.704692840576172e-05,-0.17279532551765442,-0.007279753684997559,-0.15898150205612183,-0.008864343166351318,-0.13300025463104248,-0.004699289798736572,-0.11314833164215088,-0.0329095721244812,-0.15635350346565247,-0.037040770053863525,-0.14173337817192078,-0.03418165445327759,-0.11745107173919678,-0.028502225875854492,-0.09822943806648254,-0.06205517053604126,-0.1314053237438202,-0.06344085931777954,-0.12127918004989624,-0.0585629940032959,-0.09838888049125671,-0.05327463150024414,-0.08004242181777954
0,0.0,0.0,0.037556231021881104,-0.05628001689910889,0.03830987215042114,-0.10769817233085632,0.018529832363128662,-0.13323074579238892,-0.005141854286193848,-0.13732406497001648,0.03593015670776367,-0.16686466336250305,0.02309703826904297,-0.16618004441261292,0.01916337013244629,-0.14066249132156372,0.021067142486572266,-0.1223381757736206,-0.0005412101745605469,-0.1732608675956726,-0.006028115749359131,-0.16009521484375,-0.0075907111167907715,-0.1339218020439148,-0.003540635108947754,-0.11453881859779358,-0.03310704231262207,-0.15723881125450134,-0.0357670783996582,-0.14222776889801025,-0.03276419639587402,-0.11745485663414001,-0.02720576524734497,-0.09883436560630798,-0.06185656785964966,-0.1326223611831665,-0.06156414747238159,-0.12250810861587524,-0.05677312612533569,-0.099810391664505,-0.051874756813049316,-0.08201795816421509
0,0.0,0.0,0.037784576416015625,-0.05653533339500427,0.037483274936676025,-0.10674861073493958,0.01833266019821167,-0.13308176398277283,-0.00529932975769043,-0.13695555925369263,0.03572303056716919,-0.1670360565185547,0.022278308868408203,-0.1648903489112854,0.0181502103805542,-0.13898199796676636,0.020141422748565674,-0.12030458450317383,-0.001233518123626709,-0.172821044921875,-0.00739288330078125,-0.15961933135986328,-0.009195864200592041,-0.13309863209724426,-0.004811346530914307,-0.11281964182853699,-0.033978283405303955,-0.15621519088745117,-0.03727304935455322,-0.14142319560050964,-0.03419595956802368,-0.11651983857154846,-0.028105556964874268,-0.09689334034919739,-0.0628088116645813,-0.13097769021987915,-0.06321913003921509,-0.11992946267127991,-0.058186471462249756,-0.09671872854232788,-0.05248141288757324,-0.07802349328994751
0,0.0,0.0,0.03672605752944946,-0.05761036276817322,0.03611195087432861,-0.10843318700790405,0.016579091548919678,-0.1327756643295288,-0.0075678229331970215,-0.13639652729034424,0.034430861473083496,-0.1674104630947113,0.02244102954864502,-0.1629953384399414,0.019123971462249756,-0.1370534896850586,0.020292997360229492,-0.11891508102416992,-0.0017965435981750488,-0.17205706238746643,-0.0067206621170043945,-0.15730419754981995,-0.008100032806396484,-0.13130581378936768,-0.005177557468414307,-0.11157876253128052,-0.03442561626434326,-0.1550273597240448,-0.03651547431945801,-0.14034554362297058,-0.0334811806678772,-0.1159791648387909,-0.02851128578186035,-0.09643656015396118,-0.06287878751754761,-0.12948626279830933,-0.061939537525177,-0.11897996068000793,-0.0568697452545166,-0.09609213471412659,-0.05256211757659912,-0.07727000117301941
0,0.0,0.0,0.03631550073623657,-0.05739966034889221,0.03668922185897827,-0.1069500744342804,0.0171014666557312,-0.13078677654266357,-0.0064505934715271,-0.13474154472351074,0.034422099590301514,-0.16463357210159302,0.020334899425506592,-0.16301143169403076,0.015757203102111816,-0.13689056038856506,0.01762622594833374,-0.11723873019218445,-0.002011239528656006,-0.1696845293045044,-0.009110867977142334,-0.156899094581604,-0.011072635650634766,-0.13082075119018555,-0.00664973258972168,-0.10985538363456726,-0.03479558229446411,-0.15325936675071716,-0.038829267024993896,-0.13893190026283264,-0.036159634590148926,-0.11401316523551941,-0.02969968318939209,-0.09389275312423706,-0.06346285343170166,-0.1281225085258484,-0.06441235542297363,-0.11650988459587097,-0.059492647647857666,-0.09262332320213318,-0.05375748872756958,-0.0738222599029541
0,0.0,0.0,0.04560011625289917,-0.051702916622161865,0.04380524158477783,-0.10651859641075134,0.02263122797012329,-0.1363239288330078,-0.0031318068504333496,-0.13973581790924072,0.029948770999908447,-0.17287588119506836,0.028933465480804443,-0.16461396217346191,0.02835702896118164,-0.13938939571380615,0.025547027587890625,-0.12230125069618225,-0.006909549236297607,-0.17294535040855408,-0.002893388271331787,-0.15537580847740173,0.00028437376022338867,-0.12930095195770264,0.0016649365425109863,-0.11005038022994995,-0.037980735301971436,-0.15173783898353577,-0.03140115737915039,-0.1368083655834198,-0.024255096912384033,-0.11458224058151245,-0.021070897579193115,-0.09418654441833496,-0.06415486335754395,-0.12403836846351624,-0.056755125522613525,-0.1142115592956543,-0.04909062385559082,-0.09412321448326111,-0.045687735080718994,-0.07615646719932556
0,0.0,0.0,0.026178181171417236,-0.0646761953830719,0.019618570804595947,-0.11434531211853027,-0.001985490322113037,-0.13604941964149475,-0.026539087295532227,-0.13503623008728027,0.01569885015487671,-0.17025434970855713,-0.0034723877906799316,-0.16214296221733093,-0.004784762859344482,-0.13503894209861755,0.0010316967964172363,-0.11778590083122253,-0.017846405506134033,-0.17187339067459106,-0.028505325317382812,-0.1557280719280243,-0.029521048069000244,-0.13033491373062134,-0.021629810333251953,-0.1122361421585083,-0.04792201519012451,-0.15249651670455933,-0.05495119094848633,-0.13838109374046326,-0.05183833837509155,-0.11516562104225159,-0.042241454124450684,-0.09829694032669067,-0.0744975209236145,-0.124735027551651,-0.078280508518219,-0.11445435881614685,-0.07152974605560303,-0.09180733561515808,-0.0633440613746643,-0.07461723685264587
0,0.0,0.0,0.006316542625427246,-0.06285151839256287,-0.008916378021240234,-0.1058620810508728,-0.035725414752960205,-0.1177855134010315,-0.058642446994781494,-0.10954329371452332,-0.003350377082824707,-0.1475965976715088,-0.05202668905258179,-0.1425531506538391,-0.05282682180404663,-0.11537107825279236,-0.04019498825073242,-0.09879365563392639,-0.020848512649536133,-0.1419152319431305,-0.06950503587722778,-0.12970420718193054,-0.06492483615875244,-0.10196977853775024,-0.04997527599334717,-0.08845987915992737,-0.03880864381790161,-0.12697947025299072,-0.0844564437866211,-0.1125815212726593,-0.07687175273895264,-0.08206167817115784,-0.06113898754119873,-0.0717119574546814,-0.05625200271606445,-0.1052178144454956,-0.09241306781768799,-0.0938599705696106,-0.08331912755966187,-0.06790238618850708,-0.06818211078643799,-0.058199405670166016
0,0.0,0.0,-0.05751758813858032,-0.030485153198242188,-0.09465998411178589,-0.09366881847381592,-0.08220601081848145,-0.1472875475883484,-0.04639756679534912,-0.14548438787460327,-0.07131707668304443,-0.12744379043579102,-0.09050244092941284,-0.1733494997024536,-0.0796208381652832,-0.12745603919029236,-0.06768357753753662,-0.10848957300186157,-0.042142629623413086,-0.13513609766960144,-0.059156596660614014,-0.18108874559402466,-0.05374985933303833,-0.12600934505462646,-0.043819308280944824,-0.11262047290802002,-0.011500656604766846,-0.13650545477867126,-0.02887570858001709,-0.18272694945335388,-0.02698540687561035,-0.1257396936416626,-0.016576170921325684,-0.10881942510604858,0.023092567920684814,-0.13310277462005615,0.0007070302963256836,-0.15912771224975586,-0.00309145450592041,-0.11959207057952881,0.006391942501068115,-0.10484737157821655
0,0.0,0.0,-0.060512661933898926,-0.04063385725021362,-0.09567570686340332,-0.11203902959823608,-0.07696658372879028,-0.1680755615234375,-0.040946364402770996,-0.16444110870361328,-0.08098697662353516,-0.141798734664917,-0.09832960367202759,-0.1961073875427246,-0.08411473035812378,-0.14564114809036255,-0.07323604822158813,-0.12195652723312378,-0.04905414581298828,-0.14962238073349,-0.06287980079650879,-0.20280221104621887,-0.05523669719696045,-0.14209353923797607,-0.04780781269073486,-0.12497442960739136,-0.01548677682876587,-0.15004003047943115,-0.027444005012512207,-0.19797837734222412,-0.025332152843475342,-0.13575243949890137,-0.01933687925338745,-0.11682498455047607,0.020634174346923828,-0.14462274312973022,0.0019489526748657227,-0.17660397291183472,-0.001107931137084961,-0.13406139612197876,0.005751967430114746,-0.11545783281326294
0,0.0,0.0,-0.05428481101989746,-0.04233074188232422,-0.08710837364196777,-0.12019014358520508,-0.0643354058265686,-0.17604327201843262,-0.025654137134552002,-0.16154825687408447,-0.07798707485198975,-0.1486586332321167,-0.09109300374984741,-0.2028009295463562,-0.07724082469940186,-0.15332645177841187,-0.06622391939163208,-0.12920498847961426,-0.045607149600982666,-0.15504741668701172,-0.05476599931716919,-0.20673400163650513,-0.04847508668899536,-0.14773911237716675,-0.04196423292160034,-0.13131588697433472,-0.01149815320968628,-0.1523241400718689,-0.01708364486694336,-0.19933462142944336,-0.01797616481781006,-0.1398661732673645,-0.013929545879364014,-0.12232017517089844,0.023768305778503418,-0.1441049575805664,0.011480331420898438,-0.17228597402572632,0.005733788013458252,-0.1338939666748047,0.010603547096252441,-0.11972832679748535
0,0.0,0.0,-0.055849671363830566,-0.03225719928741455,-0.08895397186279297,-0.09646371006965637,-0.07295346260070801,-0.1555345356464386,-0.03675365447998047,-0.16003084182739258,-0.07850432395935059,-0.125512957572937,-0.09190869331359863,-0.17758482694625854,-0.08033692836761475,-0.13376513123512268,-0.07220518589019775,-0.11141005158424377,-0.046841323375701904,-0.1348421275615692,-0.056522488594055176,-0.18758416175842285,-0.04955935478210449,-0.1325504183769226,-0.044603943824768066,-0.11191695928573608,-0.013695955276489258,-0.13794448971748352,-0.022930443286895752,-0.1906569004058838,-0.021722078323364258,-0.13236060738563538,-0.018446624279022217,-0.10711333155632019,0.02171725034713745,-0.135625422000885,0.0077086687088012695,-0.17110919952392578,0.0031622648239135742,-0.13281601667404175,0.006444692611694336,-0.1110304594039917
0,0.0,0.0,-0.0576862096786499,-0.03398185968399048,-0.09228301048278809,-0.1016073226928711,-0.07612282037734985,-0.15455904603004456,-0.03931224346160889,-0.15143853425979614,-0.07094800472259521,-0.12448370456695557,-0.08639580011367798,-0.17267340421676636,-0.07518506050109863,-0.13478219509124756,-0.06559634208679199,-0.11411815881729126,-0.04147118330001831,-0.13176754117012024,-0.05064082145690918,-0.18472355604171753,-0.04509603977203369,-0.13331937789916992,-0.04018819332122803,-0.11052659153938293,-0.010327398777008057,-0.1333957314491272,-0.01862037181854248,-0.18536317348480225,-0.01881563663482666,-0.132415771484375,-0.01655137538909912,-0.10735371708869934,0.02346062660217285,-0.13054415583610535,0.010684013366699219,-0.1673089563846588,0.005236446857452393,-0.13111597299575806,0.006969571113586426,-0.1081666648387909
0,0.0,0.0,-0.057760536670684814,-0.02045246958732605,-0.09348735213279724,-0.07353362441062927,-0.08837509155273438,-0.1302676796913147,-0.05953878164291382,-0.14596134424209595,-0.06822991371154785,-0.11143895983695984,-0.08869695663452148,-0.1515534520149231,-0.07962143421173096,-0.11311256885528564,-0.06655669212341309,-0.09531229734420776,-0.04375898838043213,-0.12299245595932007,-0.0640711784362793,-0.17033803462982178,-0.057348549365997314,-0.11711126565933228,-0.04417693614959717,-0.09567838907241821,-0.017331063747406006,-0.13014981150627136,-0.03979617357254028,-0.17713850736618042,-0.035205721855163574,-0.11762961745262146,-0.02129232883453369,-0.08985325694084167,0.014001548290252686,-0.13250604271888733,-0.013934850692749023,-0.16323143243789673,-0.015048563480377197,-0.12238255143165588,-0.003036797046661377,-0.09962213039398193
0,0.0,0.0,-0.050984710454940796,-0.032066285610198975,-0.08103561401367188,-0.09327879548072815,-0.07298681139945984,-0.14751048386096954,-0.042183369398117065,-0.15642021596431732,-0.050360143184661865,-0.12555786967277527,-0.06815558671951294,-0.166777104139328,-0.06346970796585083,-0.12638738751411438,-0.05060926079750061,-0.10962855815887451,-0.02588796615600586,-0.13149584829807281,-0.042269349098205566,-0.1794290542602539,-0.04186511039733887,-0.12382669746875763,-0.028586983680725098,-0.10445821285247803,-0.00037977099418640137,-0.13256387412548065,-0.019301533699035645,-0.17786598205566406,-0.02075272798538208,-0.11919498443603516,-0.007137507200241089,-0.09552359580993652,0.029572874307632446,-0.12828820943832397,0.004154324531555176,-0.16232691705226898,-0.0010139942169189453,-0.12352825701236725,0.010488063097000122,-0.10203218460083008
0,0.0,0.0,-0.047618478536605835,-0.037726521492004395,-0.07457348704338074,-0.10637471079826355,-0.06182637810707092,-0.16016611456871033,-0.030086785554885864,-0.16346155107021332,-0.04337388277053833,-0.1388331651687622,-0.05776238441467285,-0.1827959418296814,-0.055081963539123535,-0.13831835985183716,-0.04352444410324097,-0.12024495005607605,-0.01783314347267151,-0.14090056717395782,-0.030083030462265015,-0.1906851828098297,-0.03346249461174011,-0.133941188454628,-0.02298671007156372,-0.11540651321411133,0.008416712284088135,-0.1370265781879425,-0.0061386823654174805,-0.1843850463628769,-0.01180940866470337,-0.12452694773674011,-0.0013306140899658203,-0.10137641429901123,0.038309067487716675,-0.1275198757648468,0.016790419816970825,-0.16462641954421997,0.00933903455734253,-0.12407079339027405,0.01863834261894226,-0.10192057490348816
0,0.0,0.0,-0.04623326659202576,-0.03865182399749756,-0.07218539714813232,-0.10647612810134888,-0.06080132722854614,-0.1607438623905182,-0.029167383909225464,-0.16355939209461212,-0.040743619203567505,-0.1406123787164688,-0.05453714728355408,-0.1851380467414856,-0.053243279457092285,-0.14089520275592804,-0.04224991798400879,-0.12227606773376465,-0.014981061220169067,-0.1422145664691925,-0.026798754930496216,-0.1926584541797638,-0.03109753131866455,-0.13685691356658936,-0.020473897457122803,-0.11690568923950195,0.011071920394897461,-0.137631356716156,-0.0035809874534606934,-0.18556806445121765,-0.010131508111953735,-0.12662088871002197,0.0001004636287689209,-0.1017172634601593,0.04100474715232849,-0.12703374028205872,0.018686264753341675,-0.16362649202346802,0.01039355993270874,-0.12441834807395935,0.019073784351348877,-0.10164052248001099
0,0.0,0.0,-0.0480709969997406,-0.03980186581611633,-0.07450327277183533,-0.10745036602020264,-0.06204599142074585,-0.1610330492258072,-0.029833465814590454,-0.1630726456642151,-0.042964279651641846,-0.13964885473251343,-0.05815371870994568,-0.18349629640579224,-0.05619361996650696,-0.1400744467973709,-0.043763041496276855,-0.12162721157073975,-0.01723197102546692,-0.14189836382865906,-0.029969602823257446,-0.1919780671596527,-0.03383302688598633,-0.13628943264484406,-0.022072911262512207,-0.11663365364074707,0.00898781418800354,-0.13822737336158752,-0.0063644349575042725,-0.18631300330162048,-0.012362837791442871,-0.12727120518684387,-0.0009106099605560303,-0.10281223058700562,0.039381593465805054,-0.12851497530937195,0.01632973551750183,-0.1660556048154831,0.00819733738899231,-0.12641087174415588,0.01774764060974121,-0.10300344228744507
0,0.0,0.0,-0.04693180322647095,-0.03793153166770935,-0.07392975687980652,-0.10764908790588379,-0.06155255436897278,-0.1623234748840332,-0.02926674485206604,-0.1646926999092102,-0.043421000242233276,-0.1425730586051941,-0.05801805853843689,-0.18755817413330078,-0.05602961778640747,-0.14313523471355438,-0.044244349002838135,-0.1247049868106842,-0.017055392265319824,-0.14511680603027344,-0.029016464948654175,-0.19686353206634521,-0.033225059509277344,-0.14092892408370972,-0.022512376308441162,-0.12161561846733093,0.009770989418029785,-0.14102332293987274,-0.005389750003814697,-0.189840167760849,-0.011851996183395386,-0.13008463382720947,-0.0011997818946838379,-0.10631120204925537,0.04042884707450867,-0.13078156113624573,0.017252802848815918,-0.16720639169216156,0.009160906076431274,-0.12677660584449768,0.01850128173828125,-0.1042981743812561
0,0.0,0.0,-0.04751795530319214,-0.038174182176589966,-0.07516956329345703,-0.10946500301361084,-0.062946617603302,-0.1661442071199417,-0.03010493516921997,-0.16722890734672546,-0.04401284456253052,-0.14539068937301636,-0.05910041928291321,-0.1908777356147766,-0.05721789598464966,-0.14391905069351196,-0.04514816403388977,-0.12661251425743103,-0.017736971378326416,-0.14764045178890228,-0.030517011880874634,-0.1992732286453247,-0.03486943244934082,-0.1403423547744751,-0.023702770471572876,-0.12255635857582092,0.009057372808456421,-0.14318633079528809,-0.006172209978103638,-0.19232177734375,-0.012678712606430054,-0.1305212676525116,-0.00141867995262146,-0.10784345865249634,0.03949862718582153,-0.13283222913742065,0.016791820526123047,-0.17128676176071167,0.00870513916015625,-0.12923017144203186,0.018420875072479248,-0.1063627302646637
0,0.0,0.0,-0.047318339347839355,-0.038857728242874146,-0.0752125084400177,-0.1085001528263092,-0.06542539596557617,-0.1646791696548462,-0.03375375270843506,-0.16684521734714508,-0.04447948932647705,-0.14347928762435913,-0.059113115072250366,-0.18839192390441895,-0.05765795707702637,-0.14194777607917786,-0.0460411012172699,-0.12499687075614929,-0.018872827291488647,-0.1454424262046814,-0.0313260555267334,-0.19753894209861755,-0.03584212064743042,-0.13959366083145142,-0.02458709478378296,-0.12244606018066406,0.007692873477935791,-0.14118924736976624,-0.007161319255828857,-0.19099703431129456,-0.0136089026927948,-0.13038155436515808,-0.0023320913314819336,-0.10835853219032288,0.03781965374946594,-0.13132938742637634,0.016242295503616333,-0.1698140799999237,0.008171558380126953,-0.1289566457271576,0.01770898699760437,-0.10678979754447937
0,0.0,0.0,-0.049029529094696045,-0.03719291090965271,-0.07691621780395508,-0.10391971468925476,-0.06715577840805054,-0.1583390086889267,-0.036921679973602295,-0.16475585103034973,-0.047645002603530884,-0.14017468690872192,-0.06308379769325256,-0.18375852704048157,-0.06015881896018982,-0.13788706064224243,-0.04806399345397949,-0.1203925609588623,-0.02228650450706482,-0.1431313157081604,-0.03541645407676697,-0.19432410597801208,-0.03807032108306885,-0.13659662008285522,-0.026505738496780396,-0.11908504366874695,0.004488170146942139,-0.14023089408874512,-0.011146336793899536,-0.18841473758220673,-0.016044944524765015,-0.12836575508117676,-0.004392266273498535,-0.10648003220558167,0.03504234552383423,-0.1318994164466858,0.01260337233543396,-0.16863945126533508,0.005351543426513672,-0.12833815813064575,0.01521211862564087,-0.10686081647872925
0,0.0,0.0,-0.04797118902206421,-0.03750649094581604,-0.07597556710243225,-0.10521483421325684,-0.06826835870742798,-0.1598745882511139,-0.037517040967941284,-0.16300468146800995,-0.04430276155471802,-0.143085777759552,-0.061735302209854126,-0.18509748578071594,-0.05840948224067688,-0.13991928100585938,-0.04545101523399353,-0.12256526947021484,-0.01945275068283081,-0.14610034227371216,-0.03459581732749939,-0.19414763152599335,-0.03693476319313049,-0.13771936297416687,-0.024842411279678345,-0.12040930986404419,0.0065718889236450195,-0.14243987202644348,-0.010796457529067993,-0.1891283541917801,-0.015659064054489136,-0.12962237000465393,-0.003550708293914795,-0.10708039999008179,0.03622749447822571,-0.13307896256446838,0.012048482894897461,-0.1675485372543335,0.004540234804153442,-0.12786322832107544,0.014611095190048218,-0.10682213306427002
0,0.0,0.0,-0.04811134934425354,-0.03466266393661499,-0.07689186930656433,-0.09684628248214722,-0.07175979018211365,-0.14750906825065613,-0.04218649864196777,-0.15367555618286133,-0.04586350917816162,-0.13166001439094543,-0.061934977769851685,-0.17274557054042816,-0.05953380465507507,-0.13223055005073547,-0.04773053526878357,-0.112629234790802,-0.02221277356147766,-0.135634183883667,-0.03603789210319519,-0.18159793317317963,-0.03714805841445923,-0.13031548261642456,-0.025242507457733154,-0.10909140110015869,0.0036958158016204834,-0.13409200310707092,-0.013682335615158081,-0.17987072467803955,-0.016818076372146606,-0.1269812285900116,-0.0055360496044158936,-0.102454274892807,0.03350350260734558,-0.12658590078353882,0.009535461664199829,-0.16016195714473724,0.0034818053245544434,-0.12454640865325928,0.013127416372299194,-0.10370531678199768
0,0.0,0.0,-0.04092535376548767,-0.03868603706359863,-0.06252703070640564,-0.09275233745574951,-0.06352046132087708,-0.13635799288749695,-0.04559794068336487,-0.14622777700424194,-0.028770923614501953,-0.12605708837509155,-0.04423519968986511,-0.16616177558898926,-0.047002315521240234,-0.12996742129325867,-0.0363103449344635,-0.11175620555877686,-0.01111304759979248,-0.12936821579933167,-0.02725246548652649,-0.17417898774147034,-0.03173312544822693,-0.12776699662208557,-0.018811047077178955,-0.10874760150909424,0.010958701372146606,-0.13040879368782043,-0.011123478412628174,-0.1718604862689972,-0.015267282724380493,-0.12363040447235107,-0.0012713074684143066,-0.10302603244781494,0.037018656730651855,-0.12684735655784607,0.008512377738952637,-0.15933939814567566,0.00256463885307312,-0.12740558385849,0.01517382264137268,-0.10795009136199951
0,0.0,0.0,-0.041683733463287354,-0.038859814405441284,-0.06243094801902771,-0.08840298652648926,-0.06330648064613342,-0.13305062055587769,-0.04180994629859924,-0.14645901322364807,-0.033526837825775146,-0.12848031520843506,-0.05159193277359009,-0.16463503241539001,-0.05083954334259033,-0.12828251719474792,-0.03651171922683716,-0.11191928386688232,-0.01472395658493042,-0.1336178481578827,-0.03259047865867615,-0.1785876303911209,-0.03523486852645874,-0.1313638985157013,-0.021365433931350708,-0.11225312948226929,0.0077263712882995605,-0.13597708940505981,-0.017492562532424927,-0.17631492018699646,-0.020019203424453735,-0.12560641765594482,-0.004635632038116455,-0.10430291295051575,0.03390321135520935,-0.132851243019104,0.0014577805995941162,-0.16208778321743011,-0.0031777620315551758,-0.12730151414871216,0.010632902383804321,-0.10656020045280457
0,0.0,0.0,-0.044048622250556946,-0.03363090753555298,-0.06657557189464569,-0.07901236414909363,-0.06710341572761536,-0.12435653805732727,-0.04390062391757965,-0.1394316554069519,-0.035725921392440796,-0.11274191737174988,-0.053017765283584595,-0.15227794647216797,-0.05476740002632141,-0.12009939551353455,-0.04234951734542847,-0.10114049911499023,-0.018999427556991577,-0.11899733543395996,-0.03594970703125,-0.16797640919685364,-0.039545878767967224,-0.12331467866897583,-0.025855332612991333,-0.09961172938346863,0.001836538314819336,-0.12398743629455566,-0.02147042751312256,-0.1677771806716919,-0.02371421456336975,-0.11886706948280334,-0.008225858211517334,-0.09308719635009766,0.027840882539749146,-0.12419888377189636,-0.0016444623470306396,-0.15480412542819977,-0.007006734609603882,-0.12166127562522888,0.005860388278961182,-0.09935992956161499
0,0.0,0.0,-0.04043830931186676,-0.0360579788684845,-0.06231093406677246,-0.08404567837715149,-0.06534683704376221,-0.1260676234960556,-0.045794546604156494,-0.13691852986812592,-0.03392551839351654,-0.11664238572120667,-0.05128064751625061,-0.15227070450782776,-0.05162927508354187,-0.11817389726638794,-0.039017096161842346,-0.10298383235931396,-0.018261045217514038,-0.123390331864357,-0.03485862910747528,-0.1653715968132019,-0.03648935258388519,-0.12074771523475647,-0.022860288619995117,-0.10365372896194458,0.001589059829711914,-0.12751740217208862,-0.021050691604614258,-0.16666948795318604,-0.02285096049308777,-0.1200796514749527,-0.008357584476470947,-0.10121920704841614,0.024908244609832764,-0.12673860788345337,-0.004266977310180664,-0.1548188477754593,-0.008152544498443604,-0.12300145626068115,0.005055040121078491,-0.10461145639419556
0,0.0,0.0,-0.038530632853507996,-0.031734973192214966,-0.059662505984306335,-0.07132549583911896,-0.06338167190551758,-0.11187872290611267,-0.044196322560310364,-0.12667228281497955,-0.03318019211292267,-0.10657969117164612,-0.05246247351169586,-0.13856369256973267,-0.051398128271102905,-0.10811664164066315,-0.03797313570976257,-0.09152953326702118,-0.017659500241279602,-0.11522156000137329,-0.03639383614063263,-0.15440517663955688,-0.03695538640022278,-0.11314108967781067,-0.02345399558544159,-0.09191721677780151,0.0013397932052612305,-0.12155577540397644,-0.022918149828910828,-0.15787194669246674,-0.02366390824317932,-0.11422470211982727,-0.009362965822219849,-0.09120215475559235,0.023505806922912598,-0.1221497505903244,-0.00527307391166687,-0.14857536554336548,-0.008756399154663086,-0.11892242729663849,0.003461390733718872,-0.09839124977588654
0,0.0,0.0,-0.033774733543395996,-0.02921128273010254,-0.052285924553871155,-0.06857949495315552,-0.05541914701461792,-0.1058393120765686,-0.038770854473114014,-0.12118962407112122,-0.020308807492256165,-0.09984725713729858,-0.040752112865448,-0.1308828890323639,-0.04245978593826294,-0.10133884847164154,-0.0304853618144989,-0.08481088280677795,-0.007419422268867493,-0.10807844996452332,-0.02882733941078186,-0.14511361718177795,-0.029835090041160583,-0.10530667006969452,-0.016150787472724915,-0.08628401160240173,0.009237051010131836,-0.11549809575080872,-0.01869356632232666,-0.14712324738502502,-0.018678605556488037,-0.10529220104217529,-0.0027417242527008057,-0.08759482204914093,0.028735220432281494,-0.11841544508934021,-0.002341359853744507,-0.14159400761127472,-0.005176857113838196,-0.11229309439659119,0.008354127407073975,-0.09484848380088806
0,0.0,0.0,-0.03656816482543945,-0.02823483943939209,-0.05665099620819092,-0.06709863245487213,-0.05809992551803589,-0.10295787453651428,-0.038740724325180054,-0.12028178572654724,-0.02420400083065033,-0.09992942214012146,-0.048924922943115234,-0.12942397594451904,-0.04796214401721954,-0.09564186632633209,-0.03376734256744385,-0.0817345380783081,-0.01054731011390686,-0.10807690024375916,-0.03448072075843811,-0.1430208832025528,-0.033979713916778564,-0.09937262535095215,-0.018678396940231323,-0.08469772338867188,0.0056343674659729,-0.11553522944450378,-0.023985937237739563,-0.14788876473903656,-0.023766234517097473,-0.10125291347503662,-0.006730899214744568,-0.08558304607868195,0.024245619773864746,-0.11834831535816193,-0.007876530289649963,-0.14145031571388245,-0.010841026902198792,-0.10875847935676575,0.0034085214138031006,-0.09162609279155731
0,0.0,0.0,-0.03980420529842377,-0.027742981910705566,-0.0635233074426651,-0.06486871838569641,-0.06588859856128693,-0.1020713746547699,-0.04822252690792084,-0.1237163096666336,-0.03696301579475403,-0.09663866460323334,-0.05897828936576843,-0.12643052637577057,-0.05711430311203003,-0.09662288427352905,-0.04416415095329285,-0.07992903888225555,-0.022102907299995422,-0.10577663779258728,-0.043699711561203,-0.14257875084877014,-0.041905686259269714,-0.101601243019104,-0.0281207412481308,-0.08215057849884033,-0.003881394863128662,-0.11532813310623169,-0.03047776222229004,-0.14888279885053635,-0.028163716197013855,-0.10481959581375122,-0.01233014464378357,-0.08435285091400146,0.018404752016067505,-0.12140938639640808,-0.012041658163070679,-0.1447787582874298,-0.013441815972328186,-0.11400210857391357,0.0001856088638305664,-0.09517841041088104
0,0.0,0.0,-0.04668140411376953,-0.01603490114212036,-0.08105313777923584,-0.053995296359062195,-0.09198834002017975,-0.09722176194190979,-0.07823985815048218,-0.12299954891204834,-0.060772210359573364,-0.09558592736721039,-0.0807829201221466,-0.1270982325077057,-0.07533909380435944,-0.09581103920936584,-0.06370663642883301,-0.07915669679641724,-0.04199919104576111,-0.10608837008476257,-0.06244298815727234,-0.14325028657913208,-0.0559176504611969,-0.10159692168235779,-0.042113035917282104,-0.08227959275245667,-0.02032381296157837,-0.11450345814228058,-0.04410436749458313,-0.1500060111284256,-0.038100481033325195,-0.10463368892669678,-0.024002939462661743,-0.08143866062164307,0.005817204713821411,-0.11917491257190704,-0.020916253328323364,-0.14507099986076355,-0.020273655652999878,-0.11192438006401062,-0.008467167615890503,-0.09123365581035614
0,0.0,0.0,-0.050922006368637085,-0.013105243444442749,-0.09086287021636963,-0.059778377413749695,-0.09347757697105408,-0.10902872681617737,-0.06955379247665405,-0.12136510014533997,-0.07543081045150757,-0.08980216085910797,-0.09135770797729492,-0.12334758043289185,-0.0795489251613617,-0.0950234979391098,-0.0694960355758667,-0.07519830763339996,-0.054828494787216187,-0.10340873897075653,-0.06938216090202332,-0.14149126410484314,-0.05582532286643982,-0.10275045037269592,-0.04558980464935303,-0.07815597951412201,-0.031923770904541016,-0.11314544081687927,-0.04791542887687683,-0.14995870739221573,-0.03572899103164673,-0.10776008665561676,-0.025933057069778442,-0.07921801507472992,-0.006147712469100952,-0.1173999011516571,-0.024487167596817017,-0.14571121335029602,-0.019059360027313232,-0.11468683183193207,-0.011280059814453125,-0.09277196228504181
0,0.0,0.0,-0.051797300577163696,-0.019700586795806885,-0.08919242024421692,-0.07177849113941193,-0.08523547649383545,-0.12583765387535095,-0.05478614568710327,-0.1338042914867401,-0.07146072387695312,-0.10020235180854797,-0.09012612700462341,-0.1409519612789154,-0.0784074068069458,-0.10627581179141998,-0.06912484765052795,-0.08779720962047577,-0.04911595582962036,-0.11147001385688782,-0.0654662549495697,-0.15446867048740387,-0.05551159381866455,-0.11027611792087555,-0.04714098572731018,-0.08943921327590942,-0.024590641260147095,-0.11886163055896759,-0.04127058386802673,-0.1576375886797905,-0.033226609230041504,-0.10966409742832184,-0.024479061365127563,-0.08390218019485474,0.003082484006881714,-0.12257835268974304,-0.017523497343063354,-0.15345270186662674,-0.015578597784042358,-0.12052783370018005,-0.0072480738162994385,-0.09940880537033081
0,0.0,0.0,-0.05178406834602356,-0.02111685276031494,-0.08862245082855225,-0.07910357415676117,-0.08069062232971191,-0.1325298547744751,-0.05120578408241272,-0.1392352059483528,-0.07401034235954285,-0.10436293482780457,-0.09351840615272522,-0.14904551208019257,-0.0766710638999939,-0.11740951240062714,-0.06392434239387512,-0.09777647256851196,-0.04972994327545166,-0.11515884101390839,-0.06236445903778076,-0.16322923451662064,-0.04948770999908447,-0.117867112159729,-0.04289749264717102,-0.0932038277387619,-0.023919135332107544,-0.1214170753955841,-0.03573185205459595,-0.16305288672447205,-0.026557475328445435,-0.11386847496032715,-0.020785003900527954,-0.08679185807704926,0.004187643527984619,-0.12380537390708923,-0.011191338300704956,-0.15661072731018066,-0.008774936199188232,-0.12252841889858246,-0.0029369592666625977,-0.1002826988697052
0,0.0,0.0,-0.0517425537109375,-0.03148731589317322,-0.0835387110710144,-0.09004253149032593,-0.06941169500350952,-0.14312762767076492,-0.03929227590560913,-0.14855339378118515,-0.07215559482574463,-0.1105378270149231,-0.09241747856140137,-0.15838008373975754,-0.07435452938079834,-0.12409235537052155,-0.061990976333618164,-0.10293067991733551,-0.04641658067703247,-0.12021435797214508,-0.06075948476791382,-0.1710120141506195,-0.048298776149749756,-0.12371459603309631,-0.04234105348587036,-0.0988008975982666,-0.01853203773498535,-0.12521016597747803,-0.029937446117401123,-0.17423441261053085,-0.02313631772994995,-0.12184134125709534,-0.01883035898208618,-0.09155857563018799,0.011612296104431152,-0.12580245733261108,-0.0015573501586914062,-0.1612793505191803,-0.0024223923683166504,-0.12674418091773987,0.000916898250579834,-0.10249894857406616
0,0.0,0.0,-0.05078166723251343,-0.03264769911766052,-0.08026731014251709,-0.0922718197107315,-0.0626676082611084,-0.14589978754520416,-0.03000926971435547,-0.150980144739151,-0.0688399076461792,-0.11337396502494812,-0.08817046880722046,-0.1621638387441635,-0.07229399681091309,-0.1279606968164444,-0.06008952856063843,-0.10575056076049805,-0.042398691177368164,-0.12287209928035736,-0.05545574426651001,-0.17576252669095993,-0.04537093639373779,-0.12959802150726318,-0.03891599178314209,-0.10366450250148773,-0.014125525951385498,-0.12709859013557434,-0.0235711932182312,-0.17744752019643784,-0.019733667373657227,-0.12510181963443756,-0.01573699712753296,-0.09315453469753265,0.01644068956375122,-0.1266682744026184,0.004032552242279053,-0.16277103126049042,0.0010384917259216309,-0.12947018444538116,0.0038433074951171875,-0.10452127456665039
0,0.0,0.0,-0.0474931001663208,-0.03845587372779846,-0.07274240255355835,-0.0978485643863678,-0.052468955516815186,-0.14637146890163422,-0.021628975868225098,-0.15526458621025085,-0.07638496160507202,-0.11723312735557556,-0.08132171630859375,-0.17383923381567,-0.06682449579238892,-0.13643977046012878,-0.06080055236816406,-0.11195448040962219,-0.04763376712799072,-0.126741424202919,-0.04866981506347656,-0.17912544310092926,-0.038923680782318115,-0.13171134889125824,-0.03707307577133179,-0.11171892285346985,-0.016788125038146973,-0.13065731525421143,-0.016193807125091553,-0.17970599234104156,-0.012365102767944336,-0.1303320974111557,-0.013043403625488281,-0.10768327116966248,0.014864504337310791,-0.12820246815681458,0.014215469360351562,-0.1625257506966591,0.010446548461914062,-0.12765882909297943,0.007266700267791748,-0.10489550232887268
0,0.0,0.0,-0.04800921678543091,-0.032035619020462036,-0.07269346714019775,-0.08335742354393005,-0.0533679723739624,-0.13240399956703186,-0.0257798433303833,-0.1527448445558548,-0.08408498764038086,-0.1076524555683136,-0.08873248100280762,-0.16641440987586975,-0.07546126842498779,-0.13176271319389343,-0.07030999660491943,-0.10503864288330078,-0.053992271423339844,-0.11848518252372742,-0.05687856674194336,-0.17141157388687134,-0.04626888036727905,-0.12700974941253662,-0.044546663761138916,-0.1059722900390625,-0.022787511348724365,-0.12464898824691772,-0.024547874927520752,-0.17535659670829773,-0.01937204599380493,-0.12839536368846893,-0.020565927028656006,-0.1040535718202591,0.008588314056396484,-0.123355433344841,0.004677474498748779,-0.1575903743505478,0.0033795833587646484,-0.12300780415534973,0.0011864304542541504,-0.09933054447174072
0,0.0,0.0,-0.047240376472473145,-0.02741178870201111,-0.07324683666229248,-0.07860976457595825,-0.056891560554504395,-0.13055866956710815,-0.03239065408706665,-0.15450504422187805,-0.08004927635192871,-0.11033591628074646,-0.08259779214859009,-0.16334426403045654,-0.07145214080810547,-0.12538877129554749,-0.06819063425064087,-0.10259407758712769,-0.04927605390548706,-0.11942735314369202,-0.051341354846954346,-0.16813918948173523,-0.04349488019943237,-0.12099632620811462,-0.04374510049819946,-0.10444599390029907,-0.01884937286376953,-0.12374168634414673,-0.019746720790863037,-0.16904866695404053,-0.017404258251190186,-0.1212734580039978,-0.02022695541381836,-0.1017981767654419,0.011881470680236816,-0.12168419361114502,0.008188486099243164,-0.15296681225299835,0.005984246730804443,-0.1174374520778656,0.003503739833831787,-0.09706860780715942
0,0.0,0.0,-0.04544335603713989,-0.02918553352355957,-0.07254165410995483,-0.08260080218315125,-0.05920499563217163,-0.13058149814605713,-0.028261303901672363,-0.1356019377708435,-0.0761987566947937,-0.11080610752105713,-0.08470296859741211,-0.1602691113948822,-0.07162278890609741,-0.12024718523025513,-0.0646626353263855,-0.09797468781471252,-0.04839569330215454,-0.11942985653877258,-0.0541837215423584,-0.16548797488212585,-0.04506790637969971,-0.11777293682098389,-0.04127180576324463,-0.10190281271934509,-0.018780767917633057,-0.12239393591880798,-0.022410035133361816,-0.16561943292617798,-0.019520819187164307,-0.11745205521583557,-0.018662452697753906,-0.098581463098526,0.011520206928253174,-0.1191737949848175,0.004247725009918213,-0.1500227153301239,0.0019121170043945312,-0.11610311269760132,0.0034134984016418457,-0.09734457731246948
0,0.0,0.0,-0.046346068382263184,-0.031160056591033936,-0.0714079737663269,-0.08729708194732666,-0.04865032434463501,-0.12894177436828613,-0.016795456409454346,-0.13172012567520142,-0.07583659887313843,-0.11520719528198242,-0.08346492052078247,-0.16431593894958496,-0.07033270597457886,-0.12526321411132812,-0.06264913082122803,-0.09911131858825684,-0.04716038703918457,-0.1234775185585022,-0.051949918270111084,-0.16935843229293823,-0.041627347469329834,-0.1222989559173584,-0.03737902641296387,-0.10366976261138916,-0.016865074634552002,-0.1250779628753662,-0.019433200359344482,-0.1686747670173645,-0.015430450439453125,-0.12170082330703735,-0.014950335025787354,-0.10168355703353882,0.012862086296081543,-0.11967116594314575,0.007848680019378662,-0.1475946307182312,0.005839884281158447,-0.1151190996170044,0.0058841705322265625,-0.0975346565246582
0,0.0,0.0,-0.04470252990722656,-0.03263026475906372,-0.06744199991226196,-0.09134399890899658,-0.04589635133743286,-0.13337939977645874,-0.017242729663848877,-0.1403965950012207,-0.07642227411270142,-0.12136167287826538,-0.07960420846939087,-0.1717016100883484,-0.06754130125045776,-0.1326783299446106,-0.06286263465881348,-0.10828125476837158,-0.04654061794281006,-0.12830966711044312,-0.048158109188079834,-0.17455774545669556,-0.03843635320663452,-0.12734860181808472,-0.036128103733062744,-0.11005157232284546,-0.015597820281982422,-0.129571795463562,-0.01629394292831421,-0.17060929536819458,-0.011311769485473633,-0.12354570627212524,-0.011132776737213135,-0.10409951210021973,0.014773130416870117,-0.12471085786819458,0.010556519031524658,-0.15411436557769775,0.009570300579071045,-0.12071877717971802,0.009139478206634521,-0.10231202840805054
0,0.0,0.0,-0.043148577213287354,-0.03394418954849243,-0.06543189287185669,-0.09166336059570312,-0.04158121347427368,-0.13256198167800903,-0.010721802711486816,-0.13539069890975952,-0.07323074340820312,-0.12418514490127563,-0.0772516131401062,-0.17653733491897583,-0.06772428750991821,-0.13509279489517212,-0.06242239475250244,-0.10925555229187012,-0.0429539680480957,-0.13122016191482544,-0.04443269968032837,-0.1775529980659485,-0.03759032487869263,-0.1279398798942566,-0.03564119338989258,-0.1111801266670227,-0.012122571468353271,-0.13154608011245728,-0.011320769786834717,-0.1734713912010193,-0.009924530982971191,-0.125390887260437,-0.011420726776123047,-0.10788863897323608,0.01764857769012451,-0.12482196092605591,0.015849828720092773,-0.15087252855300903,0.012545585632324219,-0.11725598573684692,0.011157989501953125,-0.10119861364364624
0,0.0,0.0,-0.04115837812423706,-0.03475576639175415,-0.06154525279998779,-0.09411799907684326,-0.03644925355911255,-0.13425582647323608,-0.006226241588592529,-0.13409638404846191,-0.07163208723068237,-0.13159722089767456,-0.07148927450180054,-0.17994117736816406,-0.06285184621810913,-0.13527637720108032,-0.05941730737686157,-0.11098742485046387,-0.04057842493057251,-0.1358014941215515,-0.039611995220184326,-0.17996251583099365,-0.03429853916168213,-0.12843984365463257,-0.03382289409637451,-0.11560481786727905,-0.009167313575744629,-0.13374966382980347,-0.006551384925842285,-0.17172175645828247,-0.006795763969421387,-0.1225927472114563,-0.009246885776519775,-0.10887014865875244,0.020518600940704346,-0.1255996823310852,0.02034527063369751,-0.14931118488311768,0.01569819450378418,-0.11645346879959106,0.013790786266326904,-0.10291624069213867
0,0.0,0.0,-0.040833890438079834,-0.03425705432891846,-0.059236228466033936,-0.09262430667877197,-0.034257471561431885,-0.13270366191864014,-0.006446540355682373,-0.13889211416244507,-0.06805479526519775,-0.13071507215499878,-0.06701940298080444,-0.17979174852371216,-0.060536861419677734,-0.13571470975875854,-0.05855435132980347,-0.11196422576904297,-0.03671443462371826,-0.13360029458999634,-0.0341334342956543,-0.17948871850967407,-0.031434059143066406,-0.12762576341629028,-0.03263288736343384,-0.11657780408859253,-0.00591963529586792,-0.13102275133132935,-0.002068817615509033,-0.17044228315353394,-0.004190027713775635,-0.12078386545181274,-0.007808506488800049,-0.10957378149032593,0.023263216018676758,-0.1230548620223999,0.022938013076782227,-0.14983421564102173,0.01815497875213623,-0.11586135625839233,0.01613450050354004,-0.10225158929824829
0,0.0,0.0,-0.04032540321350098,-0.0321618914604187,-0.0601617693901062,-0.089915931224823,-0.035514235496520996,-0.1328778862953186,-0.005962848663330078,-0.1373767852783203,-0.07021218538284302,-0.13034874200820923,-0.0678396224975586,-0.17706066370010376,-0.059934914112091064,-0.13329774141311646,-0.057989537715911865,-0.11162608861923218,-0.038505494594573975,-0.13324427604675293,-0.03477895259857178,-0.1762266755104065,-0.031174540519714355,-0.12440359592437744,-0.03294271230697632,-0.11600154638290405,-0.008110404014587402,-0.13071602582931519,-0.002759873867034912,-0.16472476720809937,-0.004994213581085205,-0.11563420295715332,-0.009571731090545654,-0.10741114616394043,0.020633280277252197,-0.1231488585472107,0.022351562976837158,-0.14656168222427368,0.017047524452209473,-0.1127251386642456,0.013643085956573486,-0.10072112083435059
0,0.0,0.0,-0.037680745124816895,-0.03190118074417114,-0.05914950370788574,-0.08795207738876343,-0.03557693958282471,-0.12799209356307983,-0.0040225982666015625,-0.13189446926116943,-0.06950223445892334,-0.1325838565826416,-0.069644033908844,-0.1771603226661682,-0.060742974281311035,-0.13043540716171265,-0.05802273750305176,-0.10960865020751953,-0.03831249475479126,-0.13689887523651123,-0.03716045618057251,-0.17681074142456055,-0.03266662359237671,-0.12222933769226074,-0.03271299600601196,-0.11475425958633423,-0.007352054119110107,-0.13374561071395874,-0.004027962684631348,-0.1665763258934021,-0.0058501362800598145,-0.11527734994888306,-0.008505403995513916,-0.10809612274169922,0.021791458129882812,-0.12499314546585083,0.021553874015808105,-0.14343392848968506,0.01666051149368286,-0.1099320650100708,0.015294075012207031,-0.10177481174468994
0,0.0,0.0,-0.03956657648086548,-0.033267974853515625,-0.06147658824920654,-0.09080255031585693,-0.03934699296951294,-0.1311047077178955,-0.00884181261062622,-0.1316656470298767,-0.06634223461151123,-0.12833839654922485,-0.07029777765274048,-0.17481595277786255,-0.06033217906951904,-0.12850815057754517,-0.05622619390487671,-0.10886406898498535,-0.03626549243927002,-0.1315828561782837,-0.037009596824645996,-0.1748102307319641,-0.031854093074798584,-0.12181508541107178,-0.0318567156791687,-0.1141313910484314,-0.006209731101989746,-0.12910497188568115,-0.004402518272399902,-0.16354131698608398,-0.005299270153045654,-0.11273831129074097,-0.00731503963470459,-0.10466182231903076,0.02294456958770752,-0.1221742033958435,0.021642565727233887,-0.1441602110862732,0.0172959566116333,-0.10937339067459106,0.01639413833618164,-0.0989537239074707
0,0.0,0.0,-0.03753256797790527,-0.03146916627883911,-0.05858814716339111,-0.08737975358963013,-0.03569287061691284,-0.12861287593841553,-0.005106508731842041,-0.13388723134994507,-0.06682634353637695,-0.1277126669883728,-0.06958019733428955,-0.1738033890724182,-0.06002229452133179,-0.12882667779922485,-0.05609714984893799,-0.10780847072601318,-0.0365978479385376,-0.13243001699447632,-0.03690671920776367,-0.17373448610305786,-0.03227657079696655,-0.12140792608261108,-0.03157013654708862,-0.1131906509399414,-0.006559133529663086,-0.12989795207977295,-0.0045084357261657715,-0.16300588846206665,-0.0061920881271362305,-0.11380636692047119,-0.008347630500793457,-0.10598331689834595,0.022180259227752686,-0.12165617942810059,0.020656466484069824,-0.1416141390800476,0.015584886074066162,-0.10886043310165405,0.01445084810256958,-0.099154531955719
0,0.0,0.0,-0.038301944732666016,-0.03133285045623779,-0.059803009033203125,-0.08775871992111206,-0.037483394145965576,-0.12742823362350464,-0.007538795471191406,-0.12998688220977783,-0.06546801328659058,-0.12918835878372192,-0.0694347620010376,-0.17303377389907837,-0.059850096702575684,-0.12763720750808716,-0.0555538535118103,-0.10876482725143433,-0.035983145236968994,-0.13325268030166626,-0.03659266233444214,-0.1732078194618225,-0.03165525197982788,-0.12090694904327393,-0.03152340650558472,-0.11470341682434082,-0.00667119026184082,-0.1304038166999817,-0.004412353038787842,-0.16232407093048096,-0.0059242844581604,-0.11214250326156616,-0.008366763591766357,-0.10551375150680542,0.02166646718978882,-0.12271714210510254,0.021265029907226562,-0.14174842834472656,0.016480624675750732,-0.10705864429473877,0.01473391056060791,-0.09735840559005737
0,0.0,0.0,-0.036602556705474854,-0.03354436159133911,-0.05741304159164429,-0.08790874481201172,-0.034965574741363525,-0.1251959204673767,-0.0053501129150390625,-0.13146549463272095,-0.061816632747650146,-0.13299119472503662,-0.06558680534362793,-0.17703020572662354,-0.05611962080001831,-0.1305592656135559,-0.051477670669555664,-0.11081039905548096,-0.031993865966796875,-0.13626962900161743,-0.03228384256362915,-0.17679476737976074,-0.028433620929718018,-0.12296056747436523,-0.02746403217315674,-0.1147233247756958,-0.002357006072998047,-0.13180333375930786,1.5497207641601562e-06,-0.16425877809524536,-0.002695024013519287,-0.11388474702835083,-0.0043871402740478516,-0.1059388518333435,0.02630007266998291,-0.1214519739151001,0.0254819393157959,-0.14052021503448486,0.01971489191055298,-0.10790669918060303,0.018485844135284424,-0.0991172194480896
0,0.0,0.0,-0.044113337993621826,-0.030253171920776367,-0.07047921419143677,-0.09494376182556152,-0.045906782150268555,-0.13505631685256958,-0.013334155082702637,-0.137143075466156,-0.06497472524642944,-0.1331343650817871,-0.07577526569366455,-0.1773788332939148,-0.06527769565582275,-0.13087886571884155,-0.05797469615936279,-0.1125708818435669,-0.03551286458969116,-0.14102792739868164,-0.04168510437011719,-0.1844303011894226,-0.035849809646606445,-0.12873923778533936,-0.03108924627304077,-0.11657333374023438,-0.005754351615905762,-0.13922476768493652,-0.009096860885620117,-0.17466682195663452,-0.008587896823883057,-0.12222850322723389,-0.006498515605926514,-0.113292396068573,0.0246351957321167,-0.13183706998825073,0.017725884914398193,-0.1532939076423645,0.014092087745666504,-0.11773580312728882,0.015667319297790527,-0.10767531394958496
0,0.0,0.0,-0.047576963901519775,-0.025615036487579346,-0.0864453911781311,-0.09036463499069214,-0.0791885256767273,-0.13759976625442505,-0.044019341468811035,-0.1347057819366455,-0.06602191925048828,-0.1521010398864746,-0.08801794052124023,-0.18002259731292725,-0.07894057035446167,-0.1304280161857605,-0.0653579831123352,-0.11995059251785278,-0.03820633888244629,-0.16149914264678955,-0.058285653591156006,-0.18830585479736328,-0.05362778902053833,-0.13112574815750122,-0.04082268476486206,-0.12505894899368286,-0.009759783744812012,-0.15861427783966064,-0.028831779956817627,-0.18125975131988525,-0.027825117111206055,-0.12568795680999756,-0.015425384044647217,-0.11991357803344727,0.020701169967651367,-0.14757078886032104,-0.0030410289764404297,-0.158230721950531,-0.006651639938354492,-0.11886090040206909,0.00354844331741333,-0.11025673151016235
0,0.0,0.0,-0.050044357776641846,-0.025740742683410645,-0.09048432111740112,-0.09162956476211548,-0.08528977632522583,-0.1395479440689087,-0.05101048946380615,-0.1348857879638672,-0.06444138288497925,-0.16212975978851318,-0.08823877573013306,-0.18199163675308228,-0.08024364709854126,-0.13053405284881592,-0.06743210554122925,-0.12220847606658936,-0.037500619888305664,-0.17075276374816895,-0.06142908334732056,-0.1876181960105896,-0.05652433633804321,-0.13030052185058594,-0.04358178377151489,-0.12654489278793335,-0.010103166103363037,-0.16684001684188843,-0.033861637115478516,-0.18010109663009644,-0.03206515312194824,-0.12492048740386963,-0.019643008708953857,-0.12143844366073608,0.01870274543762207,-0.15345144271850586,-0.008884727954864502,-0.15889471769332886,-0.01159900426864624,-0.11911779642105103,-0.00112837553024292,-0.11151134967803955
0,0.0,0.0,-0.052354514598846436,-0.02490752935409546,-0.09075593948364258,-0.08346885442733765,-0.08767363429069519,-0.1284046173095703,-0.06107965111732483,-0.13694292306900024,-0.0676531195640564,-0.16639655828475952,-0.09596741199493408,-0.17740708589553833,-0.0850437581539154,-0.12366580963134766,-0.07047826051712036,-0.11595320701599121,-0.04140812158584595,-0.17381173372268677,-0.06881943345069885,-0.1805155873298645,-0.06065422296524048,-0.12417054176330566,-0.04758197069168091,-0.12062579393386841,-0.014973461627960205,-0.17106103897094727,-0.043189167976379395,-0.1739451289176941,-0.037233173847198486,-0.12059491872787476,-0.024290740489959717,-0.11773991584777832,0.01252824068069458,-0.1590505838394165,-0.01745474338531494,-0.15483218431472778,-0.016524791717529297,-0.11766457557678223,-0.005325675010681152,-0.11484181880950928
0,0.0,0.0,-0.04993414878845215,-0.02123016119003296,-0.08866217732429504,-0.07468706369400024,-0.09277406334877014,-0.1211165189743042,-0.066947340965271,-0.1293168067932129,-0.057025253772735596,-0.1716688871383667,-0.0923842191696167,-0.17297202348709106,-0.08313688635826111,-0.11981230974197388,-0.06782981753349304,-0.11385375261306763,-0.032221078872680664,-0.17847341299057007,-0.06959199905395508,-0.17735058069229126,-0.06094670295715332,-0.11989593505859375,-0.04519578814506531,-0.11668819189071655,-0.008391380310058594,-0.17470264434814453,-0.04651641845703125,-0.17180681228637695,-0.040230363607406616,-0.11571758985519409,-0.024853169918060303,-0.11309486627578735,0.015261352062225342,-0.16022396087646484,-0.022154390811920166,-0.15398341417312622,-0.020481199026107788,-0.11581182479858398,-0.0065201520919799805,-0.11301326751708984
0,0.0,0.0,-0.055803656578063965,-0.023820161819458008,-0.09205684065818787,-0.07425355911254883,-0.09734302759170532,-0.11809945106506348,-0.08197090029716492,-0.14456242322921753,-0.06347540020942688,-0.16731184720993042,-0.09949767589569092,-0.170243501663208,-0.0889396071434021,-0.1179538369178772,-0.07194778323173523,-0.1100953221321106,-0.037644535303115845,-0.17653614282608032,-0.07797914743423462,-0.18037813901901245,-0.06943374872207642,-0.1237524151802063,-0.052342236042022705,-0.11737006902694702,-0.013109326362609863,-0.17491811513900757,-0.054814666509628296,-0.1775200366973877,-0.04742833971977234,-0.12239784002304077,-0.030545949935913086,-0.1164444088935852,0.010427355766296387,-0.16247445344924927,-0.02950933575630188,-0.1553102731704712,-0.02617475390434265,-0.11838382482528687,-0.010847091674804688,-0.11525261402130127
0,0.0,0.0,-0.05386871099472046,-0.02701646089553833,-0.0905313789844513,-0.07830971479415894,-0.09801715612411499,-0.12145721912384033,-0.07462027668952942,-0.1336163878440857,-0.05061608552932739,-0.1777135729789734,-0.0923146903514862,-0.172826886177063,-0.08382081985473633,-0.12184256315231323,-0.06718125939369202,-0.11226415634155273,-0.028583109378814697,-0.1844414472579956,-0.07555282115936279,-0.1767287254333496,-0.06605973839759827,-0.12355637550354004,-0.04655519127845764,-0.11957329511642456,-0.008132517337799072,-0.1809207797050476,-0.055226415395736694,-0.17280203104019165,-0.04763266444206238,-0.1216433048248291,-0.029275715351104736,-0.118885338306427,0.010811001062393188,-0.16621512174606323,-0.03234052658081055,-0.15600311756134033,-0.02884390950202942,-0.12012737989425659,-0.011971205472946167,-0.11750531196594238
0,0.0,0.0,-0.054806679487228394,-0.03243178129196167,-0.08779299259185791,-0.08358722925186157,-0.09283539652824402,-0.12191975116729736,-0.0704282820224762,-0.13470560312271118,-0.04142656922340393,-0.17463719844818115,-0.08941936492919922,-0.17374932765960693,-0.0795091986656189,-0.12297987937927246,-0.06123393774032593,-0.117695152759552,-0.019452929496765137,-0.17942506074905396,-0.07255345582962036,-0.17594021558761597,-0.0620037317276001,-0.12135374546051025,-0.04154816269874573,-0.12001919746398926,-0.00030943751335144043,-0.17448490858078003,-0.05234399437904358,-0.17210429906845093,-0.04450780153274536,-0.11873435974121094,-0.0245836079120636,-0.11404299736022949,0.01541474461555481,-0.15958917140960693,-0.030603915452957153,-0.15267413854599,-0.027143925428390503,-0.11658239364624023,-0.00850766897201538,-0.11286520957946777
0,0.0,0.0,-0.05014270544052124,-0.028661906719207764,-0.08086590468883514,-0.07806658744812012,-0.09391917288303375,-0.11623573303222656,-0.075959712266922,-0.11983460187911987,-0.03332313895225525,-0.16537678241729736,-0.08400440216064453,-0.15987974405288696,-0.07494059205055237,-0.11380672454833984,-0.05550292134284973,-0.1102442741394043,-0.01755627989768982,-0.1704772710800171,-0.07471421360969543,-0.16481292247772217,-0.06565263867378235,-0.11431866884231567,-0.043970853090286255,-0.11339211463928223,-0.0038961470127105713,-0.16746550798416138,-0.06000703573226929,-0.16765719652175903,-0.05330997705459595,-0.11670136451721191,-0.03170064091682434,-0.11352568864822388,0.006932169198989868,-0.1559760570526123,-0.04219755530357361,-0.15340262651443481,-0.03834044933319092,-0.11683738231658936,-0.017631709575653076,-0.1112552285194397
0,0.0,0.0,-0.04931806027889252,-0.03024744987487793,-0.0775519609451294,-0.07674717903137207,-0.09387066960334778,-0.11155575513839722,-0.07879194617271423,-0.1188402771949768,-0.026013076305389404,-0.16342276334762573,-0.07612940669059753,-0.158280611038208,-0.06878864765167236,-0.11595714092254639,-0.05022433400154114,-0.11306643486022949,-0.013492494821548462,-0.16655802726745605,-0.07194474339485168,-0.16084158420562744,-0.0632811039686203,-0.11394596099853516,-0.04109543561935425,-0.1125643253326416,-0.0045791566371917725,-0.1642141342163086,-0.06259745359420776,-0.16176092624664307,-0.055879682302474976,-0.1141619086265564,-0.03346547484397888,-0.11023491621017456,0.00015273690223693848,-0.15452629327774048,-0.048967257142066956,-0.14804863929748535,-0.04390940070152283,-0.11483871936798096,-0.022942006587982178,-0.10913032293319702
0,0.0,0.0,-0.048907652497291565,-0.027771174907684326,-0.07577729225158691,-0.07225596904754639,-0.09193101525306702,-0.10581076145172119,-0.07831494510173798,-0.1151931881904602,-0.024774253368377686,-0.15821242332458496,-0.07461920380592346,-0.1526286005973816,-0.0681934654712677,-0.11179500818252563,-0.05028757452964783,-0.10766732692718506,-0.013936758041381836,-0.16131120920181274,-0.07149408757686615,-0.1563103199005127,-0.06283734738826752,-0.11035698652267456,-0.040794312953948975,-0.1083141565322876,-0.006513327360153198,-0.1597955822944641,-0.06302633881568909,-0.1570141315460205,-0.05629584193229675,-0.1106986403465271,-0.03394326567649841,-0.10681992769241333,-0.0027911365032196045,-0.1516450047492981,-0.050087377429008484,-0.14422225952148438,-0.04466894268989563,-0.11157000064849854,-0.02389603853225708,-0.10627728700637817
0,0.0,0.0,-0.04643552005290985,-0.019437730312347412,-0.07187193632125854,-0.05481362342834473,-0.08576296269893646,-0.08432179689407349,-0.0728236585855484,-0.10069781541824341,-0.02360236644744873,-0.1374029517173767,-0.06809091567993164,-0.13285142183303833,-0.06398908793926239,-0.09845006465911865,-0.04798540472984314,-0.09037202596664429,-0.013738870620727539,-0.14213436841964722,-0.06583848595619202,-0.1378767490386963,-0.05945247411727905,-0.09675484895706177,-0.038861945271492004,-0.09234142303466797,-0.007460981607437134,-0.1434045433998108,-0.06042909622192383,-0.13807463645935059,-0.05482645332813263,-0.09740382432937622,-0.033932313323020935,-0.0932842493057251,-0.0055353641510009766,-0.13746124505996704,-0.05046020448207855,-0.1271756887435913,-0.04524356126785278,-0.09848421812057495,-0.025899842381477356,-0.09416449069976807
0,0.0,0.0,-0.04609715938568115,-0.015622854232788086,-0.07176060974597931,-0.0483585000038147,-0.08502510190010071,-0.07787400484085083,-0.0725746750831604,-0.09261375665664673,-0.028220176696777344,-0.12723231315612793,-0.074366495013237,-0.11791712045669556,-0.06779290735721588,-0.08369195461273193,-0.05115845799446106,-0.07971024513244629,-0.017668813467025757,-0.13445550203323364,-0.07021203637123108,-0.12576639652252197,-0.06050051748752594,-0.08684074878692627,-0.04043726623058319,-0.08515912294387817,-0.010899007320404053,-0.1379116177558899,-0.06346377730369568,-0.1289086937904358,-0.05477526783943176,-0.08899551630020142,-0.03441080451011658,-0.08671218156814575,-0.007992163300514221,-0.1348583698272705,-0.05215427279472351,-0.12060326337814331,-0.045010119676589966,-0.09129893779754639,-0.025988295674324036,-0.08764415979385376
0,0.0,0.0,-0.04791972041130066,-0.017482221126556396,-0.0756041407585144,-0.050975143909454346,-0.08812382817268372,-0.08011859655380249,-0.0750063955783844,-0.09416347742080688,-0.045259028673172,-0.1276646852493286,-0.08259627223014832,-0.1189584732055664,-0.07176686823368073,-0.083865225315094,-0.05582420527935028,-0.08250933885574341,-0.03159366548061371,-0.13669288158416748,-0.07428687810897827,-0.12710821628570557,-0.062012895941734314,-0.08691257238388062,-0.043656960129737854,-0.08882766962051392,-0.017908751964569092,-0.14088040590286255,-0.06317916512489319,-0.1315341591835022,-0.05227513611316681,-0.08990240097045898,-0.03356178104877472,-0.09021234512329102,-0.005322754383087158,-0.13694745302200317,-0.04664225876331329,-0.12364071607589722,-0.03903983533382416,-0.09540945291519165,-0.020503610372543335,-0.09602606296539307
0,0.0,0.0,-0.045785605907440186,-0.004433393478393555,-0.08461557328701019,-0.030716300010681152,-0.09841421246528625,-0.0647011399269104,-0.0794219821691513,-0.0868346095085144,-0.06708844006061554,-0.12588196992874146,-0.10594603419303894,-0.10403180122375488,-0.08544455468654633,-0.06859403848648071,-0.06863096356391907,-0.07596272230148315,-0.046741217374801636,-0.13943862915039062,-0.08895230293273926,-0.11229169368743896,-0.06703820824623108,-0.07177817821502686,-0.05022124946117401,-0.08304071426391602,-0.027635186910629272,-0.1430460810661316,-0.06896243989467621,-0.11688989400863647,-0.05112782120704651,-0.07649266719818115,-0.03469020128250122,-0.0831872820854187,-0.008904904127120972,-0.13619792461395264,-0.046210840344429016,-0.11282819509506226,-0.035522133111953735,-0.08455771207809448,-0.019814729690551758,-0.08847081661224365
0,0.0,0.0,-0.04645398259162903,-0.021495699882507324,-0.07598918676376343,-0.05585092306137085,-0.09011910855770111,-0.09161853790283203,-0.07799157500267029,-0.1134026050567627,-0.046924203634262085,-0.13421577215194702,-0.08007782697677612,-0.1382398009300232,-0.07249462604522705,-0.09698754549026489,-0.05755320191383362,-0.0917094349861145,-0.029316067695617676,-0.14179235696792603,-0.06893399357795715,-0.14161229133605957,-0.06046101450920105,-0.0938270092010498,-0.04237586259841919,-0.09410661458969116,-0.011365175247192383,-0.1435510516166687,-0.052540361881256104,-0.1393778920173645,-0.04525101184844971,-0.09378981590270996,-0.028049856424331665,-0.09364330768585205,0.006479382514953613,-0.1368691325187683,-0.03291091322898865,-0.1312093734741211,-0.028960466384887695,-0.1008836030960083,-0.012441515922546387,-0.099048912525177
0,0.0,0.0,-0.04618328809738159,-0.02751094102859497,-0.06809678673744202,-0.06849312782287598,-0.0785944014787674,-0.10056859254837036,-0.06663985550403595,-0.11020016670227051,-0.019542396068572998,-0.14804351329803467,-0.06731866300106049,-0.14335167407989502,-0.06172040104866028,-0.10398060083389282,-0.04462921619415283,-0.0979917049407959,-0.007173448801040649,-0.15121984481811523,-0.06196513772010803,-0.1446477174758911,-0.05535176396369934,-0.10200512409210205,-0.035321831703186035,-0.10051119327545166,0.0009949803352355957,-0.1462242603302002,-0.052457839250564575,-0.142300546169281,-0.04757377505302429,-0.0994870662689209,-0.027858108282089233,-0.09577524662017822,0.004547208547592163,-0.13363248109817505,-0.0414641797542572,-0.12482571601867676,-0.037081003189086914,-0.09441548585891724,-0.018121033906936646,-0.0902147889137268
0,0.0,0.0,-0.04469263553619385,-0.03034263849258423,-0.06575515866279602,-0.07284367084503174,-0.07572560012340546,-0.10499107837677002,-0.06212174892425537,-0.109402596950531,-0.006789147853851318,-0.1553325653076172,-0.05901944637298584,-0.15039080381393433,-0.055099114775657654,-0.1099516749382019,-0.037729412317276,-0.10235989093780518,0.0047116875648498535,-0.1559504270553589,-0.056756556034088135,-0.1479039192199707,-0.05179682374000549,-0.1052212119102478,-0.03133830428123474,-0.10043984651565552,0.009065389633178711,-0.14800071716308594,-0.04971262812614441,-0.14253365993499756,-0.04617878794670105,-0.10084563493728638,-0.0260944664478302,-0.09466248750686646,0.007502138614654541,-0.13333046436309814,-0.04175311326980591,-0.12389904260635376,-0.03683340549468994,-0.09322214126586914,-0.017178446054458618,-0.08628886938095093
0,0.0,0.0,-0.043126821517944336,-0.03238821029663086,-0.06417325139045715,-0.07713121175765991,-0.07479852437973022,-0.10937756299972534,-0.06074589490890503,-0.11002707481384277,-0.0010226070880889893,-0.15735787153244019,-0.05535656213760376,-0.15378892421722412,-0.05225270986557007,-0.11337399482727051,-0.03614836931228638,-0.10337889194488525,0.007650285959243774,-0.15842634439468384,-0.05552363395690918,-0.15325725078582764,-0.05211597681045532,-0.11076945066452026,-0.033152639865875244,-0.10138088464736938,0.007817000150680542,-0.14892137050628662,-0.05269753932952881,-0.14578264951705933,-0.049358636140823364,-0.10352057218551636,-0.029908031225204468,-0.0949016809463501,0.0024491846561431885,-0.13272321224212646,-0.048061639070510864,-0.11884289979934692,-0.042390912771224976,-0.08786612749099731,-0.02277788519859314,-0.08171969652175903
0,0.0,0.0,-0.046897321939468384,-0.03641796112060547,-0.06781327724456787,-0.08296388387680054,-0.0793612003326416,-0.11555325984954834,-0.06670866906642914,-0.11391383409500122,-0.002152353525161743,-0.16201841831207275,-0.058568745851516724,-0.16178858280181885,-0.055025726556777954,-0.12014412879943848,-0.038349658250808716,-0.1111910343170166,0.0060880184173583984,-0.16290283203125,-0.05924949049949646,-0.15877199172973633,-0.05428498983383179,-0.11625486612319946,-0.034301966428756714,-0.10762500762939453,0.004261225461959839,-0.1525745391845703,-0.056950509548187256,-0.14890402555465698,-0.05339360237121582,-0.10740262269973755,-0.03348079323768616,-0.09997183084487915,-0.004145681858062744,-0.13648688793182373,-0.054027706384658813,-0.11743372678756714,-0.04740339517593384,-0.08702731132507324,-0.027185052633285522,-0.0832369327545166
0,0.0,0.0,-0.04630935192108154,-0.033699214458465576,-0.06881400942802429,-0.07934892177581787,-0.0812850147485733,-0.11171513795852661,-0.06743258237838745,-0.11059308052062988,-0.006188064813613892,-0.1646498441696167,-0.06247258186340332,-0.1584520936012268,-0.058551400899887085,-0.11777997016906738,-0.04163843393325806,-0.10915005207061768,0.0028640031814575195,-0.16476404666900635,-0.06247878074645996,-0.15543508529663086,-0.057014644145965576,-0.1131942868232727,-0.03753858804702759,-0.10557091236114502,0.0038611292839050293,-0.15421611070632935,-0.05890345573425293,-0.14353883266448975,-0.053429365158081055,-0.10238826274871826,-0.03389686346054077,-0.09617489576339722,-0.0009886324405670166,-0.1364648938179016,-0.052534013986587524,-0.11838603019714355,-0.04541778564453125,-0.08825087547302246,-0.025962114334106445,-0.08328127861022949
0,0.0,0.0,-0.04632312059402466,-0.03302311897277832,-0.06987527012825012,-0.08103805780410767,-0.0781984031200409,-0.11974579095840454,-0.06238660216331482,-0.12356334924697876,-0.016708940267562866,-0.16152876615524292,-0.06534042954444885,-0.15992385149002075,-0.060060471296310425,-0.11771231889724731,-0.04231119155883789,-0.11263221502304077,-0.0006039142608642578,-0.1649121642112732,-0.05859258770942688,-0.158674955368042,-0.052120327949523926,-0.11313509941101074,-0.03145328164100647,-0.11157351732254028,0.010144740343093872,-0.1589011549949646,-0.046111077070236206,-0.15364015102386475,-0.0420149564743042,-0.10887229442596436,-0.0222775936126709,-0.10359317064285278,0.015468984842300415,-0.14479923248291016,-0.0329376757144928,-0.13610577583312988,-0.028885573148727417,-0.10564196109771729,-0.009979575872421265,-0.09981310367584229
0,0.0,0.0,-0.04601466655731201,-0.0048722028732299805,-0.08525919914245605,-0.04506397247314453,-0.09508347511291504,-0.08810830116271973,-0.08881077170372009,-0.11826956272125244,-0.07312348484992981,-0.10798132419586182,-0.09847712516784668,-0.12591195106506348,-0.08507487177848816,-0.08699929714202881,-0.07108944654464722,-0.07815772294998169,-0.05246251821517944,-0.12313586473464966,-0.07951793074607849,-0.137373149394989,-0.06647670269012451,-0.09287244081497192,-0.05219048261642456,-0.08758842945098877,-0.029707759618759155,-0.13216900825500488,-0.058718740940093994,-0.14272618293762207,-0.046911418437957764,-0.09742838144302368,-0.03250759840011597,-0.09166103601455688,-0.0037615597248077393,-0.13546884059906006,-0.03476601839065552,-0.13757455348968506,-0.028039872646331787,-0.10415184497833252,-0.014126449823379517,-0.09787064790725708
0,0.0,0.0,-0.048572659492492676,-0.013740003108978271,-0.08548519015312195,-0.05493801832199097,-0.0800071656703949,-0.09749281406402588,-0.055103421211242676,-0.12162017822265625,-0.0760115385055542,-0.10603839159011841,-0.1020556092262268,-0.12927669286727905,-0.08986803889274597,-0.09805089235305786,-0.07473766803741455,-0.08285671472549438,-0.05334782600402832,-0.11869686841964722,-0.07512491941452026,-0.14552080631256104,-0.06488430500030518,-0.11062830686569214,-0.051328182220458984,-0.09613364934921265,-0.027618467807769775,-0.12476086616516113,-0.04743608832359314,-0.15053945779800415,-0.040767133235931396,-0.11329632997512817,-0.02920868992805481,-0.09743976593017578,0.0009973347187042236,-0.12525337934494019,-0.022616416215896606,-0.1418554186820984,-0.02080082893371582,-0.11205607652664185,-0.010376662015914917,-0.09653300046920776
0,0.0,0.0,-0.035097360610961914,-0.014984428882598877,-0.05776870250701904,-0.05058330297470093,-0.042851805686950684,-0.09529221057891846,-0.024305641651153564,-0.12389487028121948,-0.09035444259643555,-0.10831671953201294,-0.09671342372894287,-0.1465206742286682,-0.07668924331665039,-0.12213355302810669,-0.062348008155822754,-0.10254305601119995,-0.06741070747375488,-0.12554532289505005,-0.06258350610733032,-0.16306036710739136,-0.04772287607192993,-0.1315789818763733,-0.0458415150642395,-0.11331522464752197,-0.041075170040130615,-0.13188451528549194,-0.03388774394989014,-0.1631717085838318,-0.025595545768737793,-0.12853050231933594,-0.028690099716186523,-0.10948729515075684,-0.01327294111251831,-0.12773901224136353,-0.008185148239135742,-0.1534070372581482,-0.005799412727355957,-0.1271088719367981,-0.009954988956451416,-0.10825592279434204
0,0.0,0.0,-0.006119906902313232,0.0004648566246032715,-0.006260693073272705,-0.03466510772705078,0.017672479152679443,-0.08166784048080444,0.03325861692428589,-0.11488097906112671,-0.07103055715560913,-0.10435080528259277,-0.020912587642669678,-0.11520779132843018,-0.012327790260314941,-0.0781564712524414,-0.027624905109405518,-0.06907528638839722,-0.05621975660324097,-0.12374067306518555,-0.006577908992767334,-0.13121730089187622,0.0008220672607421875,-0.08658468723297119,-0.01558762788772583,-0.07986241579055786,-0.03931611776351929,-0.13161659240722656,0.005436897277832031,-0.14107155799865723,0.012241065502166748,-0.1020001769065857,-0.0036773085594177246,-0.0932430624961853,-0.021310806274414062,-0.13091987371444702,0.009814262390136719,-0.1408563256263733,0.013353347778320312,-0.1123206615447998,4.184246063232422e-05,-0.10097312927246094
0,0.0,0.0,-0.006814837455749512,0.0016699433326721191,-0.0051760077476501465,-0.032145023345947266,0.018841445446014404,-0.07613301277160645,0.035391926765441895,-0.10185623168945312,-0.06832599639892578,-0.1031796932220459,-0.018590867519378662,-0.1164705753326416,-0.010547876358032227,-0.08096134662628174,-0.02604454755783081,-0.07353991270065308,-0.053156375885009766,-0.12219786643981934,-0.005722999572753906,-0.13294154405593872,0.0018218159675598145,-0.0881279706954956,-0.013512849807739258,-0.0819551944732666,-0.03690868616104126,-0.13091015815734863,0.00494915246963501,-0.14190834760665894,0.012850522994995117,-0.10179150104522705,-0.00186842679977417,-0.0946279764175415,-0.019567668437957764,-0.13235491514205933,0.009115397930145264,-0.14396268129348755,0.014259040355682373,-0.11548835039138794,0.0025783777236938477,-0.10430145263671875
0,0.0,0.0,-0.007300376892089844,0.0008371472358703613,-0.005910813808441162,-0.034534752368927,0.01682215929031372,-0.07949155569076538,0.03204643726348877,-0.10496658086776733,-0.06902647018432617,-0.1028260588645935,-0.02013033628463745,-0.11751538515090942,-0.0119972825050354,-0.08141505718231201,-0.026081562042236328,-0.07271826267242432,-0.05337202548980713,-0.12086302042007446,-0.0065694451332092285,-0.13384699821472168,0.00027680397033691406,-0.08973199129104614,-0.013465821743011475,-0.08111327886581421,-0.03677558898925781,-0.12885427474975586,0.004718959331512451,-0.1407332420349121,0.011577904224395752,-0.10037058591842651,-0.002631068229675293,-0.09134918451309204,-0.018978238105773926,-0.1291956901550293,0.008649706840515137,-0.14116215705871582,0.013119280338287354,-0.11268854141235352,0.001201629638671875,-0.10159319639205933
0,0.0,0.0,-0.033287763595581055,-0.02810382843017578,-0.05309659242630005,-0.08435934782028198,-0.031828224658966064,-0.13052260875701904,-0.005414187908172607,-0.1411791443824768,-0.08194416761398315,-0.12746620178222656,-0.07335615158081055,-0.16954749822616577,-0.0577966570854187,-0.1361868977546692,-0.05380070209503174,-0.11646687984466553,-0.05449676513671875,-0.13436001539230347,-0.04131495952606201,-0.16977882385253906,-0.031068146228790283,-0.12629318237304688,-0.037634313106536865,-0.11807143688201904,-0.027223587036132812,-0.13452303409576416,-0.013284802436828613,-0.15800583362579346,-0.009192943572998047,-0.11822277307510376,-0.0192449688911438,-0.11298292875289917,-0.0008627772331237793,-0.1293233036994934,0.009376049041748047,-0.14454954862594604,0.00827711820602417,-0.11637020111083984,-0.0014287829399108887,-0.10530132055282593
0,0.0,0.0,-0.04638904333114624,-0.033391475677490234,-0.07833564281463623,-0.1038544774055481,-0.06236863136291504,-0.1474127173423767,-0.026821792125701904,-0.13967889547348022,-0.05224418640136719,-0.1635259985923767,-0.07548391819000244,-0.18782103061676025,-0.06965780258178711,-0.1383543610572815,-0.057041943073272705,-0.12514597177505493,-0.022360026836395264,-0.16697192192077637,-0.04488694667816162,-0.18835914134979248,-0.043643176555633545,-0.13263726234436035,-0.03180474042892456,-0.12450802326202393,0.005549728870391846,-0.15724092721939087,-0.017489731311798096,-0.17000460624694824,-0.020156681537628174,-0.11622637510299683,-0.008782625198364258,-0.11029690504074097,0.033127784729003906,-0.13909560441970825,0.003925621509552002,-0.14208471775054932,-0.0016034245491027832,-0.10440933704376221,0.008733034133911133,-0.09771722555160522
0,0.0,0.0,-0.04772531986236572,-0.05875194072723389,-0.06701624393463135,-0.12164223194122314,-0.078136146068573,-0.16298037767410278,-0.06622844934463501,-0.1509171724319458,0.0172121524810791,-0.18932104110717773,-0.049197256565093994,-0.205605149269104,-0.05081164836883545,-0.15871310234069824,-0.03231912851333618,-0.14554226398468018,0.030485153198242188,-0.18114691972732544,-0.04903364181518555,-0.19416773319244385,-0.0497552752494812,-0.14810436964035034,-0.028264641761779785,-0.13619542121887207,0.03086066246032715,-0.1597893238067627,-0.04483914375305176,-0.1745625138282776,-0.04561537504196167,-0.1311226487159729,-0.025178849697113037,-0.1187596321105957,0.02225703001022339,-0.13243186473846436,-0.03815579414367676,-0.13977289199829102,-0.035544395446777344,-0.10927075147628784,-0.01550590991973877,-0.09639805555343628
0,0.0,0.0,0.004029393196105957,-0.06515318155288696,0.003636002540588379,-0.1275283694267273,-0.013010144233703613,-0.16620677709579468,-0.03430420160293579,-0.178672194480896,0.041320741176605225,-0.17285889387130737,-0.024546444416046143,-0.20975911617279053,-0.034712910652160645,-0.17551809549331665,-0.02350372076034546,-0.16057723760604858,0.033823490142822266,-0.1627475619316101,-0.04172229766845703,-0.2028098702430725,-0.04618567228317261,-0.1629154086112976,-0.030923783779144287,-0.14414817094802856,0.01717895269393921,-0.1473570466041565,-0.05440974235534668,-0.18342208862304688,-0.055424273014068604,-0.14170438051223755,-0.039543330669403076,-0.1230463981628418,-0.004531741142272949,-0.13059771060943604,-0.05784839391708374,-0.14412885904312134,-0.057627975940704346,-0.11300480365753174,-0.04365098476409912,-0.09836596250534058
0,0.0,0.0,0.042170047760009766,-0.04107856750488281,0.0636824369430542,-0.10500353574752808,0.05395793914794922,-0.1655612587928772,0.029463648796081543,-0.19131237268447876,0.0993838906288147,-0.1320723295211792,0.05767935514450073,-0.2203884720802307,0.03502756357192993,-0.19838404655456543,0.03876310586929321,-0.17378360033035278,0.07069981098175049,-0.12416565418243408,0.026606619358062744,-0.21693366765975952,0.009157896041870117,-0.19194382429122925,0.016006171703338623,-0.16552495956420898,0.03445303440093994,-0.11698049306869507,-0.0017638802528381348,-0.2038896083831787,-0.013570308685302734,-0.17530018091201782,-0.004997372627258301,-0.14660310745239258,-0.004063248634338379,-0.10933655500411987,-0.028688013553619385,-0.17365741729736328,-0.03367263078689575,-0.1490272879600525,-0.025757431983947754,-0.12411999702453613
0,0.0,0.0,0.043906450271606445,-0.0372166633605957,0.07184606790542603,-0.10124468803405762,0.0676722526550293,-0.16799664497375488,0.048296451568603516,-0.20354050397872925,0.10644280910491943,-0.10925543308258057,0.07464617490768433,-0.21314716339111328,0.049091875553131104,-0.199459969997406,0.04788327217102051,-0.17311590909957886,0.0733034610748291,-0.10249245166778564,0.03935295343399048,-0.2130812406539917,0.019598186016082764,-0.19295167922973633,0.02307659387588501,-0.16351580619812012,0.03428465127944946,-0.1004253625869751,0.008024334907531738,-0.20114481449127197,-0.004417359828948975,-0.1759861707687378,0.00124436616897583,-0.14380478858947754,-0.0057181715965271,-0.1008644700050354,-0.019963204860687256,-0.1777048110961914,-0.025927066802978516,-0.15546929836273193,-0.020921766757965088,-0.12783759832382202
0,0.0,0.0,0.04547089338302612,-0.04115116596221924,0.0722392201423645,-0.10523390769958496,0.06767779588699341,-0.16666215658187866,0.04416525363922119,-0.19619840383529663,0.10979664325714111,-0.12817955017089844,0.06727230548858643,-0.22165924310684204,0.04503387212753296,-0.19948124885559082,0.050650179386138916,-0.17240595817565918,0.08089941740036011,-0.12286388874053955,0.037480711936950684,-0.22044265270233154,0.020933449268341064,-0.19419699907302856,0.028146445751190186,-0.16503852605819702,0.04477900266647339,-0.117378830909729,0.008835971355438232,-0.2087143063545227,-0.003833472728729248,-0.17871177196502686,0.00504457950592041,-0.1483323574066162,0.005600392818450928,-0.1105988621711731,-0.017958343029022217,-0.18002545833587646,-0.024399876594543457,-0.15564650297164917,-0.017538070678710938,-0.1287592053413391
0,0.0,0.0,0.03406268358230591,-0.05905085802078247,0.042463481426239014,-0.12267988920211792,0.02285778522491455,-0.16688299179077148,-0.007654905319213867,-0.1804385781288147,0.06724900007247925,-0.16400128602981567,0.010321974754333496,-0.21236485242843628,-0.0025025606155395508,-0.18547332286834717,0.00763171911239624,-0.16758739948272705,0.04831850528717041,-0.16100651025772095,-0.013680458068847656,-0.20467203855514526,-0.020351409912109375,-0.17386877536773682,-0.007288575172424316,-0.15349173545837402,0.021737396717071533,-0.15069031715393066,-0.03473949432373047,-0.18767911195755005,-0.03847783803939819,-0.15563130378723145,-0.023534715175628662,-0.13748550415039062,-0.008581161499023438,-0.13600611686706543,-0.05084240436553955,-0.15915203094482422,-0.051109373569488525,-0.1323680877685547,-0.03830993175506592,-0.1163145899772644
0,0.0,0.0,-0.04336392879486084,-0.05582171678543091,-0.056900620460510254,-0.1044725775718689,-0.06841450929641724,-0.14207231998443604,-0.0672827959060669,-0.1597101092338562,0.025894522666931152,-0.17310774326324463,-0.036692798137664795,-0.19527047872543335,-0.04656219482421875,-0.15221720933914185,-0.035329341888427734,-0.12966257333755493,0.03149104118347168,-0.16834533214569092,-0.044696807861328125,-0.18969452381134033,-0.05217093229293823,-0.14534807205200195,-0.03649407625198364,-0.1266881823539734,0.024778008460998535,-0.15537846088409424,-0.04836106300354004,-0.1742270588874817,-0.05263406038284302,-0.13173425197601318,-0.03610968589782715,-0.11217385530471802,0.009438514709472656,-0.13854485750198364,-0.048918843269348145,-0.14648973941802979,-0.053542256355285645,-0.11499303579330444,-0.040760338306427,-0.09607905149459839
0,0.0,0.0,-0.04959404468536377,-0.05249941349029541,-0.07001054286956787,-0.11470580101013184,-0.07662343978881836,-0.1587093472480774,-0.05847698450088501,-0.15607428550720215,0.010164320468902588,-0.18754339218139648,-0.050845205783843994,-0.20026510953903198,-0.05186927318572998,-0.15225005149841309,-0.03298848867416382,-0.14145517349243164,0.026204407215118408,-0.183707594871521,-0.04588150978088379,-0.19532251358032227,-0.04674839973449707,-0.1424679160118103,-0.024033963680267334,-0.1343982219696045,0.03211897611618042,-0.17042773962020874,-0.03700602054595947,-0.17948085069656372,-0.039600491523742676,-0.12854933738708496,-0.018094003200531006,-0.11931008100509644,0.02978569269180298,-0.15035587549209595,-0.028247296810150146,-0.15108495950698853,-0.027472615242004395,-0.11469626426696777,-0.00665813684463501,-0.10480713844299316
0,0.0,0.0,-0.0478510856628418,-0.029177427291870117,-0.08327192068099976,-0.09338635206222534,-0.06784313917160034,-0.14652317762374878,-0.033094048500061035,-0.14923304319381714,-0.08461755514144897,-0.12434893846511841,-0.10244667530059814,-0.17954003810882568,-0.08391273021697998,-0.132887601852417,-0.0742310881614685,-0.11304891109466553,-0.055424630641937256,-0.1362851858139038,-0.06796908378601074,-0.18824857473373413,-0.055417418479919434,-0.13342070579528809,-0.051683008670806885,-0.12232953310012817,-0.0242273211479187,-0.13981527090072632,-0.03296029567718506,-0.1826154589653015,-0.02653217315673828,-0.12747734785079956,-0.023692011833190918,-0.11533880233764648,0.008211195468902588,-0.13890689611434937,-0.0037447214126586914,-0.16310995817184448,-0.004514098167419434,-0.12491583824157715,-0.00033277273178100586,-0.11188536882400513
0,0.0,0.0,-0.04383492469787598,-0.028194844722747803,-0.07663053274154663,-0.09296095371246338,-0.057854533195495605,-0.14766335487365723,-0.019736647605895996,-0.14865225553512573,-0.08392912149429321,-0.12969720363616943,-0.09610641002655029,-0.18311423063278198,-0.08020800352096558,-0.13439273834228516,-0.07166862487792969,-0.11364537477493286,-0.053027331829071045,-0.14079129695892334,-0.0640975832939148,-0.1900486946105957,-0.05356651544570923,-0.13342857360839844,-0.048627257347106934,-0.12276029586791992,-0.020555436611175537,-0.14226651191711426,-0.027353882789611816,-0.1819278597831726,-0.02362799644470215,-0.12637817859649658,-0.020722806453704834,-0.11561650037765503,0.012241601943969727,-0.13855808973312378,0.0014958977699279785,-0.15993666648864746,-0.0006221532821655273,-0.12243109941482544,0.003200709819793701,-0.11214745044708252
0,0.0,0.0,-0.04695618152618408,-0.029357552528381348,-0.08317315578460693,-0.09773480892181396,-0.06741106510162354,-0.15285354852676392,-0.02916187047958374,-0.15024542808532715,-0.08081847429275513,-0.13679033517837524,-0.09706360101699829,-0.18517422676086426,-0.08118396997451782,-0.13654065132141113,-0.07096779346466064,-0.11821907758712769,-0.051444411277770996,-0.14917457103729248,-0.06615358591079712,-0.1949779987335205,-0.05486482381820679,-0.13783031702041626,-0.04718261957168579,-0.12686169147491455,-0.02005666494369507,-0.150629460811615,-0.03169405460357666,-0.18829560279846191,-0.026541709899902344,-0.13119184970855713,-0.020546913146972656,-0.12047237157821655,0.013433218002319336,-0.14654338359832764,-0.0022515058517456055,-0.16669291257858276,-0.0035742521286010742,-0.12796694040298462,0.0022194385528564453,-0.11729735136032104
0,0.0,0.0,-0.048478901386260986,-0.029853641986846924,-0.08385616540908813,-0.09976011514663696,-0.06746917963027954,-0.1544250249862671,-0.029855728149414062,-0.1515721082687378,-0.08062994480133057,-0.141230046749115,-0.09721577167510986,-0.18826252222061157,-0.08227825164794922,-0.13962751626968384,-0.07121634483337402,-0.12030309438705444,-0.0512579083442688,-0.15333688259124756,-0.06542438268661499,-0.19776535034179688,-0.05479896068572998,-0.14045345783233643,-0.04655200242996216,-0.127943217754364,-0.019611775875091553,-0.15410876274108887,-0.031093895435333252,-0.1902943253517151,-0.026402652263641357,-0.1334993839263916,-0.020178139209747314,-0.12250721454620361,0.013946890830993652,-0.148787260055542,-0.002449214458465576,-0.16740238666534424,-0.004096031188964844,-0.12885957956314087,0.0020831823348999023,-0.1185154914855957
0,0.0,0.0,-0.049522340297698975,-0.030962109565734863,-0.0853767991065979,-0.10112965106964111,-0.06841123104095459,-0.15493476390838623,-0.030881404876708984,-0.15419059991836548,-0.07979953289031982,-0.14242053031921387,-0.09595608711242676,-0.18902146816253662,-0.08208388090133667,-0.13947898149490356,-0.07127732038497925,-0.12061214447021484,-0.050187885761260986,-0.15410101413726807,-0.06475728750228882,-0.19918328523635864,-0.05516636371612549,-0.14087820053100586,-0.04658377170562744,-0.12831872701644897,-0.018592774868011475,-0.15461575984954834,-0.03096938133239746,-0.19153565168380737,-0.026665806770324707,-0.13338220119476318,-0.01993805170059204,-0.12227779626846313,0.01515895128250122,-0.1490125060081482,-0.002041935920715332,-0.16727149486541748,-0.003912210464477539,-0.1271633505821228,0.0024836063385009766,-0.11677485704421997
0,0.0,0.0,-0.04826587438583374,-0.030657947063446045,-0.08303332328796387,-0.09790265560150146,-0.06833207607269287,-0.1530536413192749,-0.03137892484664917,-0.15394729375839233,-0.07740622758865356,-0.14007794857025146,-0.09476053714752197,-0.18850016593933105,-0.08082163333892822,-0.1407010555267334,-0.06945955753326416,-0.12023788690567017,-0.04797476530075073,-0.15218442678451538,-0.06275933980941772,-0.19806915521621704,-0.052408576011657715,-0.14203089475631714,-0.043376147747039795,-0.1277579665184021,-0.016403675079345703,-0.15283143520355225,-0.029162168502807617,-0.1930641531944275,-0.024594426155090332,-0.13746094703674316,-0.017697930335998535,-0.12442058324813843,0.017424046993255615,-0.14692193269729614,0.0002378225326538086,-0.16925573348999023,-0.002185523509979248,-0.131384015083313,0.003724396228790283,-0.11929160356521606
0,0.0,0.0,-0.04893070459365845,-0.03040260076522827,-0.08400362730026245,-0.09718817472457886,-0.06998157501220703,-0.15088719129562378,-0.03397536277770996,-0.15043026208877563,-0.07818984985351562,-0.13626337051391602,-0.09571206569671631,-0.18490874767303467,-0.08173322677612305,-0.13909095525741577,-0.07048749923706055,-0.11811012029647827,-0.04933816194534302,-0.1487848162651062,-0.06386566162109375,-0.19534379243850708,-0.05297178030014038,-0.1407371163368225,-0.04366922378540039,-0.1250571608543396,-0.018153607845306396,-0.1499895453453064,-0.030340611934661865,-0.19124066829681396,-0.0253942608833313,-0.13768666982650757,-0.018241703510284424,-0.12336623668670654,0.015344679355621338,-0.1445884108543396,-0.0006570816040039062,-0.16737711429595947,-0.0033563971519470215,-0.130451500415802,0.0020225048065185547,-0.11664974689483643
0,0.0,0.0,-0.048736631870269775,-0.03047281503677368,-0.0868387222290039,-0.10132330656051636,-0.0736655592918396,-0.15654140710830688,-0.03651958703994751,-0.15251076221466064,-0.0812181830406189,-0.13884186744689941,-0.09860843420028687,-0.18592655658721924,-0.08377659320831299,-0.13765984773635864,-0.07350271940231323,-0.11980682611465454,-0.052783191204071045,-0.1510331630706787,-0.06825375556945801,-0.19545209407806396,-0.0577426552772522,-0.13916605710983276,-0.0500754714012146,-0.1277579665184021,-0.021893084049224854,-0.1522914171218872,-0.035108327865600586,-0.19103753566741943,-0.030008375644683838,-0.13508087396621704,-0.02376270294189453,-0.12473636865615845,0.011505544185638428,-0.14762061834335327,-0.006126105785369873,-0.16718387603759766,-0.007165074348449707,-0.1287527084350586,-0.00038439035415649414,-0.11876678466796875
0,0.0,0.0,-0.04976385831832886,-0.029008209705352783,-0.08907991647720337,-0.09989631175994873,-0.07593268156051636,-0.15384656190872192,-0.03894251585006714,-0.1505293846130371,-0.08271348476409912,-0.1398078203201294,-0.10091602802276611,-0.18422800302505493,-0.08547288179397583,-0.13593441247940063,-0.07448393106460571,-0.11846107244491577,-0.05376642942428589,-0.15261882543563843,-0.06986725330352783,-0.19525527954101562,-0.058435797691345215,-0.13798415660858154,-0.04972773790359497,-0.12640798091888428,-0.022305428981781006,-0.1540776491165161,-0.03650975227355957,-0.19078153371810913,-0.030140995979309082,-0.1334494948387146,-0.022801458835601807,-0.12327557802200317,0.011659026145935059,-0.14925342798233032,-0.00725477933883667,-0.16744518280029297,-0.007594585418701172,-0.1278362274169922,-0.00024265050888061523,-0.11790502071380615
0,0.0,0.0,-0.05004245042800903,-0.02835524082183838,-0.09048300981521606,-0.1001923680305481,-0.0782516598701477,-0.1544513702392578,-0.0402982234954834,-0.15222877264022827,-0.08120328187942505,-0.1411036252975464,-0.1006079912185669,-0.18444502353668213,-0.08670508861541748,-0.1370069980621338,-0.07476872205734253,-0.12110543251037598,-0.05221128463745117,-0.15434187650680542,-0.06942331790924072,-0.19618326425552368,-0.0597386360168457,-0.13969659805297852,-0.04964041709899902,-0.13000839948654175,-0.021153032779693604,-0.15577417612075806,-0.036837995052337646,-0.1905164122581482,-0.031573712825775146,-0.134391188621521,-0.02242302894592285,-0.12641793489456177,0.012840569019317627,-0.15145450830459595,-0.007932126522064209,-0.16816288232803345,-0.00847768783569336,-0.1292327642440796,0.0005710124969482422,-0.12118685245513916
0,0.0,0.0,-0.050705015659332275,-0.03014904260635376,-0.09101343154907227,-0.10260021686553955,-0.0782771110534668,-0.15595489740371704,-0.04055303335189819,-0.1522601842880249,-0.08076494932174683,-0.14304596185684204,-0.10086691379547119,-0.18480587005615234,-0.0865296721458435,-0.13672679662704468,-0.07439619302749634,-0.12161999940872192,-0.051758527755737305,-0.15551310777664185,-0.06967341899871826,-0.1964769959449768,-0.05996274948120117,-0.13946038484573364,-0.04998576641082764,-0.13037782907485962,-0.02060455083847046,-0.1566638946533203,-0.03692835569381714,-0.19099748134613037,-0.031891465187072754,-0.13361376523971558,-0.02286505699157715,-0.12576353549957275,0.013206303119659424,-0.15216511487960815,-0.008321583271026611,-0.16837871074676514,-0.009279072284698486,-0.12795740365982056,-0.0004531741142272949,-0.11934202909469604
0,0.0,0.0,-0.04941660165786743,-0.0344051718711853,-0.08589822053909302,-0.11088931560516357,-0.07115769386291504,-0.16330748796463013,-0.03487271070480347,-0.15826302766799927,-0.07359343767166138,-0.15252673625946045,-0.09143352508544922,-0.19562101364135742,-0.07957029342651367,-0.14552265405654907,-0.06813478469848633,-0.12891554832458496,-0.043773770332336426,-0.16159945726394653,-0.0593256950378418,-0.20360392332077026,-0.0525507926940918,-0.14506548643112183,-0.04302799701690674,-0.13439416885375977,-0.01230621337890625,-0.15899068117141724,-0.027050673961639404,-0.19392144680023193,-0.02466297149658203,-0.1357053518295288,-0.015972137451171875,-0.12671834230422974,0.02153599262237549,-0.1503412127494812,0.0002861618995666504,-0.1682603359222412,-0.0025678277015686035,-0.12721765041351318,0.005953609943389893,-0.11763715744018555
0,0.0,0.0,-0.04910320043563843,-0.03617364168167114,-0.08489328622817993,-0.11236327886581421,-0.07108765840530396,-0.1644449234008789,-0.034950435161590576,-0.16031020879745483,-0.06672745943069458,-0.15600955486297607,-0.08622390031814575,-0.19831740856170654,-0.07699275016784668,-0.14815908670425415,-0.06401920318603516,-0.13152730464935303,-0.03784555196762085,-0.16359436511993408,-0.054308950901031494,-0.20556455850601196,-0.05061197280883789,-0.14785045385360718,-0.04003244638442993,-0.13667672872543335,-0.007323205471038818,-0.16021502017974854,-0.024486064910888672,-0.19636982679367065,-0.024058520793914795,-0.13821178674697876,-0.0136030912399292,-0.12780249118804932,0.02596491575241089,-0.1506950855255127,0.0014746785163879395,-0.16775691509246826,-0.0018597841262817383,-0.12666690349578857,0.008648991584777832,-0.11711031198501587
0,0.0,0.0,-0.04957401752471924,-0.03327280282974243,-0.08786892890930176,-0.10904967784881592,-0.07839059829711914,-0.16260379552841187,-0.043438732624053955,-0.1580512523651123,-0.06897205114364624,-0.15726906061172485,-0.08909940719604492,-0.19645220041275024,-0.08012592792510986,-0.14544415473937988,-0.067196786403656,-0.13063472509384155,-0.04046154022216797,-0.1659684181213379,-0.058745503425598145,-0.20360970497131348,-0.05460923910140991,-0.14535671472549438,-0.04328429698944092,-0.13577747344970703,-0.010164916515350342,-0.16336441040039062,-0.02972942590713501,-0.19405758380889893,-0.028116226196289062,-0.13572478294372559,-0.016504228115081787,-0.12756431102752686,0.022949814796447754,-0.15384840965270996,-0.0031816959381103516,-0.1688624620437622,-0.0056146979331970215,-0.1274874210357666,0.005814611911773682,-0.11881732940673828
0,0.0,0.0,-0.049238502979278564,-0.03126490116119385,-0.08729058504104614,-0.10659849643707275,-0.07751721143722534,-0.16085755825042725,-0.042690277099609375,-0.15865182876586914,-0.06890237331390381,-0.15783178806304932,-0.0882636308670044,-0.1974751353263855,-0.07971996068954468,-0.14551937580108643,-0.06719297170639038,-0.13087069988250732,-0.040224313735961914,-0.16660207509994507,-0.05785590410232544,-0.2043684720993042,-0.053888678550720215,-0.14483612775802612,-0.04281949996948242,-0.1356709599494934,-0.009977877140045166,-0.1640307903289795,-0.029395580291748047,-0.19367623329162598,-0.027589023113250732,-0.13423830270767212,-0.015992164611816406,-0.12696129083633423,0.02296316623687744,-0.15463465452194214,-0.0029999613761901855,-0.16791939735412598,-0.004940032958984375,-0.1257677674293518,0.0065765380859375,-0.11831152439117432
0,0.0,0.0,-0.04946768283843994,-0.033081650733947754,-0.0871008038520813,-0.10796749591827393,-0.07773441076278687,-0.16180533170700073,-0.04342639446258545,-0.15968537330627441,-0.06829822063446045,-0.15955907106399536,-0.08841967582702637,-0.1982133388519287,-0.0793113112449646,-0.14576321840286255,-0.06644308567047119,-0.1313379406929016,-0.039508044719696045,-0.16800493001937866,-0.05814284086227417,-0.20531755685806274,-0.053945302963256836,-0.14584261178970337,-0.04260677099227905,-0.13677287101745605,-0.009181976318359375,-0.16527032852172852,-0.029576241970062256,-0.19471752643585205,-0.027702391147613525,-0.1353655457496643,-0.015724658966064453,-0.12816911935806274,0.023731529712677002,-0.15577739477157593,-0.003225088119506836,-0.16862457990646362,-0.005051672458648682,-0.12680798768997192,0.006939053535461426,-0.11959642171859741
0,0.0,0.0,-0.04885655641555786,-0.031939029693603516,-0.08621072769165039,-0.10490649938583374,-0.07707953453063965,-0.15813839435577393,-0.04354506731033325,-0.15860086679458618,-0.0674593448638916,-0.15968817472457886,-0.08809483051300049,-0.19739985466003418,-0.07923710346221924,-0.14547967910766602,-0.06585204601287842,-0.1305464506149292,-0.03875124454498291,-0.16827231645584106,-0.05777239799499512,-0.20393133163452148,-0.053868651390075684,-0.1446118950843811,-0.04217606782913208,-0.13560491800308228,-0.008675158023834229,-0.1654244065284729,-0.029445111751556396,-0.1939835548400879,-0.0277593731880188,-0.1343269944190979,-0.015467047691345215,-0.12696808576583862,0.023915350437164307,-0.1552337408065796,-0.0031486153602600098,-0.16818386316299438,-0.005282282829284668,-0.1257532238960266,0.0065711140632629395,-0.117972731590271
0,0.0,0.0,-0.048767030239105225,-0.03090912103652954,-0.08635455369949341,-0.10364902019500732,-0.07712990045547485,-0.15729296207427979,-0.043528854846954346,-0.15669643878936768,-0.06801575422286987,-0.1600557565689087,-0.08895736932754517,-0.19677704572677612,-0.07975345849990845,-0.1449607014656067,-0.06601607799530029,-0.13145536184310913,-0.03923928737640381,-0.16868525743484497,-0.05840408802032471,-0.20302027463912964,-0.054641664028167725,-0.14369261264801025,-0.04306834936141968,-0.13637590408325195,-0.009404957294464111,-0.16543060541152954,-0.03006798028945923,-0.193115234375,-0.028981685638427734,-0.1337752342224121,-0.0168306827545166,-0.1276143193244934,0.022635817527770996,-0.15482109785079956,-0.004464983940124512,-0.16724944114685059,-0.007186710834503174,-0.1251963973045349,0.004400730133056641,-0.11783623695373535
0,0.0,0.0,-0.04678124189376831,-0.03125661611557007,-0.0830148458480835,-0.10284143686294556,-0.07196187973022461,-0.1553090214729309,-0.03680014610290527,-0.15236741304397583,-0.07008093595504761,-0.14584273099899292,-0.0880957841873169,-0.18871474266052246,-0.07707685232162476,-0.14087653160095215,-0.06563788652420044,-0.12316304445266724,-0.042518675327301025,-0.15590691566467285,-0.0583154559135437,-0.19776028394699097,-0.051188766956329346,-0.14268743991851807,-0.041556358337402344,-0.13041692972183228,-0.012819349765777588,-0.15503215789794922,-0.02812802791595459,-0.1910797357559204,-0.024860262870788574,-0.13537520170211792,-0.0158994197845459,-0.12390923500061035,0.019363999366760254,-0.1475622057914734,-0.0009710788726806641,-0.1668604016304016,-0.003190279006958008,-0.1277427077293396,0.005205333232879639,-0.11651432514190674
0,0.0,0.0,-0.046814680099487305,-0.0320553183555603,-0.08192795515060425,-0.10317862033843994,-0.07007110118865967,-0.15510374307632446,-0.03522670269012451,-0.15162700414657593,-0.06987369060516357,-0.14379292726516724,-0.08722537755966187,-0.1869381070137024,-0.07629621028900146,-0.1394675374031067,-0.0645294189453125,-0.12209421396255493,-0.04203593730926514,-0.15312093496322632,-0.057481348514556885,-0.19595974683761597,-0.0505862832069397,-0.14137810468673706,-0.04021930694580078,-0.12908971309661865,-0.012275159358978271,-0.15151572227478027,-0.027298688888549805,-0.1884063482284546,-0.024433374404907227,-0.13430553674697876,-0.015033543109893799,-0.12344008684158325,0.020004689693450928,-0.14354544878005981,-0.0010021328926086426,-0.1639665961265564,-0.003402113914489746,-0.12622320652008057,0.0054209232330322266,-0.11508035659790039
0,0.0,0.0,-0.04562455415725708,-0.032673776149749756,-0.08010637760162354,-0.10249853134155273,-0.06855654716491699,-0.15293878316879272,-0.03389030694961548,-0.1505415439605713,-0.06773042678833008,-0.14307183027267456,-0.08477312326431274,-0.18494188785552979,-0.07472091913223267,-0.13728684186935425,-0.06374770402908325,-0.121151864528656,-0.04048943519592285,-0.15137189626693726,-0.05545777082443237,-0.19255977869033813,-0.04959779977798462,-0.13836663961410522,-0.03997141122817993,-0.12804847955703735,-0.01136869192123413,-0.149006187915802,-0.026195108890533447,-0.1849767565727234,-0.023951232433319092,-0.1307496428489685,-0.014858722686767578,-0.12096941471099854,0.020282745361328125,-0.14052265882492065,-0.0007000565528869629,-0.16069436073303223,-0.003221750259399414,-0.12301903963088989,0.005561769008636475,-0.11247771978378296
0,0.0,0.0,-0.04510778188705444,-0.032696425914764404,-0.07904976606369019,-0.10307526588439941,-0.06706392765045166,-0.15273058414459229,-0.033052682876586914,-0.14911341667175293,-0.06721580028533936,-0.1435369849205017,-0.0838998556137085,-0.1843382716178894,-0.07403236627578735,-0.13798683881759644,-0.0628361701965332,-0.12154817581176758,-0.0398249626159668,-0.15192747116088867,-0.05446845293045044,-0.192332923412323,-0.048615336418151855,-0.13914448022842407,-0.0389024019241333,-0.12812656164169312,-0.010640203952789307,-0.1495126485824585,-0.025058448314666748,-0.18458342552185059,-0.022954285144805908,-0.1310541033744812,-0.014014661312103271,-0.12060648202896118,0.020959019660949707,-0.14088654518127441,0.00024956464767456055,-0.16024643182754517,-0.0025826692581176758,-0.12276560068130493,0.005849659442901611,-0.11187398433685303
0,0.0,0.0,-0.04460936784744263,-0.032646000385284424,-0.07800787687301636,-0.10135704278945923,-0.06612098217010498,-0.15117526054382324,-0.03231590986251831,-0.14938580989837646,-0.06652820110321045,-0.14190328121185303,-0.08288967609405518,-0.18352138996124268,-0.07284349203109741,-0.13662183284759521,-0.06217855215072632,-0.12025469541549683,-0.039211273193359375,-0.1499212384223938,-0.05353128910064697,-0.19070559740066528,-0.04818069934844971,-0.1369626522064209,-0.039266109466552734,-0.1261279582977295,-0.010378479957580566,-0.1473679542541504,-0.024531662464141846,-0.18328410387039185,-0.023022770881652832,-0.1295250654220581,-0.014640212059020996,-0.11920911073684692,0.02075272798538208,-0.13872826099395752,0.0005946755409240723,-0.1585090160369873,-0.00233381986618042,-0.1212812066078186,0.005925476551055908,-0.11079806089401245
0,0.0,0.0,-0.04424947500228882,-0.03172945976257324,-0.07811617851257324,-0.10079586505889893,-0.0661393404006958,-0.1498686671257019,-0.03194361925125122,-0.1470075249671936,-0.06643849611282349,-0.14126074314117432,-0.08301973342895508,-0.1816834807395935,-0.07281839847564697,-0.13581526279449463,-0.06196558475494385,-0.12021046876907349,-0.03922611474990845,-0.14956045150756836,-0.053710997104644775,-0.18986940383911133,-0.04822564125061035,-0.1370258331298828,-0.03905767202377319,-0.12717121839523315,-0.01054161787033081,-0.14701521396636963,-0.02442038059234619,-0.181321918964386,-0.02287614345550537,-0.128620445728302,-0.01439058780670166,-0.11968129873275757,0.02045905590057373,-0.13844668865203857,0.0006933808326721191,-0.15763163566589355,-0.0022473931312561035,-0.12099331617355347,0.00604623556137085,-0.11121153831481934
0,0.0,0.0,-0.044552505016326904,-0.03161060810089111,-0.07787960767745972,-0.10072928667068481,-0.06538450717926025,-0.1498126983642578,-0.031396687030792236,-0.1471880078315735,-0.06677597761154175,-0.1415727138519287,-0.08302146196365356,-0.1820470690727234,-0.0734553337097168,-0.1365998387336731,-0.06243753433227539,-0.12029540538787842,-0.03970569372177124,-0.14983397722244263,-0.05384856462478638,-0.18987101316452026,-0.048543334007263184,-0.13709771633148193,-0.039028286933898926,-0.12630033493041992,-0.011181354522705078,-0.1473655104637146,-0.024813294410705566,-0.18232572078704834,-0.02339082956314087,-0.1294195055961609,-0.014701128005981445,-0.119087815284729,0.01966959238052368,-0.138688862323761,0.00010246038436889648,-0.1582648754119873,-0.00311201810836792,-0.12156838178634644,0.004990756511688232,-0.11098670959472656
0,0.0,0.0,-0.04444766044616699,-0.0323185920715332,-0.07780873775482178,-0.10272246599197388,-0.0639696717262268,-0.15170687437057495,-0.029210686683654785,-0.14689868688583374,-0.06588250398635864,-0.1444149613380432,-0.08288627862930298,-0.1839563250541687,-0.0730975866317749,-0.13793087005615234,-0.06163632869720459,-0.1218755841255188,-0.038401782512664795,-0.15277421474456787,-0.05328267812728882,-0.19150817394256592,-0.04810690879821777,-0.1382947564125061,-0.038401246070861816,-0.12803047895431519,-0.00971132516860962,-0.14988887310028076,-0.023639023303985596,-0.18417686223983765,-0.022502005100250244,-0.13070189952850342,-0.013686299324035645,-0.12081634998321533,0.021097302436828613,-0.14039969444274902,0.0013766288757324219,-0.15959829092025757,-0.002078711986541748,-0.12236535549163818,0.0060378313064575195,-0.11179745197296143
0,0.0,0.0,-0.04436999559402466,-0.03182518482208252,-0.077922523021698,-0.09912627935409546,-0.06552636623382568,-0.14875811338424683,-0.031106293201446533,-0.14968901872634888,-0.06536239385604858,-0.14347100257873535,-0.08222126960754395,-0.18468713760375977,-0.07241761684417725,-0.13798069953918457,-0.061330318450927734,-0.12180227041244507,-0.03724783658981323,-0.15170013904571533,-0.05180990695953369,-0.19278264045715332,-0.04689544439315796,-0.13834089040756226,-0.03775757551193237,-0.12826961278915405,-0.008126676082611084,-0.14885371923446655,-0.022487998008728027,-0.1841089129447937,-0.021496593952178955,-0.12909448146820068,-0.013046562671661377,-0.11949819326400757,0.02324497699737549,-0.139462411403656,0.002830326557159424,-0.16015058755874634,-0.0006428360939025879,-0.12151002883911133,0.007258594036102295,-0.11064261198043823
0,0.0,0.0,-0.04419916868209839,-0.030825555324554443,-0.07817351818084717,-0.09905624389648438,-0.0665777325630188,-0.148911714553833,-0.03184467554092407,-0.14782828092575073,-0.0650484561920166,-0.14543282985687256,-0.08252489566802979,-0.18406403064727783,-0.07315349578857422,-0.13726288080215454,-0.0612756609916687,-0.12247210741043091,-0.03713339567184448,-0.15353494882583618,-0.05249917507171631,-0.19236606359481812,-0.0480535626411438,-0.13797783851623535,-0.0378987193107605,-0.12923020124435425,-0.008039474487304688,-0.15041464567184448,-0.023168861865997314,-0.18309444189071655,-0.02246028184890747,-0.12831908464431763,-0.012647151947021484,-0.1200258731842041,0.023401975631713867,-0.14072471857070923,0.0021805763244628906,-0.15928435325622559,-0.0015158653259277344,-0.12104356288909912,0.007271826267242432,-0.11122918128967285
0,0.0,0.0,-0.044142961502075195,-0.03273141384124756,-0.07758563756942749,-0.09926354885101318,-0.06601566076278687,-0.14764189720153809,-0.03188896179199219,-0.1498543620109558,-0.06260055303573608,-0.1515904664993286,-0.08070957660675049,-0.18974626064300537,-0.07149302959442139,-0.14269471168518066,-0.05933332443237305,-0.12691128253936768,-0.033404409885406494,-0.15862804651260376,-0.04936647415161133,-0.19706708192825317,-0.04563736915588379,-0.14152002334594727,-0.035470664501190186,-0.13177043199539185,-0.0035630464553833008,-0.1537151336669922,-0.018988430500030518,-0.1859893798828125,-0.0196877121925354,-0.13014060258865356,-0.01049506664276123,-0.12130856513977051,0.02835369110107422,-0.141440749168396,0.006677150726318359,-0.1589605212211609,0.0016259551048278809,-0.12027609348297119,0.009632766246795654,-0.11120253801345825
0,0.0,0.0,-0.04462212324142456,-0.031858980655670166,-0.07896947860717773,-0.10028642416000366,-0.06630253791809082,-0.1491302251815796,-0.03103470802307129,-0.1507248878479004,-0.06322264671325684,-0.15410441160202026,-0.08251988887786865,-0.19033920764923096,-0.07313942909240723,-0.14161092042922974,-0.06027042865753174,-0.12788259983062744,-0.03373318910598755,-0.16168200969696045,-0.05100125074386597,-0.19827622175216675,-0.04766267538070679,-0.1411324143409729,-0.03680527210235596,-0.13344037532806396,-0.003909170627593994,-0.1568737030029297,-0.020623326301574707,-0.18767738342285156,-0.021985173225402832,-0.130814790725708,-0.011950373649597168,-0.12363392114639282,0.027841687202453613,-0.14478397369384766,0.004850149154663086,-0.16030102968215942,-0.0007187724113464355,-0.12133198976516724,0.0079612135887146,-0.11334031820297241
0,0.0,0.0,-0.04435133934020996,-0.03229844570159912,-0.07869577407836914,-0.10006880760192871,-0.06759500503540039,-0.149865984916687,-0.033346712589263916,-0.15073692798614502,-0.0637102723121643,-0.153469979763031,-0.08229553699493408,-0.18986499309539795,-0.0722840428352356,-0.14176815748214722,-0.05967634916305542,-0.12796849012374878,-0.034577906131744385,-0.16072416305541992,-0.05126005411148071,-0.1974407434463501,-0.04719310998916626,-0.14149940013885498,-0.036949217319488525,-0.13360708951950073,-0.0046994686126708984,-0.15612822771072388,-0.021133482456207275,-0.18773269653320312,-0.02150624990463257,-0.1315094232559204,-0.011900544166564941,-0.12388378381729126,0.02728372812271118,-0.14464807510375977,0.004598677158355713,-0.15997159481048584,-0.00034230947494506836,-0.12116962671279907,0.008135497570037842,-0.11334478855133057
0,0.0,0.0,-0.04486507177352905,-0.03275686502456665,-0.0796210765838623,-0.10299807786941528,-0.06678318977355957,-0.15144389867782593,-0.03194570541381836,-0.15084022283554077,-0.06346797943115234,-0.15685582160949707,-0.08279144763946533,-0.1916205883026123,-0.07305222749710083,-0.14269965887069702,-0.0601535439491272,-0.12993526458740234,-0.03347808122634888,-0.16469216346740723,-0.051061928272247314,-0.19971013069152832,-0.04757845401763916,-0.1423092484474182,-0.03674513101577759,-0.13557761907577515,-0.0032028555870056152,-0.15980470180511475,-0.02041780948638916,-0.18823838233947754,-0.021363675594329834,-0.13092905282974243,-0.011147081851959229,-0.12489074468612671,0.02889937162399292,-0.14764094352722168,0.005675792694091797,-0.15996003150939941,0.00037986040115356445,-0.12057685852050781,0.00917065143585205,-0.11409860849380493
0,0.0,0.0,-0.04378634691238403,-0.03436923027038574,-0.07676255702972412,-0.10397869348526001,-0.0681309700012207,-0.1568266749382019,-0.03576093912124634,-0.1628383994102478,-0.06010091304779053,-0.157911479473114,-0.07630181312561035,-0.20073974132537842,-0.07024377584457397,-0.1526622176170349,-0.059632301330566406,-0.13562315702438354,-0.032192349433898926,-0.16408133506774902,-0.04619801044464111,-0.2066199779510498,-0.04557299613952637,-0.15147197246551514,-0.037310779094696045,-0.14015179872512817,-0.0022342801094055176,-0.15891152620315552,-0.017984449863433838,-0.196061372756958,-0.019709885120391846,-0.13928532600402832,-0.011205494403839111,-0.12839418649673462,0.030104756355285645,-0.14633536338806152,0.006648004055023193,-0.16532206535339355,0.0018423199653625488,-0.1253753900527954,0.010671019554138184,-0.11547446250915527
0,0.0,0.0,-0.044042229652404785,-0.031803011894226074,-0.07698577642440796,-0.09794706106185913,-0.06953412294387817,-0.1510053277015686,-0.039127349853515625,-0.159676194190979,-0.06329041719436646,-0.1549038290977478,-0.07956093549728394,-0.19768744707107544,-0.07225024700164795,-0.14995288848876953,-0.06150776147842407,-0.133284330368042,-0.0356065034866333,-0.16180866956710815,-0.049713730812072754,-0.20470041036605835,-0.048050880432128906,-0.15066063404083252,-0.04004871845245361,-0.14037126302719116,-0.005885183811187744,-0.15724456310272217,-0.021265268325805664,-0.19624745845794678,-0.022074401378631592,-0.1402568817138672,-0.013798654079437256,-0.12936657667160034,0.026136279106140137,-0.1452932357788086,0.003830850124359131,-0.16515135765075684,-0.0006487369537353516,-0.12602120637893677,0.0075531005859375,-0.11605590581893921
0,0.0,0.0,-0.04403543472290039,-0.03451335430145264,-0.07664227485656738,-0.09943133592605591,-0.06874138116836548,-0.15097612142562866,-0.03711724281311035,-0.15726101398468018,-0.06342989206314087,-0.15374398231506348,-0.08011734485626221,-0.19793158769607544,-0.07177513837814331,-0.14892369508743286,-0.060790419578552246,-0.13174772262573242,-0.03547543287277222,-0.16055172681808472,-0.04910838603973389,-0.20398032665252686,-0.046652138233184814,-0.14792406558990479,-0.038881123065948486,-0.13697415590286255,-0.005443692207336426,-0.1558402180671692,-0.019830167293548584,-0.19669169187545776,-0.020363271236419678,-0.13965672254562378,-0.012208700180053711,-0.12777400016784668,0.02700728178024292,-0.14344388246536255,0.005836844444274902,-0.16544103622436523,0.001126110553741455,-0.12680459022521973,0.008691668510437012,-0.11589837074279785
0,0.0,0.0,-0.04189485311508179,-0.035115599632263184,-0.07168775796890259,-0.10256433486938477,-0.06161457300186157,-0.15350604057312012,-0.028393149375915527,-0.16298532485961914,-0.05886560678482056,-0.15708214044570923,-0.07453930377960205,-0.20052433013916016,-0.06802910566329956,-0.1510709524154663,-0.05776035785675049,-0.13297337293624878,-0.03090459108352661,-0.16259050369262695,-0.044440269470214844,-0.2076718807220459,-0.043670833110809326,-0.15112650394439697,-0.035518109798431396,-0.13967883586883545,-0.0012295842170715332,-0.15623819828033447,-0.01600891351699829,-0.19473052024841309,-0.018436193466186523,-0.1367940902709961,-0.010266900062561035,-0.12621015310287476,0.030354321002960205,-0.14236021041870117,0.007222354412078857,-0.15946519374847412,0.0017960071563720703,-0.11994779109954834,0.00978940725326538,-0.11128264665603638
0,0.0,0.0,-0.04256558418273926,-0.03685295581817627,-0.07236957550048828,-0.1053038239479065,-0.0627518892288208,-0.1571759581565857,-0.029502272605895996,-0.16805672645568848,-0.059162259101867676,-0.15863502025604248,-0.07516705989837646,-0.20476549863815308,-0.06950688362121582,-0.15518343448638916,-0.05927211046218872,-0.13550466299057007,-0.03173661231994629,-0.16382360458374023,-0.04502213001251221,-0.2109837532043457,-0.04510378837585449,-0.15538287162780762,-0.03705930709838867,-0.14270538091659546,-0.002094268798828125,-0.15748333930969238,-0.01682579517364502,-0.19813334941864014,-0.0196530818939209,-0.14095205068588257,-0.011371076107025146,-0.12890827655792236,0.029471874237060547,-0.1437123417854309,0.006005465984344482,-0.16353380680084229,0.0006694793701171875,-0.1247674822807312,0.009313762187957764,-0.11517053842544556
0,0.0,0.0,-0.04346853494644165,-0.03386068344116211,-0.07503527402877808,-0.09776568412780762,-0.06756246089935303,-0.15060973167419434,-0.03660303354263306,-0.16644692420959473,-0.06068199872970581,-0.15330123901367188,-0.07657533884048462,-0.19991540908813477,-0.0702468752861023,-0.15091770887374878,-0.060028254985809326,-0.13227200508117676,-0.03349149227142334,-0.1589592695236206,-0.046711504459381104,-0.20669442415237427,-0.04585707187652588,-0.15110790729522705,-0.03773391246795654,-0.13956105709075928,-0.0041124820709228516,-0.15332043170928955,-0.017948806285858154,-0.1954646110534668,-0.020099163055419922,-0.13835406303405762,-0.011961698532104492,-0.12649059295654297,0.027727484703063965,-0.14044702053070068,0.006381809711456299,-0.1627674102783203,0.0009329915046691895,-0.12370461225509644,0.008702874183654785,-0.112873375415802
0,0.0,0.0,-0.043398261070251465,-0.0333520770072937,-0.07584184408187866,-0.09764301776885986,-0.06960040330886841,-0.15134072303771973,-0.0381314754486084,-0.16356581449508667,-0.0625765323638916,-0.15340930223464966,-0.0779300332069397,-0.2005835771560669,-0.07069998979568481,-0.15351861715316772,-0.061075031757354736,-0.1354181170463562,-0.034472763538360596,-0.159776508808136,-0.04781997203826904,-0.20665860176086426,-0.045908570289611816,-0.1525757908821106,-0.038491785526275635,-0.14037591218948364,-0.004512012004852295,-0.15454697608947754,-0.0186920166015625,-0.1953181028366089,-0.019767343997955322,-0.13994663953781128,-0.01235729455947876,-0.12789124250411987,0.027691245079040527,-0.1416611671447754,0.006301403045654297,-0.16322791576385498,0.0015091896057128906,-0.12526261806488037,0.009034395217895508,-0.11454695463180542
0,0.0,0.0,-0.03805142641067505,-0.03829693794250488,-0.060897767543792725,-0.09324526786804199,-0.04645603895187378,-0.14064520597457886,-0.01616501808166504,-0.15879541635513306,-0.06044340133666992,-0.13718873262405396,-0.06916320323944092,-0.19064176082611084,-0.05771911144256592,-0.143377423286438,-0.05102187395095825,-0.1202019453048706,-0.032794952392578125,-0.14057183265686035,-0.038449108600616455,-0.194022536277771,-0.03383380174636841,-0.1406833529472351,-0.031441330909729004,-0.12573915719985962,-0.00426715612411499,-0.13535642623901367,-0.005703926086425781,-0.1805923581123352,-0.008030891418457031,-0.12794864177703857,-0.008222401142120361,-0.11166298389434814,0.02468574047088623,-0.12317389249801636,0.01831376552581787,-0.15021103620529175,0.011894404888153076,-0.116180419921875,0.011321425437927246,-0.10210186243057251
0,0.0,0.0,-0.03806030750274658,-0.031489670276641846,-0.0636441707611084,-0.08206677436828613,-0.050214409828186035,-0.12284016609191895,-0.021268486976623535,-0.1391351819038391,-0.06004178524017334,-0.1300194263458252,-0.0706983208656311,-0.17995095252990723,-0.060378432273864746,-0.13543474674224854,-0.05406486988067627,-0.11175292730331421,-0.03326970338821411,-0.1349661946296692,-0.040438175201416016,-0.18353015184402466,-0.03555244207382202,-0.1325991153717041,-0.03345000743865967,-0.11601752042770386,-0.0055901408195495605,-0.13151443004608154,-0.009531736373901367,-0.1728000044822693,-0.009586095809936523,-0.12205159664154053,-0.0096321702003479,-0.10511881113052368,0.022893190383911133,-0.12048333883285522,0.01553255319595337,-0.14476537704467773,0.011575639247894287,-0.11107629537582397,0.011650681495666504,-0.09761244058609009
0,0.0,0.0,-0.03651648759841919,-0.030289113521575928,-0.0617099404335022,-0.0810132622718811,-0.047667860984802246,-0.12305867671966553,-0.01842200756072998,-0.14007693529129028,-0.060183167457580566,-0.13303619623184204,-0.067294180393219,-0.1768665313720703,-0.05753809213638306,-0.1321033239364624,-0.05148667097091675,-0.11138129234313965,-0.03228193521499634,-0.13880616426467896,-0.03741133213043213,-0.18241477012634277,-0.03344011306762695,-0.13131624460220337,-0.0309450626373291,-0.1187736988067627,-0.003920376300811768,-0.13442641496658325,-0.0053244829177856445,-0.17132282257080078,-0.007234036922454834,-0.12155872583389282,-0.007851481437683105,-0.11019617319107056,0.02456033229827881,-0.12246918678283691,0.019129395484924316,-0.14148938655853271,0.0138014554977417,-0.10931605100631714,0.01344144344329834,-0.10091114044189453
0,0.0,0.0,-0.037815988063812256,-0.030158042907714844,-0.061552226543426514,-0.07638669013977051,-0.04932457208633423,-0.11870843172073364,-0.021099388599395752,-0.1372513771057129,-0.061213910579681396,-0.12784993648529053,-0.06910449266433716,-0.17107516527175903,-0.060936152935028076,-0.1323169469833374,-0.05589759349822998,-0.11103761196136475,-0.03381669521331787,-0.1330500841140747,-0.03898894786834717,-0.1780882477760315,-0.035332441329956055,-0.13234496116638184,-0.03389650583267212,-0.11535435914993286,-0.005756855010986328,-0.12924939393997192,-0.0076975226402282715,-0.16766119003295898,-0.00932842493057251,-0.12213832139968872,-0.01065826416015625,-0.10553097724914551,0.02287083864212036,-0.1172717809677124,0.016491413116455078,-0.14097779989242554,0.011581897735595703,-0.11029946804046631,0.010166525840759277,-0.09641063213348389
0,0.0,0.0,-0.04162675142288208,-0.029374539852142334,-0.06805956363677979,-0.07781380414962769,-0.055963099002838135,-0.12075942754745483,-0.026778042316436768,-0.1396934986114502,-0.06646150350570679,-0.1251959204673767,-0.07716608047485352,-0.17101263999938965,-0.06771814823150635,-0.13083064556121826,-0.06270933151245117,-0.10722655057907104,-0.03934890031814575,-0.13162297010421753,-0.04727494716644287,-0.17908614873886108,-0.041489601135253906,-0.13262253999710083,-0.03862297534942627,-0.11383223533630371,-0.010926008224487305,-0.1289966106414795,-0.01571786403656006,-0.17032986879348755,-0.014892101287841797,-0.12387460470199585,-0.014207780361175537,-0.10499441623687744,0.01856410503387451,-0.11837273836135864,0.010480046272277832,-0.14443546533584595,0.006511569023132324,-0.11345863342285156,0.00636523962020874,-0.0977674126625061
0,0.0,0.0,-0.04275619983673096,-0.02832084894180298,-0.0707668662071228,-0.07759034633636475,-0.060125112533569336,-0.12289172410964966,-0.03173285722732544,-0.14237993955612183,-0.06808137893676758,-0.12051302194595337,-0.08072614669799805,-0.16854506731033325,-0.07231605052947998,-0.12616676092147827,-0.06695270538330078,-0.10429483652114868,-0.04152768850326538,-0.12858843803405762,-0.05160301923751831,-0.17631930112838745,-0.046344101428985596,-0.12728184461593628,-0.04244589805603027,-0.11239320039749146,-0.012767553329467773,-0.12782418727874756,-0.020259201526641846,-0.17017585039138794,-0.019395828247070312,-0.12035322189331055,-0.017110884189605713,-0.10398614406585693,0.017857372760772705,-0.1203385591506958,0.005847275257110596,-0.1452675461769104,0.0029063820838928223,-0.11235922574996948,0.005322098731994629,-0.09875625371932983
0,0.0,0.0,-0.04441535472869873,-0.02551370859146118,-0.07535815238952637,-0.07404464483261108,-0.06821739673614502,-0.12504494190216064,-0.03892463445663452,-0.14834725856781006,-0.07521545886993408,-0.11873376369476318,-0.09075742959976196,-0.16594666242599487,-0.07949328422546387,-0.12211531400680542,-0.07131004333496094,-0.1019180417060852,-0.0485762357711792,-0.12868458032608032,-0.060681045055389404,-0.17652195692062378,-0.05276381969451904,-0.12483686208724976,-0.047456979751586914,-0.11139035224914551,-0.02014899253845215,-0.13025808334350586,-0.02894723415374756,-0.17340511083602905,-0.02638423442840576,-0.12040597200393677,-0.02285224199295044,-0.10398441553115845,0.010584831237792969,-0.1262143850326538,-0.0018774867057800293,-0.1514940857887268,-0.004519402980804443,-0.1159127950668335,-0.0018070340156555176,-0.10132843255996704
0,0.0,0.0,-0.04670548439025879,-0.027321934700012207,-0.07654756307601929,-0.07528465986251831,-0.0691881775856018,-0.12471228837966919,-0.04114168882369995,-0.14558446407318115,-0.07531273365020752,-0.11628490686416626,-0.09023904800415039,-0.16209125518798828,-0.07871836423873901,-0.12105315923690796,-0.07066863775253296,-0.09974199533462524,-0.04885333776473999,-0.12541866302490234,-0.06031566858291626,-0.1740216314792633,-0.052146196365356445,-0.12482202053070068,-0.0469396710395813,-0.10812532901763916,-0.02032172679901123,-0.12715882062911987,-0.028713583946228027,-0.17228126525878906,-0.026524066925048828,-0.12110823392868042,-0.023795783519744873,-0.0999494194984436,0.010046958923339844,-0.12305361032485962,-0.0017307400703430176,-0.15110993385314941,-0.004731595516204834,-0.1170041561126709,-0.0028033852577209473,-0.09874469041824341
0,0.0,0.0,-0.04574054479598999,-0.02538973093032837,-0.07490807771682739,-0.07508069276809692,-0.06828570365905762,-0.1256062388420105,-0.04211074113845825,-0.14524021744728088,-0.07021445035934448,-0.10827195644378662,-0.08702337741851807,-0.157158762216568,-0.07704859972000122,-0.12130361795425415,-0.06816256046295166,-0.0984812080860138,-0.045507729053497314,-0.1171937882900238,-0.05756300687789917,-0.1678357720375061,-0.050466835498809814,-0.12255343794822693,-0.044752418994903564,-0.10164496302604675,-0.018772006034851074,-0.11973237991333008,-0.027752578258514404,-0.1658288538455963,-0.025697946548461914,-0.11553505063056946,-0.022105872631072998,-0.08820825815200806,0.010162174701690674,-0.11719000339508057,-0.0024823546409606934,-0.14977219700813293,-0.004955291748046875,-0.11670371890068054,-0.0019025206565856934,-0.09461784362792969
0,0.0,0.0,-0.04545485973358154,-0.029212653636932373,-0.07347685098648071,-0.0811261534690857,-0.06579363346099854,-0.1322949230670929,-0.038324594497680664,-0.14948174357414246,-0.06674855947494507,-0.11916574835777283,-0.08224999904632568,-0.1661597490310669,-0.0733102560043335,-0.12850520014762878,-0.06410598754882812,-0.10619056224822998,-0.041996538639068604,-0.12645173072814941,-0.05280846357345581,-0.17521846294403076,-0.04765886068344116,-0.12710756063461304,-0.04158967733383179,-0.10615715384483337,-0.01505213975906372,-0.12725505232810974,-0.0233079195022583,-0.17379605770111084,-0.02400451898574829,-0.12309151887893677,-0.020318925380706787,-0.09640088677406311,0.01400667428970337,-0.12224942445755005,0.0013284683227539062,-0.15533959865570068,-0.0038825273513793945,-0.12268644571304321,-0.0011661052703857422,-0.10055086016654968
0,0.0,0.0,-0.04303532838821411,-0.03224533796310425,-0.06786811351776123,-0.08369439840316772,-0.05690890550613403,-0.13334563374519348,-0.02884352207183838,-0.15328064560890198,-0.0586470365524292,-0.11971607804298401,-0.0683143138885498,-0.16841226816177368,-0.06320858001708984,-0.12904763221740723,-0.057349324226379395,-0.10833394527435303,-0.034048259258270264,-0.12350907921791077,-0.03951239585876465,-0.17547643184661865,-0.03867095708847046,-0.12765151262283325,-0.03502511978149414,-0.11132720112800598,-0.007820069789886475,-0.12246048450469971,-0.01163405179977417,-0.16846510767936707,-0.015769481658935547,-0.11733967065811157,-0.01403796672821045,-0.09638479351997375,0.02075815200805664,-0.11619323492050171,0.011861264705657959,-0.14863556623458862,0.005703270435333252,-0.11366358399391174,0.007674157619476318,-0.09493276476860046
0,0.0,0.0,-0.041476428508758545,-0.036836087703704834,-0.06361335515975952,-0.08983087539672852,-0.049845099449157715,-0.1366201937198639,-0.02089935541152954,-0.15224376320838928,-0.05764877796173096,-0.12327948212623596,-0.06677556037902832,-0.1730077862739563,-0.06127464771270752,-0.1346026062965393,-0.05539250373840332,-0.11067983508110046,-0.0326961874961853,-0.12705662846565247,-0.03785860538482666,-0.1783488392829895,-0.03652137517929077,-0.13058620691299438,-0.032897353172302246,-0.10895797610282898,-0.005925416946411133,-0.1245402991771698,-0.008225560188293457,-0.17281261086463928,-0.012895286083221436,-0.1220737099647522,-0.012799978256225586,-0.09462970495223999,0.02209562063217163,-0.11556071043014526,0.014261245727539062,-0.14946475625038147,0.00731271505355835,-0.11664992570877075,0.007458508014678955,-0.09394347667694092
0,0.0,0.0,-0.041679203510284424,-0.03593587875366211,-0.0645245909690857,-0.0883243978023529,-0.05240809917449951,-0.13698256015777588,-0.024446845054626465,-0.15457284450531006,-0.05347508192062378,-0.1256505250930786,-0.06522917747497559,-0.17464017868041992,-0.05940133333206177,-0.13611721992492676,-0.05163002014160156,-0.11325845122337341,-0.029216766357421875,-0.12910246849060059,-0.036099910736083984,-0.17934221029281616,-0.035205960273742676,-0.1309422254562378,-0.030392229557037354,-0.10970908403396606,-0.003209829330444336,-0.12584948539733887,-0.007912635803222656,-0.17353710532188416,-0.01268911361694336,-0.1215583086013794,-0.010770738124847412,-0.09384113550186157,0.024631500244140625,-0.11620214581489563,0.014647066593170166,-0.15048232674598694,0.007400631904602051,-0.11773037910461426,0.008806109428405762,-0.09525105357170105
0,0.0,0.0,-0.04167520999908447,-0.03565335273742676,-0.06526553630828857,-0.08800598978996277,-0.05459362268447876,-0.13766279816627502,-0.02595454454421997,-0.15372228622436523,-0.05326324701309204,-0.12666702270507812,-0.0653114914894104,-0.17683416604995728,-0.058944523334503174,-0.13815903663635254,-0.0503963828086853,-0.11369791626930237,-0.02879464626312256,-0.12968790531158447,-0.03593367338180542,-0.18091493844985962,-0.03498929738998413,-0.1328687071800232,-0.030006825923919678,-0.11008644104003906,-0.002839326858520508,-0.1261088252067566,-0.008509695529937744,-0.17363354563713074,-0.01278620958328247,-0.12284108996391296,-0.010277748107910156,-0.09506788849830627,0.025029420852661133,-0.1160421073436737,0.014005601406097412,-0.15089645981788635,0.006987392902374268,-0.11859762668609619,0.00887298583984375,-0.09604746103286743
0,0.0,0.0,-0.04145169258117676,-0.035201191902160645,-0.06596803665161133,-0.09086239337921143,-0.05506104230880737,-0.13964325189590454,-0.028670191764831543,-0.15208768844604492,-0.05503934621810913,-0.12877127528190613,-0.06925761699676514,-0.17547473311424255,-0.060344040393829346,-0.1339968740940094,-0.0509299635887146,-0.11272689700126648,-0.029776930809020996,-0.13258180022239685,-0.03850853443145752,-0.1802390217781067,-0.03598988056182861,-0.12962627410888672,-0.030495822429656982,-0.11314794421195984,-0.002851426601409912,-0.12843918800354004,-0.008517324924468994,-0.17363402247428894,-0.012648820877075195,-0.12138733267784119,-0.010097086429595947,-0.1005549430847168,0.025552809238433838,-0.1180553138256073,0.014981687068939209,-0.1480558216571808,0.0073639750480651855,-0.11529630422592163,0.009078681468963623,-0.09834498167037964
0,0.0,0.0,-0.04125070571899414,-0.037848472595214844,-0.0648500919342041,-0.0949220061302185,-0.05025702714920044,-0.14328643679618835,-0.02197897434234619,-0.15197768807411194,-0.053857624530792236,-0.12803056836128235,-0.06722337007522583,-0.1771959662437439,-0.05915415287017822,-0.1361297369003296,-0.050849735736846924,-0.11307293176651001,-0.02829873561859131,-0.13143211603164673,-0.035999178886413574,-0.18062478303909302,-0.034612417221069336,-0.13040462136268616,-0.029831528663635254,-0.11246013641357422,-0.0012962818145751953,-0.12677457928657532,-0.004942059516906738,-0.17340689897537231,-0.01043766736984253,-0.12135070562362671,-0.008659541606903076,-0.09975111484527588,0.0267447829246521,-0.11556738615036011,0.017686188220977783,-0.1453491747379303,0.009474098682403564,-0.11252322793006897,0.01097041368484497,-0.0953683853149414
0,0.0,0.0,-0.04031264781951904,-0.03599357604980469,-0.06291115283966064,-0.08963251113891602,-0.04876357316970825,-0.13864055275917053,-0.020453333854675293,-0.15621617436408997,-0.053670287132263184,-0.127591073513031,-0.06348240375518799,-0.17887043952941895,-0.05728846788406372,-0.13765370845794678,-0.05070680379867554,-0.11410507559776306,-0.028474748134613037,-0.12939691543579102,-0.032932162284851074,-0.182084858417511,-0.03276771306991577,-0.13181975483894348,-0.029773175716400146,-0.1127123236656189,-0.0020148158073425293,-0.12536835670471191,-0.003824293613433838,-0.17130246758460999,-0.009521543979644775,-0.1183299720287323,-0.009220719337463379,-0.09576570987701416,0.025824010372161865,-0.11552083492279053,0.019033074378967285,-0.14748811721801758,0.011007726192474365,-0.11335456371307373,0.011062145233154297,-0.09446686506271362
0,0.0,0.0,-0.03892260789871216,-0.03859180212020874,-0.060974180698394775,-0.09231823682785034,-0.046661376953125,-0.13913694024085999,-0.0174902081489563,-0.15148448944091797,-0.05660128593444824,-0.1287539005279541,-0.06552499532699585,-0.18054494261741638,-0.05728799104690552,-0.13714027404785156,-0.05054086446762085,-0.11254888772964478,-0.02991318702697754,-0.13132834434509277,-0.033992767333984375,-0.1818692684173584,-0.03214442729949951,-0.13140684366226196,-0.02885228395462036,-0.11423003673553467,-0.0017971396446228027,-0.12655645608901978,-0.002399444580078125,-0.17210406064987183,-0.007635056972503662,-0.12121713161468506,-0.007658839225769043,-0.10129868984222412,0.026841163635253906,-0.11534559726715088,0.020329594612121582,-0.14411702752113342,0.012130916118621826,-0.11214935779571533,0.01201474666595459,-0.09604114294052124
0,0.0,0.0,-0.039026856422424316,-0.038279950618743896,-0.060720205307006836,-0.0912812352180481,-0.04544490575790405,-0.13767439126968384,-0.016298949718475342,-0.15387344360351562,-0.05804085731506348,-0.12583792209625244,-0.06534147262573242,-0.17805331945419312,-0.058894991874694824,-0.13642674684524536,-0.05415529012680054,-0.1133618950843811,-0.03169947862625122,-0.12803548574447632,-0.0337185263633728,-0.18108394742012024,-0.033013880252838135,-0.13344186544418335,-0.032040178775787354,-0.1175382137298584,-0.00446242094039917,-0.12371617555618286,-0.003955721855163574,-0.16898590326309204,-0.009124517440795898,-0.11988562345504761,-0.0104636549949646,-0.10094434022903442,0.023441672325134277,-0.11335915327072144,0.019447684288024902,-0.14584898948669434,0.011089801788330078,-0.11270195245742798,0.009231030941009521,-0.09370982646942139
0,0.0,0.0,-0.0373573899269104,-0.04048341512680054,-0.057527124881744385,-0.09377014636993408,-0.043662846088409424,-0.1411203145980835,-0.014635264873504639,-0.15418297052383423,-0.05582475662231445,-0.1315585970878601,-0.0621798038482666,-0.18436342477798462,-0.05460476875305176,-0.14150667190551758,-0.048723042011260986,-0.11622840166091919,-0.028590738773345947,-0.13234275579452515,-0.03129822015762329,-0.18415898084640503,-0.029517769813537598,-0.1347438097000122,-0.027523159980773926,-0.1163131594657898,-0.0004400014877319336,-0.1272602677345276,0.000674128532409668,-0.17371302843093872,-0.004475057125091553,-0.12372219562530518,-0.00636368989944458,-0.10265308618545532,0.027798056602478027,-0.11623650789260864,0.022781431674957275,-0.14596277475357056,0.01439601182937622,-0.11300039291381836,0.012502431869506836,-0.094718337059021
0,0.0,0.0,-0.049790024757385254,-0.028093457221984863,-0.08272945880889893,-0.08847290277481079,-0.06686139106750488,-0.13569822907447815,-0.03314769268035889,-0.13501566648483276,-0.0678439736366272,-0.12553709745407104,-0.08487492799758911,-0.1675841212272644,-0.0741955041885376,-0.12424290180206299,-0.06341290473937988,-0.10712474584579468,-0.041651368141174316,-0.13198918104171753,-0.052980661392211914,-0.17681735754013062,-0.04867523908615112,-0.1241307258605957,-0.04196196794509888,-0.11042419075965881,-0.013508498668670654,-0.1301288604736328,-0.022548198699951172,-0.17096179723739624,-0.022974908351898193,-0.11784785985946655,-0.01740407943725586,-0.10292571783065796,0.017539799213409424,-0.1236104965209961,0.0028200149536132812,-0.149427592754364,-0.001439213752746582,-0.11374464631080627,0.004031240940093994,-0.09923666715621948
0,0.0,0.0,-0.050626516342163086,-0.022481918334960938,-0.08726686239242554,-0.07746565341949463,-0.08232611417770386,-0.12806957960128784,-0.05526918172836304,-0.13485074043273926,-0.07229405641555786,-0.1202302873134613,-0.09043866395950317,-0.16009914875030518,-0.0792655348777771,-0.11805841326713562,-0.06874686479568481,-0.10123679041862488,-0.04782295227050781,-0.1294381022453308,-0.06350761651992798,-0.17288881540298462,-0.056510210037231445,-0.1214384138584137,-0.048257291316986084,-0.10682570934295654,-0.020659327507019043,-0.1311739683151245,-0.03625684976577759,-0.1687314510345459,-0.0327795147895813,-0.1159442663192749,-0.02499377727508545,-0.1004427969455719,0.010056138038635254,-0.12813347578048706,-0.011575520038604736,-0.14828446507453918,-0.011900544166564941,-0.11192992329597473,-0.0033195018768310547,-0.09956744313240051
0,0.0,0.0,-0.05240502953529358,-0.021732240915298462,-0.0865149199962616,-0.0654153823852539,-0.09173446893692017,-0.11339685320854187,-0.0769033432006836,-0.13719171285629272,-0.06960469484329224,-0.10872092843055725,-0.08862590789794922,-0.14655658602714539,-0.08145838975906372,-0.11124914884567261,-0.06884127855300903,-0.08965680003166199,-0.04861453175544739,-0.1189468502998352,-0.06738334894180298,-0.1636860966682434,-0.060515016317367554,-0.11724740266799927,-0.04631277918815613,-0.09333431720733643,-0.023756444454193115,-0.12483000755310059,-0.045337677001953125,-0.16503530740737915,-0.0402454137802124,-0.11699870228767395,-0.0263519287109375,-0.08995461463928223,0.005411922931671143,-0.1257510781288147,-0.020456969738006592,-0.15018707513809204,-0.02062082290649414,-0.1160605251789093,-0.00892704725265503,-0.0960192084312439
0,0.0,0.0,-0.05134105682373047,-0.015950709581375122,-0.0856131911277771,-0.058083951473236084,-0.08824905753135681,-0.10626596212387085,-0.06749480962753296,-0.12309503555297852,-0.06670156121253967,-0.09984007477760315,-0.08596530556678772,-0.13004329800605774,-0.07808256149291992,-0.09715825319290161,-0.06585457921028137,-0.077391117811203,-0.0468406081199646,-0.11077940464019775,-0.06766495108604431,-0.14776957035064697,-0.05895933508872986,-0.10376277565956116,-0.044710129499435425,-0.08043846487998962,-0.023924589157104492,-0.11758294701576233,-0.04690238833427429,-0.15389195084571838,-0.0402015745639801,-0.10619321465492249,-0.026083141565322876,-0.07825219631195068,0.0034965872764587402,-0.11931508779525757,-0.023468375205993652,-0.14139679074287415,-0.022384464740753174,-0.10897311568260193,-0.010664284229278564,-0.08919581770896912
0,0.0,0.0,-0.047100573778152466,-0.018846482038497925,-0.0791960060596466,-0.061387062072753906,-0.08044502139091492,-0.10825935006141663,-0.061244040727615356,-0.13199260830879211,-0.06095185875892639,-0.10384365916252136,-0.07976007461547852,-0.13831636309623718,-0.07207110524177551,-0.10237684845924377,-0.06051209568977356,-0.08410570025444031,-0.040223538875579834,-0.11299178004264832,-0.058280885219573975,-0.15345612168312073,-0.05137217044830322,-0.1065673828125,-0.03882381319999695,-0.08462119102478027,-0.017147064208984375,-0.11771658062934875,-0.03712177276611328,-0.15709158778190613,-0.03259915113449097,-0.10648444294929504,-0.020321398973464966,-0.07954806089401245,0.010077804327011108,-0.11745750904083252,-0.013552218675613403,-0.14360147714614868,-0.014148414134979248,-0.10920253396034241,-0.004172921180725098,-0.08824589848518372
0,0.0,0.0,-0.04858255386352539,-0.020319998264312744,-0.0832170844078064,-0.06889000535011292,-0.08399191498756409,-0.1208028793334961,-0.058972060680389404,-0.14011827111244202,-0.0616590678691864,-0.10792911052703857,-0.08114579319953918,-0.14625880122184753,-0.07443368434906006,-0.11041289567947388,-0.06199371814727783,-0.09071093797683716,-0.03973892331123352,-0.11757788062095642,-0.05867806077003479,-0.16217190027236938,-0.05355408787727356,-0.114347904920578,-0.03982928395271301,-0.08991056680679321,-0.015185326337814331,-0.12219426035881042,-0.03630521893501282,-0.16380849480628967,-0.03311684727668762,-0.11347365379333496,-0.020109564065933228,-0.08573368191719055,0.014470517635345459,-0.12223389744758606,-0.01216590404510498,-0.14643242955207825,-0.013317227363586426,-0.11244082450866699,-0.00182420015335083,-0.0920659601688385
1,0.0,0.0,-0.06129533052444458,-0.044277966022491455,-0.0987091064453125,-0.12320715188980103,-0.1129184365272522,-0.1929493546485901,-0.13294553756713867,-0.241474449634552,-0.05545353889465332,-0.2153160572052002,-0.07415717840194702,-0.29032427072525024,-0.08317673206329346,-0.3346887230873108,-0.08996772766113281,-0.37288719415664673,-0.013924360275268555,-0.22348177433013916,-0.020363450050354004,-0.3070330023765564,-0.02497321367263794,-0.3573470115661621,-0.03059530258178711,-0.39911508560180664,0.022938907146453857,-0.20914804935455322,0.03538304567337036,-0.2865060567855835,0.04201245307922363,-0.3365650773048401,0.04404187202453613,-0.38080573081970215,0.05606502294540405,-0.1776224970817566,0.07819551229476929,-0.23033714294433594,0.08870130777359009,-0.2667103409767151,0.0936586856842041,-0.30235958099365234
1,0.0,0.0,-0.060677409172058105,-0.04537928104400635,-0.09760046005249023,-0.1257728934288025,-0.11249828338623047,-0.1960538625717163,-0.13302427530288696,-0.24512195587158203,-0.05263638496398926,-0.21761757135391235,-0.07138067483901978,-0.2938350439071655,-0.08037418127059937,-0.3386722803115845,-0.087283194065094,-0.37761300802230835,-0.011068284511566162,-0.2250838279724121,-0.016921520233154297,-0.31008583307266235,-0.021622002124786377,-0.3609353303909302,-0.027701139450073242,-0.40368133783340454,0.025645673274993896,-0.2101154327392578,0.03902691602706909,-0.2885098457336426,0.045404136180877686,-0.33989763259887695,0.047067463397979736,-0.3859933614730835,0.058393895626068115,-0.1778084635734558,0.08142054080963135,-0.23118752241134644,0.09304839372634888,-0.2685778737068176,0.09919124841690063,-0.3057486414909363
1,0.0,0.0,-0.061302125453948975,-0.04263889789581299,-0.09955990314483643,-0.12128990888595581,-0.11550873517990112,-0.19133788347244263,-0.1369677186012268,-0.2398616075515747,-0.055897414684295654,-0.21405959129333496,-0.07516580820083618,-0.2896014451980591,-0.08462190628051758,-0.3343214988708496,-0.09190970659255981,-0.37312209606170654,-0.014702916145324707,-0.22272926568984985,-0.021349787712097168,-0.3076721429824829,-0.026837706565856934,-0.3583872318267822,-0.03348785638809204,-0.40108823776245117,0.022100329399108887,-0.20882278680801392,0.0340801477432251,-0.2874980568885803,0.03970867395401001,-0.33867233991622925,0.041020333766937256,-0.384671151638031,0.05523043870925903,-0.17770308256149292,0.07785916328430176,-0.2311544418334961,0.08995181322097778,-0.2683866620063782,0.0970730185508728,-0.3054584860801697
1,0.0,0.0,-0.06165170669555664,-0.04327201843261719,-0.09968036413192749,-0.12207752466201782,-0.11495304107666016,-0.19152837991714478,-0.13597488403320312,-0.2395104169845581,-0.05647045373916626,-0.21581798791885376,-0.07572293281555176,-0.2909771203994751,-0.08485078811645508,-0.33539628982543945,-0.09173202514648438,-0.3736257553100586,-0.015077650547027588,-0.2240290641784668,-0.02213388681411743,-0.30785244703292847,-0.026879847049713135,-0.358137845993042,-0.03226578235626221,-0.4002375900745392,0.02191770076751709,-0.20988446474075317,0.03473985195159912,-0.287852942943573,0.04134178161621094,-0.3384878635406494,0.04379260540008545,-0.38321423530578613,0.05496269464492798,-0.1786443591117859,0.07823675870895386,-0.23253101110458374,0.09077721834182739,-0.2695133090019226,0.09848523139953613,-0.30590587854385376
1,0.0,0.0,-0.06128197908401489,-0.0436021089553833,-0.09844779968261719,-0.12212282419204712,-0.11352318525314331,-0.19135379791259766,-0.1345142126083374,-0.23974519968032837,-0.05542802810668945,-0.21580290794372559,-0.0744013786315918,-0.29090988636016846,-0.08346045017242432,-0.33541905879974365,-0.0900999903678894,-0.3739417791366577,-0.014039576053619385,-0.22389191389083862,-0.02085554599761963,-0.30767130851745605,-0.02550649642944336,-0.3581981658935547,-0.030847251415252686,-0.4005061984062195,0.022924304008483887,-0.20966726541519165,0.0359153151512146,-0.2877455949783325,0.042541325092315674,-0.3386530876159668,0.0448760986328125,-0.3838679790496826,0.05597347021102905,-0.17840158939361572,0.0796436071395874,-0.23225319385528564,0.09244197607040405,-0.26945263147354126,0.10037374496459961,-0.3062294125556946
1,0.0,0.0,-0.061129093170166016,-0.04152035713195801,-0.09937620162963867,-0.11941313743591309,-0.11546057462692261,-0.18799996376037598,-0.13747507333755493,-0.23394757509231567,-0.05816525220870972,-0.21244138479232788,-0.0783659815788269,-0.2864174246788025,-0.08859694004058838,-0.3304271697998047,-0.09637165069580078,-0.3682956099510193,-0.017536580562591553,-0.22182464599609375,-0.025583088397979736,-0.30528753995895386,-0.031573593616485596,-0.3553212881088257,-0.03824901580810547,-0.3972073793411255,0.019381046295166016,-0.20900529623031616,0.03149181604385376,-0.28695034980773926,0.037456512451171875,-0.337468683719635,0.03940349817276001,-0.38236838579177856,0.05256086587905884,-0.17897886037826538,0.07714200019836426,-0.2329709529876709,0.09120380878448486,-0.2703554630279541,0.1007089614868164,-0.30722856521606445
1,0.0,0.0,-0.061002254486083984,-0.03976237773895264,-0.09937858581542969,-0.11469852924346924,-0.11456674337387085,-0.1819567084312439,-0.1344773769378662,-0.2282625436782837,-0.05897223949432373,-0.20729976892471313,-0.07875365018844604,-0.28113019466400146,-0.08808040618896484,-0.32457536458969116,-0.09476977586746216,-0.3615158796310425,-0.01847940683364868,-0.21636396646499634,-0.025961220264434814,-0.29868656396865845,-0.03074127435684204,-0.34799814224243164,-0.035710155963897705,-0.38827353715896606,0.017753243446350098,-0.203926682472229,0.030260145664215088,-0.28057050704956055,0.03729379177093506,-0.3296225070953369,0.040467798709869385,-0.37223151326179504,0.05045211315155029,-0.1749909520149231,0.07612180709838867,-0.2271403670310974,0.0907280445098877,-0.26329755783081055,0.10076689720153809,-0.29881036281585693
1,0.0,0.0,-0.05969506502151489,-0.04117017984390259,-0.09782582521438599,-0.11427432298660278,-0.11327093839645386,-0.1798955798149109,-0.13315296173095703,-0.2264854907989502,-0.059652745723724365,-0.20644843578338623,-0.07980078458786011,-0.27911919355392456,-0.08879268169403076,-0.3225286602973938,-0.09460794925689697,-0.3594657778739929,-0.01961803436279297,-0.21463537216186523,-0.028030693531036377,-0.2956218719482422,-0.03224915266036987,-0.34474003314971924,-0.03606832027435303,-0.3852160573005676,0.01675969362258911,-0.2019008994102478,0.028651177883148193,-0.2776476740837097,0.03574579954147339,-0.3256799578666687,0.039102256298065186,-0.367522656917572,0.05025404691696167,-0.1727428436279297,0.07596760988235474,-0.22505336999893188,0.09014064073562622,-0.2616537809371948,0.09962290525436401,-0.2972819209098816
1,0.0,0.0,-0.052529871463775635,-0.03928685188293457,-0.0857648253440857,-0.10788524150848389,-0.10035145282745361,-0.1685987114906311,-0.11870419979095459,-0.21499234437942505,-0.051718711853027344,-0.1972760558128357,-0.06899619102478027,-0.26660412549972534,-0.07540887594223022,-0.3075330853462219,-0.077800452709198,-0.3434080481529236,-0.014641165733337402,-0.20378315448760986,-0.020083129405975342,-0.27925384044647217,-0.02028942108154297,-0.32438164949417114,-0.018974006175994873,-0.362204372882843,0.019013404846191406,-0.1902868151664734,0.031277477741241455,-0.2602389454841614,0.04196882247924805,-0.3021719455718994,0.04989868402481079,-0.3398798704147339,0.050387442111968994,-0.1610966920852661,0.07572180032730103,-0.20689421892166138,0.09228569269180298,-0.2376331090927124,0.10584169626235962,-0.2683705687522888
1,0.0,0.0,-0.05070292949676514,-0.038290321826934814,-0.0830087661743164,-0.10844987630844116,-0.09715062379837036,-0.16936326026916504,-0.1159786581993103,-0.21329963207244873,-0.049551963806152344,-0.1943698525428772,-0.06523013114929199,-0.2630937695503235,-0.0708734393119812,-0.3037889003753662,-0.07296603918075562,-0.33908796310424805,-0.013068675994873047,-0.19937187433242798,-0.017038345336914062,-0.2738879919052124,-0.016660869121551514,-0.318461537361145,-0.015142619609832764,-0.3553898334503174,0.02018892765045166,-0.18495261669158936,0.03311270475387573,-0.25357764959335327,0.04420238733291626,-0.2945912480354309,0.05253344774246216,-0.33155131340026855,0.0508154034614563,-0.1551741361618042,0.07650387287139893,-0.19994193315505981,0.09365040063858032,-0.22962301969528198,0.1078488826751709,-0.2591996192932129
1,0.0,0.0,-0.04921954870223999,-0.03613096475601196,-0.08150231838226318,-0.10535842180252075,-0.09473466873168945,-0.16611748933792114,-0.11327993869781494,-0.20932573080062866,-0.04916507005691528,-0.189395010471344,-0.06365746259689331,-0.25664472579956055,-0.06836092472076416,-0.2965582013130188,-0.06979727745056152,-0.331217885017395,-0.013370811939239502,-0.1940237283706665,-0.01674044132232666,-0.2675935626029968,-0.015282034873962402,-0.31099140644073486,-0.012483954429626465,-0.3471660614013672,0.0191800594329834,-0.17954647541046143,0.03196460008621216,-0.24582022428512573,0.04301220178604126,-0.285106897354126,0.05146151781082153,-0.3210013508796692,0.04931765794754028,-0.15046292543411255,0.07365649938583374,-0.19425970315933228,0.09068280458450317,-0.22214186191558838,0.10481518507003784,-0.25013434886932373
1,0.0,0.0,-0.04834681749343872,-0.03690636157989502,-0.07983988523483276,-0.10549509525299072,-0.09277099370956421,-0.16567927598953247,-0.11129099130630493,-0.20729106664657593,-0.04941213130950928,-0.18495196104049683,-0.061906278133392334,-0.2513601779937744,-0.06619828939437866,-0.29047250747680664,-0.06746596097946167,-0.32491207122802734,-0.014983892440795898,-0.18916726112365723,-0.017483294010162354,-0.2594449520111084,-0.015562891960144043,-0.3028150200843811,-0.012036800384521484,-0.3390580415725708,0.01648038625717163,-0.17549586296081543,0.030135631561279297,-0.23952770233154297,0.041036009788513184,-0.27742671966552734,0.04949295520782471,-0.3117639422416687,0.04587841033935547,-0.14817148447036743,0.07207167148590088,-0.18898367881774902,0.08926010131835938,-0.21645081043243408,0.10379517078399658,-0.24478155374526978
1,0.0,0.0,-0.049734532833099365,-0.03857499361038208,-0.0804169774055481,-0.10744816064834595,-0.09201395511627197,-0.16732245683670044,-0.10975027084350586,-0.2091771960258484,-0.047900378704071045,-0.18690139055252075,-0.06100112199783325,-0.2545543909072876,-0.06443560123443604,-0.29439955949783325,-0.06461501121520996,-0.329098105430603,-0.011907815933227539,-0.19086652994155884,-0.013803422451019287,-0.26371341943740845,-0.010957837104797363,-0.3068377375602722,-0.006469666957855225,-0.34266191720962524,0.02052462100982666,-0.17629826068878174,0.03452688455581665,-0.24062460660934448,0.04683572053909302,-0.2785160541534424,0.05678725242614746,-0.3123655319213867,0.05000114440917969,-0.14760172367095947,0.0750923752784729,-0.18946123123168945,0.09219551086425781,-0.21705466508865356,0.10667729377746582,-0.24460065364837646
1,0.0,0.0,-0.049207448959350586,-0.03932785987854004,-0.07915008068084717,-0.10859251022338867,-0.09097766876220703,-0.16905426979064941,-0.10888105630874634,-0.2125910520553589,-0.04565805196762085,-0.18955868482589722,-0.05829697847366333,-0.25760287046432495,-0.06113755702972412,-0.298103928565979,-0.06060683727264404,-0.3330368995666504,-0.00955653190612793,-0.19262588024139404,-0.011148273944854736,-0.26585352420806885,-0.007494032382965088,-0.30908089876174927,-0.0020708441734313965,-0.3444575071334839,0.02284151315689087,-0.17683756351470947,0.0374416708946228,-0.2414371371269226,0.050186336040496826,-0.27941465377807617,0.06075519323348999,-0.3134511709213257,0.05199146270751953,-0.1471279263496399,0.07766634225845337,-0.18934571743011475,0.09532344341278076,-0.21708321571350098,0.11038130521774292,-0.24503391981124878
1,0.0,0.0,-0.05056124925613403,-0.04191213846206665,-0.08179330825805664,-0.11501854658126831,-0.09413981437683105,-0.17660731077194214,-0.11135536432266235,-0.22014248371124268,-0.045224666595458984,-0.19314050674438477,-0.05767941474914551,-0.2630293369293213,-0.06056559085845947,-0.3040667176246643,-0.06032454967498779,-0.33913475275039673,-0.008479118347167969,-0.19571667909622192,-0.009378790855407715,-0.27044677734375,-0.005716860294342041,-0.3147396445274353,-0.0005394220352172852,-0.350852906703949,0.0243646502494812,-0.17926347255706787,0.03983801603317261,-0.24547773599624634,0.05309593677520752,-0.28376340866088867,0.06398904323577881,-0.3182608485221863,0.053996503353118896,-0.14877086877822876,0.08051598072052002,-0.19159138202667236,0.09853821992874146,-0.21972793340682983,0.11390513181686401,-0.24837929010391235
1,0.0,0.0,-0.05069690942764282,-0.043216824531555176,-0.08268356323242188,-0.11636245250701904,-0.0957411527633667,-0.17787736654281616,-0.11268067359924316,-0.22113722562789917,-0.04580497741699219,-0.19387418031692505,-0.059914588928222656,-0.26352494955062866,-0.06354117393493652,-0.30444443225860596,-0.06373882293701172,-0.33938759565353394,-0.009128749370574951,-0.1976832151412964,-0.01091998815536499,-0.2731432318687439,-0.008200645446777344,-0.3178791403770447,-0.00418776273727417,-0.35466766357421875,0.023999273777008057,-0.18246740102767944,0.039020538330078125,-0.2495456337928772,0.05112314224243164,-0.2886333465576172,0.06071197986602783,-0.3239823579788208,0.053903400897979736,-0.15280145406723022,0.0807921290397644,-0.19682496786117554,0.09869295358657837,-0.22586172819137573,0.11359107494354248,-0.25517815351486206
1,0.0,0.0,-0.05248302221298218,-0.04345059394836426,-0.08555561304092407,-0.11436158418655396,-0.09971904754638672,-0.17622792720794678,-0.11887240409851074,-0.219007670879364,-0.050762057304382324,-0.19435489177703857,-0.06601142883300781,-0.26391738653182983,-0.0705641508102417,-0.3048887252807617,-0.07150083780288696,-0.3402566909790039,-0.013473808765411377,-0.19899797439575195,-0.016238927841186523,-0.2748815417289734,-0.014297664165496826,-0.32019948959350586,-0.010909795761108398,-0.35734182596206665,0.020361781120300293,-0.18458664417266846,0.034459829330444336,-0.2530370354652405,0.046343326568603516,-0.2928820848464966,0.055750370025634766,-0.32787472009658813,0.05095416307449341,-0.1555565595626831,0.07645243406295776,-0.20130664110183716,0.09319555759429932,-0.23133301734924316,0.107136070728302,-0.261091947555542
1,0.0,0.0,-0.05275881290435791,-0.042238056659698486,-0.0864861011505127,-0.11139482259750366,-0.10141944885253906,-0.17264556884765625,-0.12111544609069824,-0.21476978063583374,-0.05237472057342529,-0.1924760937690735,-0.06771421432495117,-0.26236969232559204,-0.07242542505264282,-0.303236722946167,-0.07352924346923828,-0.3387450575828552,-0.015291869640350342,-0.19772320985794067,-0.018653929233551025,-0.2738993763923645,-0.017211318016052246,-0.3194369673728943,-0.014355719089508057,-0.35724902153015137,0.01866590976715088,-0.1838747262954712,0.032324016094207764,-0.25244760513305664,0.04411637783050537,-0.2927957773208618,0.05325049161911011,-0.3283398151397705,0.04953497648239136,-0.15535473823547363,0.07530796527862549,-0.20191478729248047,0.09231877326965332,-0.23270434141159058,0.10629308223724365,-0.2629386782646179
1,0.0,0.0,-0.0523982048034668,-0.04189562797546387,-0.0865207314491272,-0.11114460229873657,-0.10136491060256958,-0.172532320022583,-0.12134253978729248,-0.21327900886535645,-0.052635371685028076,-0.19033676385879517,-0.06846499443054199,-0.25970369577407837,-0.07364219427108765,-0.30070382356643677,-0.07530933618545532,-0.3365107774734497,-0.015921711921691895,-0.1961228847503662,-0.01969003677368164,-0.27271026372909546,-0.018291592597961426,-0.3184213638305664,-0.015596568584442139,-0.3566092848777771,0.018156886100769043,-0.18299531936645508,0.03144758939743042,-0.25141429901123047,0.04321277141571045,-0.29283803701400757,0.05220681428909302,-0.32899314165115356,0.04936325550079346,-0.1548757553100586,0.07519733905792236,-0.20145434141159058,0.0921984314918518,-0.23266100883483887,0.10587555170059204,-0.2625630497932434
1,0.0,0.0,-0.05315297842025757,-0.03966158628463745,-0.08760863542556763,-0.10872238874435425,-0.10321962833404541,-0.16999715566635132,-0.12341052293777466,-0.21223270893096924,-0.05417752265930176,-0.19106227159500122,-0.07021820545196533,-0.26044338941574097,-0.07510095834732056,-0.3016868233680725,-0.07621073722839355,-0.3373122215270996,-0.01697450876235962,-0.19733142852783203,-0.021054089069366455,-0.27352631092071533,-0.019769906997680664,-0.3191043734550476,-0.0168302059173584,-0.35674381256103516,0.017339050769805908,-0.1842808723449707,0.030247092247009277,-0.2533174157142639,0.04210382699966431,-0.294175386428833,0.05145680904388428,-0.33025211095809937,0.048715829849243164,-0.1561884880065918,0.07427650690078735,-0.2033402919769287,0.09113097190856934,-0.23450219631195068,0.10491752624511719,-0.2651207447052002
1,0.0,0.0,-0.05396980047225952,-0.03884255886077881,-0.08885633945465088,-0.10737729072570801,-0.10458981990814209,-0.16860681772232056,-0.12468403577804565,-0.21080952882766724,-0.055754661560058594,-0.18929249048233032,-0.07181680202484131,-0.2581467032432556,-0.07681453227996826,-0.2993542551994324,-0.07812279462814331,-0.3351196050643921,-0.018319427967071533,-0.19574683904647827,-0.02242058515548706,-0.27184832096099854,-0.021431684494018555,-0.31772392988204956,-0.01901257038116455,-0.35594642162323,0.016133427619934082,-0.18291354179382324,0.028988778591156006,-0.252034068107605,0.04061746597290039,-0.2933781147003174,0.049608051776885986,-0.3300554156303406,0.047689199447631836,-0.15519875288009644,0.07320380210876465,-0.2026907205581665,0.08997154235839844,-0.23403006792068481,0.10353821516036987,-0.26488256454467773
1,0.0,0.0,-0.0557827353477478,-0.03831362724304199,-0.092501699924469,-0.10224282741546631,-0.10990571975708008,-0.16107618808746338,-0.12854254245758057,-0.20433759689331055,-0.060341060161590576,-0.18450045585632324,-0.07908511161804199,-0.25294268131256104,-0.08564281463623047,-0.29500460624694824,-0.08805900812149048,-0.3312072157859802,-0.023791193962097168,-0.192143976688385,-0.02971065044403076,-0.2676113247871399,-0.0296364426612854,-0.3128979802131653,-0.028017282485961914,-0.34978458285331726,0.010446429252624512,-0.18146109580993652,0.021475672721862793,-0.2528873085975647,0.03021693229675293,-0.29421383142471313,0.037019431591033936,-0.33042752742767334,0.042753636837005615,-0.1560378074645996,0.0682099461555481,-0.20381611585617065,0.08369529247283936,-0.23523283004760742,0.09621226787567139,-0.26641952991485596
1,0.0,0.0,-0.05482900142669678,-0.038861751556396484,-0.09090858697891235,-0.10672557353973389,-0.10795456171035767,-0.166387140750885,-0.1283901333808899,-0.20710301399230957,-0.05923306941986084,-0.18700623512268066,-0.07759630680084229,-0.2561412453651428,-0.0837324857711792,-0.2974134683609009,-0.08605319261550903,-0.3331165909767151,-0.022360384464263916,-0.19498014450073242,-0.028703272342681885,-0.2709597945213318,-0.029071569442749023,-0.3168639540672302,-0.027674078941345215,-0.35468512773513794,0.012041628360748291,-0.18388628959655762,0.02295321226119995,-0.25369322299957275,0.03256028890609741,-0.29523611068725586,0.03996133804321289,-0.3316648602485657,0.043989717960357666,-0.1579846739768982,0.06813240051269531,-0.20591199398040771,0.08374404907226562,-0.2381179928779602,0.096324622631073,-0.26947659254074097
1,0.0,0.0,-0.054361820220947266,-0.03737694025039673,-0.09170287847518921,-0.10354459285736084,-0.10977959632873535,-0.16143536567687988,-0.13028568029403687,-0.2005939483642578,-0.06085604429244995,-0.18249839544296265,-0.08043092489242554,-0.24998217821121216,-0.08759194612503052,-0.29034143686294556,-0.09094172716140747,-0.3254513740539551,-0.02509462833404541,-0.1910688281059265,-0.0329585075378418,-0.2658465504646301,-0.034533679485321045,-0.3115999698638916,-0.03435724973678589,-0.34954994916915894,0.008808255195617676,-0.18121153116226196,0.018170416355133057,-0.2501978278160095,0.02683103084564209,-0.2924667000770569,0.03320270776748657,-0.3296428322792053,0.04089474678039551,-0.15688687562942505,0.06403112411499023,-0.20506691932678223,0.07905381917953491,-0.23770374059677124,0.0909416675567627,-0.2692762613296509
1,0.0,0.0,-0.05270278453826904,-0.034355103969573975,-0.09049749374389648,-0.09589451551437378,-0.10939818620681763,-0.15095245838165283,-0.13033568859100342,-0.18778306245803833,-0.06160527467727661,-0.17471343278884888,-0.08223307132720947,-0.23998510837554932,-0.09008049964904785,-0.27994054555892944,-0.09425246715545654,-0.3149983286857605,-0.02684915065765381,-0.1841607689857483,-0.035778582096099854,-0.2570052146911621,-0.03766357898712158,-0.3020777702331543,-0.03806638717651367,-0.3401121497154236,0.00670313835144043,-0.17575693130493164,0.015927791595458984,-0.24288833141326904,0.023967981338500977,-0.2858201265335083,0.029688358306884766,-0.3235558569431305,0.038495540618896484,-0.1531316041946411,0.061175405979156494,-0.2015455961227417,0.07580184936523438,-0.23438739776611328,0.0869441032409668,-0.26531070470809937
1,0.0,0.0,-0.05341506004333496,-0.034758031368255615,-0.09122884273529053,-0.09939050674438477,-0.11005192995071411,-0.15613287687301636,-0.1318730115890503,-0.1922374963760376,-0.061934590339660645,-0.17753982543945312,-0.08314162492752075,-0.24351048469543457,-0.0918889045715332,-0.28390973806381226,-0.09678888320922852,-0.3189851641654968,-0.026714563369750977,-0.18704628944396973,-0.03530341386795044,-0.26167890429496765,-0.03663516044616699,-0.3076070547103882,-0.03633350133895874,-0.34568142890930176,0.007138550281524658,-0.17804396152496338,0.01654791831970215,-0.24628597497940063,0.025937795639038086,-0.2889784574508667,0.032829225063323975,-0.3264670670032501,0.039549052715301514,-0.15461647510528564,0.06303584575653076,-0.20336782932281494,0.07832682132720947,-0.23613137006759644,0.0900464653968811,-0.2672386169433594
1,0.0,0.0,-0.054102420806884766,-0.03181487321853638,-0.09444862604141235,-0.09544038772583008,-0.11662596464157104,-0.1499624252319336,-0.1413862705230713,-0.18180978298187256,-0.06620275974273682,-0.17462420463562012,-0.09236139059066772,-0.23910969495773315,-0.10619163513183594,-0.2790030241012573,-0.11584687232971191,-0.3138445317745209,-0.0311737060546875,-0.18662673234939575,-0.042101144790649414,-0.2613542675971985,-0.045677900314331055,-0.3082353472709656,-0.04746633768081665,-0.34734946489334106,0.00307309627532959,-0.179551899433136,0.010812997817993164,-0.24895209074020386,0.019525527954101562,-0.2924949526786804,0.0258980393409729,-0.33085572719573975,0.035939574241638184,-0.1575303077697754,0.058995842933654785,-0.20801150798797607,0.07463502883911133,-0.24154406785964966,0.08670705556869507,-0.2730630040168762
1,0.0,0.0,-0.05521184206008911,-0.035027146339416504,-0.09477424621582031,-0.09778952598571777,-0.11617124080657959,-0.154596745967865,-0.14121246337890625,-0.18830722570419312,-0.06477475166320801,-0.18096578121185303,-0.0878174901008606,-0.2502683103084564,-0.09838378429412842,-0.29266268014907837,-0.10467720031738281,-0.32999464869499207,-0.027779102325439453,-0.1916174292564392,-0.03626871109008789,-0.2708500027656555,-0.038242876529693604,-0.3196936249732971,-0.03835970163345337,-0.3610084056854248,0.007796525955200195,-0.18334358930587769,0.018987298011779785,-0.25588011741638184,0.029459238052368164,-0.30085551738739014,0.037630558013916016,-0.34007152915000916,0.041706860065460205,-0.1598609983921051,0.0673784613609314,-0.2129969596862793,0.08454984426498413,-0.24786043167114258,0.0980461835861206,-0.28061798214912415
1,0.0,0.0,-0.05666846036911011,-0.034098029136657715,-0.0969388484954834,-0.09733033180236816,-0.1183551549911499,-0.1537075638771057,-0.1428319811820984,-0.18761685490608215,-0.06419247388839722,-0.1804218888282776,-0.08779263496398926,-0.2511294484138489,-0.09926044940948486,-0.2948946952819824,-0.10637688636779785,-0.33263909816741943,-0.026423275470733643,-0.19179928302764893,-0.03454321622848511,-0.2737082540988922,-0.036761581897735596,-0.3241812586784363,-0.03759640455245972,-0.3662888705730438,0.009939432144165039,-0.18413522839546204,0.022095441818237305,-0.25866109132766724,0.03214818239212036,-0.30598366260528564,0.03952312469482422,-0.34725935757160187,0.04454004764556885,-0.16091451048851013,0.07146131992340088,-0.21561962366104126,0.08903563022613525,-0.2517760694026947,0.10245925188064575,-0.28568658232688904
1,0.0,0.0,-0.05827951431274414,-0.0297413170337677,-0.09749865531921387,-0.08893710374832153,-0.11832720041275024,-0.14311891794204712,-0.14263582229614258,-0.17342591285705566,-0.06448525190353394,-0.1692715287208557,-0.08806616067886353,-0.2375863492488861,-0.10010874271392822,-0.2797273248434067,-0.10776996612548828,-0.3161870092153549,-0.027403652667999268,-0.18168547749519348,-0.03720146417617798,-0.26143720746040344,-0.04160350561141968,-0.3112048804759979,-0.04442936182022095,-0.35271109640598297,0.00827258825302124,-0.17589905858039856,0.019016265869140625,-0.25012797117233276,0.026816189289093018,-0.29817043244838715,0.03217315673828125,-0.33982430398464203,0.042079150676727295,-0.1554340422153473,0.06814581155776978,-0.21142718195915222,0.0838361382484436,-0.24879376590251923,0.09525173902511597,-0.28404319286346436
1,0.0,0.0,-0.05691486597061157,-0.030500441789627075,-0.09440135955810547,-0.09172576665878296,-0.11482489109039307,-0.1466977894306183,-0.13918298482894897,-0.17631611227989197,-0.05973333120346069,-0.17315202951431274,-0.08232110738754272,-0.2426484078168869,-0.09419894218444824,-0.28464606404304504,-0.10157209634780884,-0.3210511803627014,-0.023134946823120117,-0.18513521552085876,-0.031497180461883545,-0.2657559812068939,-0.03596740961074829,-0.3162323832511902,-0.0396953821182251,-0.3582760989665985,0.01207643747329712,-0.17839279770851135,0.025095820426940918,-0.2545836865901947,0.03422123193740845,-0.3033651113510132,0.040558815002441406,-0.3458096832036972,0.04502040147781372,-0.15675315260887146,0.07330608367919922,-0.21529412269592285,0.09015291929244995,-0.2539498955011368,0.10253137350082397,-0.29079727828502655
1,0.0,0.0,-0.05729883909225464,-0.0317743718624115,-0.09505730867385864,-0.09266933798789978,-0.11366462707519531,-0.14802658557891846,-0.13553786277770996,-0.1816355586051941,-0.05734384059906006,-0.17612457275390625,-0.07811987400054932,-0.2466442883014679,-0.08841592073440552,-0.2907501459121704,-0.09477782249450684,-0.32913537323474884,-0.018811166286468506,-0.18786561489105225,-0.024959981441497803,-0.2694997787475586,-0.028445661067962646,-0.3205849230289459,-0.03150111436843872,-0.36419765651226044,0.017223715782165527,-0.18090787529945374,0.032321155071258545,-0.2553747594356537,0.0423009991645813,-0.3038615584373474,0.048767685890197754,-0.34565363824367523,0.0504685640335083,-0.15894892811775208,0.07952249050140381,-0.21510973572731018,0.09715914726257324,-0.2525273561477661,0.1101980209350586,-0.287662148475647
1,0.0,0.0,-0.05982321500778198,-0.030664682388305664,-0.09661710262298584,-0.09122762084007263,-0.11490106582641602,-0.1457647681236267,-0.1377210021018982,-0.17917394638061523,-0.05771780014038086,-0.1772390604019165,-0.07863306999206543,-0.2460615038871765,-0.09021317958831787,-0.2897975742816925,-0.09771209955215454,-0.3280208557844162,-0.019608736038208008,-0.18938970565795898,-0.027010858058929443,-0.2682831883430481,-0.03179830312728882,-0.3187294006347656,-0.03534245491027832,-0.36224301159381866,0.016503095626831055,-0.18233472108840942,0.03115987777709961,-0.25762225687503815,0.04055148363113403,-0.30541275441646576,0.04709935188293457,-0.3471614420413971,0.04957115650177002,-0.16007575392723083,0.07801073789596558,-0.21835699677467346,0.09522747993469238,-0.2567605972290039,0.10806375741958618,-0.2940264642238617
1,0.0,0.0,-0.05891197919845581,-0.02950689196586609,-0.09581613540649414,-0.08852079510688782,-0.11356604099273682,-0.1428777277469635,-0.13440555334091187,-0.17714625597000122,-0.05649298429489136,-0.17327842116355896,-0.07818496227264404,-0.2412356287240982,-0.09008777141571045,-0.28389784693717957,-0.09809303283691406,-0.3209567815065384,-0.017968475818634033,-0.1862832009792328,-0.026109516620635986,-0.2672320008277893,-0.031368792057037354,-0.3176272213459015,-0.035881638526916504,-0.36100029945373535,0.017622768878936768,-0.18005570769309998,0.03177887201309204,-0.2550733834505081,0.04100799560546875,-0.3037109822034836,0.04701435565948486,-0.3456747233867645,0.050182878971099854,-0.15888959169387817,0.07858133316040039,-0.2165737748146057,0.09504717588424683,-0.2553132474422455,0.10673511028289795,-0.29234209656715393
1,0.0,0.0,-0.06029069423675537,-0.028426170349121094,-0.09688520431518555,-0.08783209323883057,-0.11625635623931885,-0.1409536600112915,-0.13929623365402222,-0.17196184396743774,-0.05939704179763794,-0.17335602641105652,-0.08185982704162598,-0.24056144058704376,-0.09440469741821289,-0.2820155769586563,-0.10258495807647705,-0.3184569925069809,-0.022165536880493164,-0.1858668327331543,-0.030433356761932373,-0.2628740966320038,-0.03772181272506714,-0.3122336268424988,-0.04373955726623535,-0.3546842038631439,0.013429045677185059,-0.1801680326461792,0.026504993438720703,-0.25557841360569,0.03398042917251587,-0.3034876734018326,0.03926503658294678,-0.34437473118305206,0.045952677726745605,-0.15979984402656555,0.07380461692810059,-0.21733756363391876,0.08959096670150757,-0.2569766640663147,0.10143893957138062,-0.2951010465621948
1,0.0,0.0,-0.058506011962890625,-0.027134805917739868,-0.09521746635437012,-0.08522304892539978,-0.11442798376083374,-0.137055903673172,-0.13740980625152588,-0.1674865484237671,-0.05759692192077637,-0.16978856921195984,-0.08069998025894165,-0.23615865409374237,-0.09365880489349365,-0.2773798406124115,-0.1022571325302124,-0.31358544528484344,-0.021397292613983154,-0.18284651637077332,-0.03096538782119751,-0.26007305085659027,-0.03857529163360596,-0.3092781752347946,-0.04473048448562622,-0.3516506552696228,0.013254106044769287,-0.17795762419700623,0.025145113468170166,-0.253395214676857,0.03251761198043823,-0.300979420542717,0.03759133815765381,-0.3417733907699585,0.04527765512466431,-0.1587984561920166,0.07138723134994507,-0.21717476844787598,0.08619570732116699,-0.25706639885902405,0.09711068868637085,-0.2952202707529068
1,0.0,0.0,-0.058854758739471436,-0.024461865425109863,-0.09601908922195435,-0.08001545071601868,-0.11551707983016968,-0.13204872608184814,-0.13838982582092285,-0.16466644406318665,-0.059981703758239746,-0.167397141456604,-0.0840383768081665,-0.2332228124141693,-0.09931623935699463,-0.27376627922058105,-0.11022990942001343,-0.309540793299675,-0.024658918380737305,-0.1831120401620865,-0.03546017408370972,-0.26007500290870667,-0.04514646530151367,-0.30928780138492584,-0.053152382373809814,-0.35058026015758514,0.009218275547027588,-0.1801510453224182,0.020063400268554688,-0.2571418583393097,0.024952709674835205,-0.306175097823143,0.027335822582244873,-0.34783898293972015,0.04057866334915161,-0.16245058178901672,0.06655663251876831,-0.2214580774307251,0.07936495542526245,-0.2627667188644409,0.0875135064125061,-0.3019659072160721
1,0.0,0.0,-0.057927489280700684,-0.026018351316452026,-0.0954020619392395,-0.08112654089927673,-0.11430951952934265,-0.13166454434394836,-0.13468319177627563,-0.16525763273239136,-0.05799144506454468,-0.16854065656661987,-0.08276605606079102,-0.23402154445648193,-0.0971074104309082,-0.2750312089920044,-0.10697466135025024,-0.31066782772541046,-0.021785974502563477,-0.1843298077583313,-0.03365224599838257,-0.26323558390140533,-0.04250633716583252,-0.313175693154335,-0.05010032653808594,-0.35540658235549927,0.011946558952331543,-0.18184006214141846,0.022957265377044678,-0.25635603070259094,0.0289880633354187,-0.30562999844551086,0.03231877088546753,-0.34715521335601807,0.042798399925231934,-0.16480839252471924,0.06795644760131836,-0.2242162823677063,0.08192569017410278,-0.2646476626396179,0.09139478206634521,-0.3021651953458786
1,0.0,0.0,-0.05733567476272583,-0.027213633060455322,-0.09187394380569458,-0.0827791690826416,-0.1086815595626831,-0.1327545940876007,-0.12761902809143066,-0.16576093435287476,-0.05215620994567871,-0.16942787170410156,-0.07505500316619873,-0.23450471460819244,-0.08849558234214783,-0.27512285113334656,-0.09782978892326355,-0.30999065935611725,-0.016517996788024902,-0.18320931494235992,-0.026631057262420654,-0.26173490285873413,-0.034966886043548584,-0.3107854425907135,-0.04221677780151367,-0.35196973383426666,0.01653820276260376,-0.17958371341228485,0.028943359851837158,-0.2549884021282196,0.035237014293670654,-0.30405740439891815,0.03873533010482788,-0.34538717567920685,0.04662501811981201,-0.1614813506603241,0.07247394323348999,-0.221226766705513,0.08626574277877808,-0.26285266876220703,0.09553605318069458,-0.3016420602798462
1,0.0,0.0,-0.055798739194869995,-0.028402239084243774,-0.08845728635787964,-0.08270177245140076,-0.10598969459533691,-0.13027316331863403,-0.12626761198043823,-0.16124239563941956,-0.0507340133190155,-0.1704024374485016,-0.07301318645477295,-0.23394300043582916,-0.08758673071861267,-0.2731955647468567,-0.09858232736587524,-0.30724547803401947,-0.016451120376586914,-0.18459993600845337,-0.02647632360458374,-0.26057523488998413,-0.03682208061218262,-0.3092510551214218,-0.04623490571975708,-0.3493225872516632,0.01594090461730957,-0.18172800540924072,0.027118444442749023,-0.2572949528694153,0.031227052211761475,-0.3064388334751129,0.032382845878601074,-0.3473874032497406,0.045189082622528076,-0.16526547074317932,0.07023656368255615,-0.22567149996757507,0.08242696523666382,-0.26790961623191833,0.08964002132415771,-0.30705346167087555
1,0.0,0.0,-0.054426491260528564,-0.026732593774795532,-0.08690577745437622,-0.0819513201713562,-0.10383352637290955,-0.12929433584213257,-0.12193116545677185,-0.1594277322292328,-0.046601295471191406,-0.1675688624382019,-0.06967911124229431,-0.22977934777736664,-0.08386510610580444,-0.26955464482307434,-0.09395220875740051,-0.3038152754306793,-0.013239264488220215,-0.18272259831428528,-0.024003714323043823,-0.2587200254201889,-0.033340662717819214,-0.30729684233665466,-0.04191559553146362,-0.34716692566871643,0.01772332191467285,-0.18128058314323425,0.02929013967514038,-0.25451621413230896,0.03377276659011841,-0.30422143638134,0.035092830657958984,-0.3458765894174576,0.045304834842681885,-0.16564881801605225,0.06971859931945801,-0.2237129509449005,0.08155745267868042,-0.26624614000320435,0.08813077211380005,-0.3057926297187805
1,0.0,0.0,-0.05260831117630005,-0.026312202215194702,-0.08403614163398743,-0.08259913325309753,-0.10010966658592224,-0.13116902112960815,-0.11880579590797424,-0.16067209839820862,-0.04341965913772583,-0.1693129539489746,-0.06668606400489807,-0.23234185576438904,-0.08141350746154785,-0.2719956636428833,-0.09232202172279358,-0.3051581233739853,-0.011032551527023315,-0.1840238869190216,-0.023045063018798828,-0.2600073367357254,-0.03305575251579285,-0.3079056888818741,-0.04220518469810486,-0.34677109122276306,0.018739372491836548,-0.18177339434623718,0.029339998960494995,-0.2547522187232971,0.03287431597709656,-0.30417393147945404,0.03346028923988342,-0.34537477791309357,0.04507532715797424,-0.16524145007133484,0.06759372353553772,-0.2223329246044159,0.0781693160533905,-0.2639780640602112,0.0836852490901947,-0.3026590049266815
1,0.0,0.0,-0.05280113220214844,-0.02692931890487671,-0.08578580617904663,-0.08257132768630981,-0.10320258140563965,-0.13074183464050293,-0.12177610397338867,-0.16230976581573486,-0.045726388692855835,-0.17118948698043823,-0.06985056400299072,-0.23508627712726593,-0.08458417654037476,-0.2747049182653427,-0.09559547901153564,-0.30837374925613403,-0.012992560863494873,-0.18508371710777283,-0.02363523840904236,-0.261097252368927,-0.033767133951187134,-0.30918610095977783,-0.04329794645309448,-0.3485446721315384,0.01707303524017334,-0.18205159902572632,0.027549833059310913,-0.2542986571788788,0.030691444873809814,-0.30409544706344604,0.03091469407081604,-0.3454973101615906,0.04378095269203186,-0.1647568643093109,0.06641757488250732,-0.22185249626636505,0.07686275243759155,-0.2632172405719757,0.08224940299987793,-0.3014104515314102
1,0.0,0.0,-0.054376304149627686,-0.026201307773590088,-0.09203919768333435,-0.08047935366630554,-0.11241760849952698,-0.12850698828697205,-0.13349175453186035,-0.1614178717136383,-0.05217301845550537,-0.16987070441246033,-0.07831528782844543,-0.23448389768600464,-0.09474256634712219,-0.27416884899139404,-0.10723438858985901,-0.30817626416683197,-0.01899459958076477,-0.1843031644821167,-0.03136032819747925,-0.2621195912361145,-0.04213935136795044,-0.31130287051200867,-0.0518246591091156,-0.3521875739097595,0.012160956859588623,-0.18121623992919922,0.020986497402191162,-0.2542017996311188,0.023280292749404907,-0.30384014546871185,0.023003727197647095,-0.3455658555030823,0.04071572422981262,-0.16369318962097168,0.06114652752876282,-0.22103962302207947,0.07041040062904358,-0.2620092183351517,0.07502946257591248,-0.30025815963745117
1,0.0,0.0,-0.05220794677734375,-0.023854494094848633,-0.08859723806381226,-0.07766833901405334,-0.10941419005393982,-0.12482231855392456,-0.1317470818758011,-0.15805384516716003,-0.050973594188690186,-0.17051705718040466,-0.0785871148109436,-0.23318755626678467,-0.09720519185066223,-0.2706477642059326,-0.11175841093063354,-0.30409660935401917,-0.02003765106201172,-0.18546980619430542,-0.03525346517562866,-0.25986458361148834,-0.04892122745513916,-0.30738410353660583,-0.06158831715583801,-0.34768544137477875,0.009109407663345337,-0.18311205506324768,0.016988396644592285,-0.256425142288208,0.017685770988464355,-0.30538210272789,0.015297383069992065,-0.34679052233695984,0.03552901744842529,-0.16633185744285583,0.05453428626060486,-0.2242143154144287,0.06139254570007324,-0.26571038365364075,0.06333273649215698,-0.304486945271492
1,0.0,0.0,-0.0515621155500412,-0.02847069501876831,-0.0859164297580719,-0.08288562297821045,-0.10571685433387756,-0.13248410820960999,-0.1273021697998047,-0.1680017113685608,-0.044513195753097534,-0.1707266867160797,-0.06799258291721344,-0.23667661845684052,-0.08463206887245178,-0.2770818918943405,-0.0977984368801117,-0.31219716370105743,-0.01292639970779419,-0.18381407856941223,-0.023030340671539307,-0.2606448531150818,-0.03291285037994385,-0.3106212019920349,-0.042594581842422485,-0.35182493925094604,0.016331791877746582,-0.17966946959495544,0.028571903705596924,-0.2516351789236069,0.032717615365982056,-0.2998315691947937,0.03319835662841797,-0.3411187082529068,0.04226824641227722,-0.16109195351600647,0.06331619620323181,-0.21721333265304565,0.07282346487045288,-0.2573145627975464,0.07747909426689148,-0.29519227147102356
1,0.0,0.0,-0.05037344992160797,-0.02642768621444702,-0.08415022492408752,-0.07885673642158508,-0.10473103821277618,-0.12417468428611755,-0.12533754110336304,-0.1549602448940277,-0.04519183933734894,-0.16270795464515686,-0.06885918974876404,-0.22392433881759644,-0.08549413084983826,-0.2614646553993225,-0.09907776117324829,-0.2929713577032089,-0.01584520936012268,-0.17705169320106506,-0.028367310762405396,-0.25005215406417847,-0.0391356498003006,-0.2969440519809723,-0.0495440810918808,-0.3339378982782364,0.012193143367767334,-0.17490851879119873,0.02219337224960327,-0.24414463341236115,0.024391084909439087,-0.29111842811107635,0.022991567850112915,-0.330732062458992,0.03765431046485901,-0.15857303142547607,0.057615697383880615,-0.21183830499649048,0.065213143825531,-0.24969574809074402,0.06765222549438477,-0.2846926897764206
1,0.0,0.0,-0.04699775576591492,-0.030492126941680908,-0.07378603518009186,-0.08270782232284546,-0.09056735038757324,-0.12849178910255432,-0.1087549477815628,-0.1613878607749939,-0.03084138035774231,-0.16496136784553528,-0.049271389842033386,-0.22494614124298096,-0.06413513422012329,-0.26291337609291077,-0.07674482464790344,-0.2951661944389343,-0.002363830804824829,-0.17631646990776062,-0.008502408862113953,-0.24605044722557068,-0.018746092915534973,-0.2917250990867615,-0.029771119356155396,-0.3276063948869705,0.02336844801902771,-0.1717914640903473,0.03894621133804321,-0.2367652952671051,0.04184618592262268,-0.28325629234313965,0.04071623086929321,-0.3216335028409958,0.04474741220474243,-0.1531367301940918,0.06735548377037048,-0.20175176858901978,0.07503461837768555,-0.24068313837051392,0.07744091749191284,-0.2765050232410431
1,0.0,0.0,-0.042890504002571106,-0.03222900629043579,-0.06708686053752899,-0.08723431825637817,-0.08145630359649658,-0.13221150636672974,-0.09871058166027069,-0.166147381067276,-0.028032302856445312,-0.17035001516342163,-0.04533480107784271,-0.2297840416431427,-0.05989284813404083,-0.2672324776649475,-0.07343824207782745,-0.2988637685775757,-0.0010450631380081177,-0.18018248677253723,-0.006960466504096985,-0.2504417896270752,-0.01879003643989563,-0.29519122838974,-0.03218547999858856,-0.3300870656967163,0.02336074411869049,-0.17444494366645813,0.03704862296581268,-0.239626944065094,0.037735357880592346,-0.28506970405578613,0.03386788070201874,-0.32342296838760376,0.04351775348186493,-0.1545047163963318,0.06341837346553802,-0.20122799277305603,0.06843350827693939,-0.23793327808380127,0.06724779307842255,-0.2715342044830322
1,0.0,0.0,-0.041088998317718506,-0.032049715518951416,-0.06321445107460022,-0.08170676231384277,-0.07901422679424286,-0.12135827541351318,-0.09721539914608002,-0.1529645323753357,-0.029669061303138733,-0.16807186603546143,-0.04725314676761627,-0.22262173891067505,-0.06512007117271423,-0.25640520453453064,-0.0819186121225357,-0.2842450737953186,-0.006385505199432373,-0.17718756198883057,-0.012844234704971313,-0.24472850561141968,-0.02791312336921692,-0.28697848320007324,-0.044543325901031494,-0.32051992416381836,0.015940949320793152,-0.17122423648834229,0.0270443856716156,-0.23929142951965332,0.024611979722976685,-0.28407859802246094,0.018333375453948975,-0.3213341236114502,0.034240663051605225,-0.15137618780136108,0.05174863338470459,-0.2005789875984192,0.055493295192718506,-0.2376037836074829,0.05397230386734009,-0.27112436294555664
1,0.0,0.0,-0.0443769246339798,-0.024046242237091064,-0.07304349541664124,-0.07218647003173828,-0.09216068685054779,-0.11216336488723755,-0.11341771483421326,-0.14388108253479004,-0.04415218532085419,-0.16412097215652466,-0.06661434471607208,-0.21654397249221802,-0.08591912686824799,-0.24857372045516968,-0.1045442521572113,-0.2753749489784241,-0.019985705614089966,-0.1769741177558899,-0.030492886900901794,-0.24215108156204224,-0.04561065137386322,-0.2821093201637268,-0.06221146881580353,-0.31245535612106323,0.003873497247695923,-0.17264991998672485,0.011916786432266235,-0.23656457662582397,0.009881854057312012,-0.2816998362541199,0.003946572542190552,-0.3196966052055359,0.024972081184387207,-0.15302127599716187,0.04130375385284424,-0.20005661249160767,0.044452399015426636,-0.2363063097000122,0.04189014434814453,-0.26912248134613037
1,0.0,0.0,-0.04717394709587097,-0.015763044357299805,-0.08309906721115112,-0.05975371599197388,-0.10711158812046051,-0.0996735692024231,-0.1300857961177826,-0.13251793384552002,-0.054291561245918274,-0.1594841480255127,-0.08212505280971527,-0.21222329139709473,-0.10293494164943695,-0.24307698011398315,-0.12242159247398376,-0.26830822229385376,-0.028729647397994995,-0.17567628622055054,-0.044308364391326904,-0.24100196361541748,-0.06138207018375397,-0.2794153094291687,-0.08031448721885681,-0.30750226974487305,-0.0019648373126983643,-0.1740126609802246,0.002895146608352661,-0.23816686868667603,-4.166364669799805e-05,-0.2817293405532837,-0.006934374570846558,-0.3178620934486389,0.023304253816604614,-0.1552218198776245,0.03744211792945862,-0.20295864343643188,0.0407433807849884,-0.23757803440093994,0.03855744004249573,-0.26818543672561646
1,0.0,0.0,-0.046738654375076294,-0.02089327573776245,-0.07888808846473694,-0.06885737180709839,-0.10081921517848969,-0.11047530174255371,-0.12259665131568909,-0.14316308498382568,-0.05142498016357422,-0.16381651163101196,-0.07709962129592896,-0.21699512004852295,-0.09652982652187347,-0.24762529134750366,-0.11497160792350769,-0.27311354875564575,-0.02482280135154724,-0.1789330244064331,-0.037890613079071045,-0.24369186162948608,-0.053669750690460205,-0.2822127938270569,-0.07170715928077698,-0.31120097637176514,0.0015210509300231934,-0.17653697729110718,0.008998304605484009,-0.24001699686050415,0.007289767265319824,-0.2841283082962036,0.0012963712215423584,-0.32088756561279297,0.02464956045150757,-0.15765637159347534,0.04079526662826538,-0.20426499843597412,0.04592910408973694,-0.23870110511779785,0.04593881964683533,-0.26939529180526733
1,0.0,0.0,-0.046515434980392456,-0.02012932300567627,-0.07971015572547913,-0.06619399785995483,-0.10276004672050476,-0.10677051544189453,-0.12566819787025452,-0.13763290643692017,-0.0527416467666626,-0.15973001718521118,-0.07871192693710327,-0.2124723196029663,-0.09720051288604736,-0.24293667078018188,-0.11483997106552124,-0.26923006772994995,-0.026734083890914917,-0.17462915182113647,-0.039645880460739136,-0.23816996812820435,-0.054294049739837646,-0.2760798931121826,-0.0713740885257721,-0.3057938814163208,-0.0011892616748809814,-0.17230671644210815,0.005697280168533325,-0.23509395122528076,0.00421181321144104,-0.27858227491378784,-0.0016492903232574463,-0.31670260429382324,0.021713227033615112,-0.15426182746887207,0.0373857319355011,-0.20057493448257446,0.04226374626159668,-0.23490750789642334,0.04191550612449646,-0.2671748995780945
1,0.0,0.0,-0.04530605673789978,-0.019601523876190186,-0.07790273427963257,-0.0658339262008667,-0.09991952776908875,-0.10722494125366211,-0.12283569574356079,-0.1386362910270691,-0.05236199498176575,-0.1609089970588684,-0.0776839554309845,-0.21323281526565552,-0.095787912607193,-0.24381226301193237,-0.11302781105041504,-0.26972442865371704,-0.02607402205467224,-0.17518645524978638,-0.03878340125083923,-0.23852068185806274,-0.05368417501449585,-0.2756129503250122,-0.07101428508758545,-0.303927481174469,-0.00018414855003356934,-0.1721501350402832,0.006643325090408325,-0.23447537422180176,0.005054295063018799,-0.2773979902267456,-0.0008142292499542236,-0.31403714418411255,0.02306210994720459,-0.15338021516799927,0.03888469934463501,-0.1998555064201355,0.04396238923072815,-0.23400872945785522,0.04369887709617615,-0.2653648853302002
1,0.0,0.0,-0.04612705111503601,-0.0222853422164917,-0.07810568809509277,-0.06918102502822876,-0.0999273955821991,-0.11152374744415283,-0.121491938829422,-0.1454707384109497,-0.04967227578163147,-0.1625516414642334,-0.07477360963821411,-0.21673238277435303,-0.09296375513076782,-0.24780040979385376,-0.10957452654838562,-0.27455705404281616,-0.02333924174308777,-0.175329327583313,-0.035402506589889526,-0.2395336627960205,-0.04965472221374512,-0.2781268358230591,-0.06560784578323364,-0.30822908878326416,0.0025452375411987305,-0.171184241771698,0.009158551692962646,-0.23389291763305664,0.00750616192817688,-0.2753555178642273,0.002021580934524536,-0.3113217353820801,0.02565118670463562,-0.15163284540176392,0.041439563035964966,-0.19752562046051025,0.047281503677368164,-0.23001867532730103,0.048657745122909546,-0.2598736882209778
1,0.0,0.0,-0.04562956094741821,-0.02166956663131714,-0.07735666632652283,-0.0702599287033081,-0.09812653064727783,-0.113930344581604,-0.1190933883190155,-0.14771252870559692,-0.04803404211997986,-0.16220355033874512,-0.07158759236335754,-0.2166513204574585,-0.08858838677406311,-0.24809306859970093,-0.10402971506118774,-0.2749636769294739,-0.021416038274765015,-0.17406409978866577,-0.03130456805229187,-0.23873376846313477,-0.043679773807525635,-0.2777811884880066,-0.05784812569618225,-0.30892133712768555,0.0043863654136657715,-0.1693238615989685,0.01276850700378418,-0.232327401638031,0.012956976890563965,-0.2730671763420105,0.009474396705627441,-0.30863434076309204,0.026631981134414673,-0.1497025489807129,0.042362332344055176,-0.19587671756744385,0.049973875284194946,-0.22757726907730103,0.05444294214248657,-0.25683778524398804
1,0.0,0.0,-0.04502144455909729,-0.026824355125427246,-0.07461318373680115,-0.07967942953109741,-0.09302201867103577,-0.12520891427993774,-0.11303189396858215,-0.16048967838287354,-0.04238739609718323,-0.16623276472091675,-0.06091088056564331,-0.22485637664794922,-0.07671588659286499,-0.2575152516365051,-0.09257450699806213,-0.28537803888320923,-0.014061450958251953,-0.17522519826889038,-0.02093285322189331,-0.24181848764419556,-0.03144800662994385,-0.2819597125053406,-0.04472735524177551,-0.31522971391677856,0.012564867734909058,-0.16716355085372925,0.024219781160354614,-0.23132401704788208,0.02728879451751709,-0.2731836438179016,0.02573356032371521,-0.3106563091278076,0.03533771634101868,-0.14403313398361206,0.055805742740631104,-0.1883050799369812,0.06732991337776184,-0.21935391426086426,0.07452169060707092,-0.24895358085632324
1,0.0,0.0,-0.04761570692062378,-0.032855093479156494,-0.07778045535087585,-0.08869439363479614,-0.09181040525436401,-0.13738763332366943,-0.10839346051216125,-0.17462313175201416,-0.04147955775260925,-0.1751003861427307,-0.058145672082901,-0.2352556586265564,-0.06875377893447876,-0.27028316259384155,-0.07861471176147461,-0.30021053552627563,-0.009466350078582764,-0.1805362105369568,-0.013300716876983643,-0.2488735318183899,-0.019078373908996582,-0.29119187593460083,-0.026884853839874268,-0.3268349766731262,0.019407451152801514,-0.16800850629806519,0.032908499240875244,-0.23016315698623657,0.04035937786102295,-0.2718939185142517,0.04378610849380493,-0.3095744252204895,0.04424625635147095,-0.14083248376846313,0.06863212585449219,-0.18321222066879272,0.08317923545837402,-0.2132074236869812,0.09387260675430298,-0.2423270344734192
1,0.0,0.0,-0.04571622610092163,-0.03392434120178223,-0.07452565431594849,-0.09496450424194336,-0.08805614709854126,-0.14860022068023682,-0.10515111684799194,-0.18517661094665527,-0.03661710023880005,-0.17112743854522705,-0.04899054765701294,-0.23424750566482544,-0.05537712574005127,-0.27223867177963257,-0.059464216232299805,-0.30502861738204956,-0.0036621689796447754,-0.17402327060699463,-0.004840195178985596,-0.2417394518852234,-0.005295395851135254,-0.2842969298362732,-0.005926787853240967,-0.3202611804008484,0.0258791446685791,-0.1602412462234497,0.042582809925079346,-0.2200484275817871,0.05385535955429077,-0.259215772151947,0.06215113401412964,-0.2940780520439148,0.05129706859588623,-0.13305425643920898,0.0791480541229248,-0.17122220993041992,0.0970948338508606,-0.19812583923339844,0.11148464679718018,-0.2242499589920044
1,0.0,0.0,-0.0458979606628418,-0.03536677360534668,-0.07421332597732544,-0.09777718782424927,-0.08743977546691895,-0.15132111310958862,-0.10438287258148193,-0.18797308206558228,-0.03470999002456665,-0.17259621620178223,-0.046685099601745605,-0.2363874316215515,-0.05233478546142578,-0.2745004892349243,-0.05540090799331665,-0.30712705850601196,-0.0017917752265930176,-0.17519307136535645,-0.001977860927581787,-0.24295204877853394,-0.0013126730918884277,-0.28565430641174316,-0.0007646679878234863,-0.32201528549194336,0.02744835615158081,-0.16091734170913696,0.045039355754852295,-0.2206556797027588,0.05794692039489746,-0.2595219016075134,0.06777197122573853,-0.294630765914917,0.052343666553497314,-0.13319557905197144,0.08151119947433472,-0.17038434743881226,0.1007797122001648,-0.19611406326293945,0.11655855178833008,-0.2214776873588562
1,0.0,0.0,-0.04669630527496338,-0.03437310457229614,-0.0745730996131897,-0.09501057863235474,-0.08651834726333618,-0.14755040407180786,-0.1023404598236084,-0.1850782036781311,-0.035943567752838135,-0.17056041955947876,-0.047852277755737305,-0.23388105630874634,-0.05301791429519653,-0.2721098065376282,-0.05560559034347534,-0.30483758449554443,-0.002160370349884033,-0.17359966039657593,-0.0019106268882751465,-0.2417069673538208,-0.0006054043769836426,-0.28394895792007446,0.0008705258369445801,-0.31964123249053955,0.02759861946105957,-0.15996068716049194,0.044661104679107666,-0.21915167570114136,0.05774891376495361,-0.2571108937263489,0.06776106357574463,-0.29080671072006226,0.05296832323074341,-0.13295966386795044,0.08221173286437988,-0.1706499457359314,0.10181277990341187,-0.19560331106185913,0.11770457029342651,-0.21928203105926514
1,0.0,0.0,-0.046661555767059326,-0.03425490856170654,-0.07525652647018433,-0.0949939489364624,-0.08849197626113892,-0.14767706394195557,-0.10546714067459106,-0.18402713537216187,-0.03710252046585083,-0.17002636194229126,-0.0497247576713562,-0.23370563983917236,-0.05543297529220581,-0.2717347741127014,-0.0585637092590332,-0.3042348027229309,-0.0043572187423706055,-0.17369049787521362,-0.005072176456451416,-0.2413034439086914,-0.004404306411743164,-0.2833908200263977,-0.0036753416061401367,-0.31914663314819336,0.024930477142333984,-0.16036754846572876,0.04215240478515625,-0.220664381980896,0.055376410484313965,-0.2589920163154602,0.065571129322052,-0.29338371753692627,0.050271451473236084,-0.13346415758132935,0.07976168394088745,-0.17112505435943604,0.0994868278503418,-0.19612103700637817,0.11566627025604248,-0.22039103507995605
1,0.0,0.0,-0.04626190662384033,-0.03378725051879883,-0.07567018270492554,-0.09466749429702759,-0.08885729312896729,-0.14725184440612793,-0.10433655977249146,-0.1843796968460083,-0.03922069072723389,-0.1696988344192505,-0.05247300863265991,-0.2322981357574463,-0.0579257607460022,-0.2698575258255005,-0.06034958362579346,-0.30188918113708496,-0.005969583988189697,-0.17414194345474243,-0.007373213768005371,-0.24221551418304443,-0.006793797016143799,-0.28419411182403564,-0.005576431751251221,-0.3191679120063782,0.02384108304977417,-0.1619192361831665,0.03975719213485718,-0.22161579132080078,0.051940321922302246,-0.2589467763900757,0.061291277408599854,-0.2917569875717163,0.04964852333068848,-0.1361227035522461,0.078255295753479,-0.17415070533752441,0.09758448600769043,-0.1995028853416443,0.11341452598571777,-0.22374457120895386
1,0.0,0.0,-0.04794108867645264,-0.03254824876785278,-0.0791824460029602,-0.09259986877441406,-0.09536850452423096,-0.14435160160064697,-0.11506098508834839,-0.1771426796913147,-0.04563641548156738,-0.16853874921798706,-0.062269508838653564,-0.23069018125534058,-0.07001429796218872,-0.268312931060791,-0.0745542049407959,-0.3002570867538452,-0.013477683067321777,-0.17512816190719604,-0.018316209316253662,-0.2437359094619751,-0.01936131715774536,-0.2861279249191284,-0.0194549560546875,-0.32105278968811035,0.0164148211479187,-0.1642286777496338,0.02934730052947998,-0.22615677118301392,0.04021859169006348,-0.2653290033340454,0.0485042929649353,-0.29949820041656494,0.04337829351425171,-0.13960200548171997,0.06940323114395142,-0.18090635538101196,0.0868183970451355,-0.2087051272392273,0.10102486610412598,-0.23483598232269287
1,0.0,0.0,-0.05045640468597412,-0.03421950340270996,-0.08223891258239746,-0.09470540285110474,-0.10002976655960083,-0.14704102277755737,-0.12232410907745361,-0.17813825607299805,-0.04771369695663452,-0.17005789279937744,-0.0644271969795227,-0.23361748456954956,-0.07344919443130493,-0.27171939611434937,-0.07942098379135132,-0.30514514446258545,-0.014655530452728271,-0.176444411277771,-0.01920032501220703,-0.24500596523284912,-0.02105802297592163,-0.28732025623321533,-0.02205061912536621,-0.3232051730155945,0.016211390495300293,-0.16515213251113892,0.031177878379821777,-0.22862297296524048,0.041149675846099854,-0.267822265625,0.0488048791885376,-0.30338093638420105,0.04377627372741699,-0.1401713490486145,0.07250058650970459,-0.18137598037719727,0.09027302265167236,-0.20968538522720337,0.10470306873321533,-0.23828953504562378
1,0.0,0.0,-0.04963868856430054,-0.03254801034927368,-0.08213889598846436,-0.0934300422668457,-0.10122382640838623,-0.14303171634674072,-0.12361127138137817,-0.171983540058136,-0.04847651720046997,-0.16976255178451538,-0.06708210706710815,-0.23307448625564575,-0.07585024833679199,-0.2714289426803589,-0.08104246854782104,-0.3040299415588379,-0.01522892713546753,-0.17773735523223877,-0.02096623182296753,-0.24771475791931152,-0.02245163917541504,-0.2912544906139374,-0.02297210693359375,-0.32726040482521057,0.015936672687530518,-0.16784167289733887,0.029961824417114258,-0.2304544448852539,0.04098081588745117,-0.27056777477264404,0.04930388927459717,-0.30594402551651,0.04383563995361328,-0.14407366514205933,0.07191646099090576,-0.18527603149414062,0.09003818035125732,-0.21331292390823364,0.10474801063537598,-0.24048376083374023
1,0.0,0.0,-0.051997601985931396,-0.02988380193710327,-0.08585673570632935,-0.08861029148101807,-0.10343527793884277,-0.13848525285720825,-0.1246788501739502,-0.1686376929283142,-0.049903690814971924,-0.16798561811447144,-0.06864076852798462,-0.2302449345588684,-0.07889825105667114,-0.2681628167629242,-0.08627384901046753,-0.3010999858379364,-0.015226125717163086,-0.1767231822013855,-0.02110344171524048,-0.24741393327713013,-0.024229109287261963,-0.29073697328567505,-0.026873528957366943,-0.3286017179489136,0.016865253448486328,-0.16733986139297485,0.030712664127349854,-0.23041841387748718,0.04116004705429077,-0.27133557200431824,0.04836660623550415,-0.3080101013183594,0.04545778036117554,-0.1441667675971985,0.07194697856903076,-0.1890774369239807,0.08902877569198608,-0.2185976803302765,0.1022636890411377,-0.24728727340698242
1,0.0,0.0,-0.05077850818634033,-0.02728480100631714,-0.08425617218017578,-0.08585149049758911,-0.10336178541183472,-0.13498932123184204,-0.12580877542495728,-0.16375869512557983,-0.050473153591156006,-0.16409695148468018,-0.06973803043365479,-0.2258930504322052,-0.080596923828125,-0.2641150951385498,-0.08814537525177002,-0.2968471944332123,-0.016643226146697998,-0.17309045791625977,-0.02313232421875,-0.24374347925186157,-0.026473701000213623,-0.28739893436431885,-0.029332876205444336,-0.3241438865661621,0.015215814113616943,-0.16434943675994873,0.028444111347198486,-0.22933337092399597,0.037751734256744385,-0.2712417542934418,0.044040560722351074,-0.3084675073623657,0.04393267631530762,-0.1419367790222168,0.07078516483306885,-0.18780910968780518,0.08757513761520386,-0.21871504187583923,0.10035973787307739,-0.24858856201171875
1,0.0,0.0,-0.05280846357345581,-0.027321577072143555,-0.08775109052658081,-0.08586269617080688,-0.10639417171478271,-0.1353846788406372,-0.12742602825164795,-0.16510623693466187,-0.05196940898895264,-0.16676545143127441,-0.0716598629951477,-0.22980225086212158,-0.08217930793762207,-0.2690703868865967,-0.08922332525253296,-0.30252087116241455,-0.016910672187805176,-0.1765443980693817,-0.023144304752349854,-0.2491890788078308,-0.02657485008239746,-0.29461270570755005,-0.02955329418182373,-0.333048939704895,0.015722274780273438,-0.16832426190376282,0.029729723930358887,-0.23515969514846802,0.03975611925125122,-0.2787778079509735,0.046651363372802734,-0.3166767358779907,0.044452786445617676,-0.14584952592849731,0.07269281148910522,-0.1923195719718933,0.09041738510131836,-0.2238236367702484,0.10418522357940674,-0.25372785329818726
1,0.0,0.0,-0.05306291580200195,-0.026674926280975342,-0.08826613426208496,-0.08415776491165161,-0.1073007583618164,-0.1332830786705017,-0.12851965427398682,-0.1630139946937561,-0.052862465381622314,-0.16578030586242676,-0.0727277398109436,-0.22760650515556335,-0.08346301317214966,-0.26658257842063904,-0.09076237678527832,-0.30008000135421753,-0.01787954568862915,-0.17646396160125732,-0.024481773376464844,-0.2482297122478485,-0.028550803661346436,-0.29332321882247925,-0.032206714153289795,-0.3321716785430908,0.01473623514175415,-0.1687411665916443,0.028408169746398926,-0.2349187135696411,0.038089096546173096,-0.27843135595321655,0.04462027549743652,-0.31669461727142334,0.04346674680709839,-0.1462843120098114,0.07127147912979126,-0.19268447160720825,0.08862954378128052,-0.22425198554992676,0.10205817222595215,-0.2545461058616638
1,0.0,0.0,-0.05256342887878418,-0.024966061115264893,-0.08773833513259888,-0.08117508888244629,-0.10671025514602661,-0.1295802891254425,-0.12777096033096313,-0.15894746780395508,-0.05408501625061035,-0.1631236970424652,-0.0739126205444336,-0.22371834516525269,-0.08492428064346313,-0.26143011450767517,-0.09252601861953735,-0.2934870421886444,-0.019629716873168945,-0.17354941368103027,-0.026249170303344727,-0.24439126253128052,-0.030951201915740967,-0.28888148069381714,-0.03545099496841431,-0.3270818591117859,0.012508273124694824,-0.16617482900619507,0.025916337966918945,-0.23244330286979675,0.03460186719894409,-0.2763381600379944,0.039980411529541016,-0.31489288806915283,0.04101228713989258,-0.1445709764957428,0.06829488277435303,-0.1915028989315033,0.08482331037521362,-0.22346311807632446,0.09733796119689941,-0.2540440857410431
1,0.0,0.0,-0.05182361602783203,-0.024591028690338135,-0.08686947822570801,-0.08004581928253174,-0.10639339685440063,-0.12803930044174194,-0.1277453899383545,-0.1572236716747284,-0.05400151014328003,-0.16018468141555786,-0.07362723350524902,-0.22127366065979004,-0.08462905883789062,-0.2591112554073334,-0.09223419427871704,-0.2912423610687256,-0.020245730876922607,-0.17104226350784302,-0.02725851535797119,-0.2425747811794281,-0.03173714876174927,-0.2870999574661255,-0.035926997661590576,-0.324741393327713,0.011643826961517334,-0.16413971781730652,0.024803876876831055,-0.2307138741016388,0.03367435932159424,-0.2743654251098633,0.03930121660232544,-0.3123224973678589,0.04009312391281128,-0.1430836021900177,0.06703430414199829,-0.19041642546653748,0.08383715152740479,-0.2219541072845459,0.09671282768249512,-0.2519267499446869
1,0.0,0.0,-0.05233967304229736,-0.025181353092193604,-0.08729630708694458,-0.08051025867462158,-0.10634684562683105,-0.12844330072402954,-0.12714755535125732,-0.15808343887329102,-0.053802430629730225,-0.16132336854934692,-0.07388561964035034,-0.22249078750610352,-0.08523094654083252,-0.26066261529922485,-0.09302794933319092,-0.29325562715530396,-0.0196266770362854,-0.17212820053100586,-0.02632772922515869,-0.24357303977012634,-0.031002581119537354,-0.28849703073501587,-0.03542131185531616,-0.32678329944610596,0.012442052364349365,-0.16524487733840942,0.025806903839111328,-0.23203885555267334,0.03413975238800049,-0.2762759029865265,0.039359986782073975,-0.31499290466308594,0.040872275829315186,-0.1440892219543457,0.068126380443573,-0.19137424230575562,0.08464920520782471,-0.22349515557289124,0.09726381301879883,-0.2541872262954712
1,0.0,0.0,-0.05283164978027344,-0.023833930492401123,-0.08907312154769897,-0.07758456468582153,-0.10819649696350098,-0.12589845061302185,-0.12936967611312866,-0.15548333525657654,-0.057277560234069824,-0.1604864001274109,-0.07838988304138184,-0.2212333381175995,-0.08992862701416016,-0.25905072689056396,-0.09789669513702393,-0.2919746935367584,-0.023148536682128906,-0.1719614863395691,-0.03148287534713745,-0.24340274930000305,-0.03631395101547241,-0.2884446978569031,-0.04040229320526123,-0.3276784420013428,0.008858978748321533,-0.1653006672859192,0.020894944667816162,-0.23149210214614868,0.029713332653045654,-0.2754725515842438,0.03558093309402466,-0.31384116411209106,0.037618398666381836,-0.1445893943309784,0.06382536888122559,-0.19239956140518188,0.08055269718170166,-0.2240067720413208,0.09340924024581909,-0.25371742248535156
1,0.0,0.0,-0.05354201793670654,-0.020648837089538574,-0.09054875373840332,-0.07218015193939209,-0.1107255220413208,-0.11845919489860535,-0.13322192430496216,-0.14597681164741516,-0.05916088819503784,-0.1579095423221588,-0.08288627862930298,-0.21734285354614258,-0.09703946113586426,-0.2540460228919983,-0.10824882984161377,-0.2860589027404785,-0.026080071926116943,-0.1721246838569641,-0.037026822566986084,-0.24400049448013306,-0.04522925615310669,-0.2878154516220093,-0.05326277017593384,-0.3258040249347687,0.0052397847175598145,-0.16793811321258545,0.01568007469177246,-0.23608875274658203,0.02213120460510254,-0.2799100875854492,0.02542823553085327,-0.3183172345161438,0.03362095355987549,-0.1490713655948639,0.05801248550415039,-0.19977936148643494,0.07277888059616089,-0.23289456963539124,0.08314216136932373,-0.26437437534332275
1,0.0,0.0,-0.05028486251831055,-0.020910918712615967,-0.08468729257583618,-0.06871601939201355,-0.10512781143188477,-0.11236456036567688,-0.12728843092918396,-0.14011725783348083,-0.05503445863723755,-0.15140670537948608,-0.07815155386924744,-0.20724669098854065,-0.09278953075408936,-0.24224889278411865,-0.1036558449268341,-0.2730715870857239,-0.024117112159729004,-0.1662999391555786,-0.03553682565689087,-0.23398929834365845,-0.04473620653152466,-0.2770569324493408,-0.053473591804504395,-0.3138769268989563,0.005131900310516357,-0.16370511054992676,0.014401078224182129,-0.22783470153808594,0.01870328187942505,-0.2714586853981018,0.02005237340927124,-0.309023380279541,0.03147321939468384,-0.14760246872901917,0.052673935890197754,-0.19817084074020386,0.06475037336349487,-0.23248794674873352,0.07282507419586182,-0.26444554328918457
1,0.0,0.0,-0.04931795597076416,-0.020546674728393555,-0.08368435502052307,-0.07029396295547485,-0.10471001267433167,-0.11446121335029602,-0.1274370551109314,-0.14097386598587036,-0.05391395092010498,-0.15312302112579346,-0.07726866006851196,-0.20977824926376343,-0.09259265661239624,-0.24437332153320312,-0.10421958565711975,-0.2743209898471832,-0.02364981174468994,-0.16653898358345032,-0.035220205783843994,-0.23424363136291504,-0.04455512762069702,-0.2771000862121582,-0.0539821982383728,-0.31263868510723114,0.005828976631164551,-0.16299349069595337,0.014380216598510742,-0.228740394115448,0.01865220069885254,-0.27165675163269043,0.019698619842529297,-0.3080293536186218,0.03265351057052612,-0.14621838927268982,0.054205358028411865,-0.1973796784877777,0.06629204750061035,-0.23140209913253784,0.07443773746490479,-0.26274722814559937
1,0.0,0.0,-0.04903525114059448,-0.026246845722198486,-0.08279132843017578,-0.08072701096534729,-0.10229980945587158,-0.12702292203903198,-0.12323638796806335,-0.15489861369132996,-0.049715638160705566,-0.1585465371608734,-0.07063573598861694,-0.21904292702674866,-0.0832788348197937,-0.2555381655693054,-0.09271317720413208,-0.28755801916122437,-0.018228590488433838,-0.16868454217910767,-0.027092039585113525,-0.2386193871498108,-0.03345423936843872,-0.2831237018108368,-0.0397605299949646,-0.320769727230072,0.011783599853515625,-0.16216057538986206,0.02334803342819214,-0.2280036211013794,0.030491769313812256,-0.27104002237319946,0.034276723861694336,-0.3083152770996094,0.03853476047515869,-0.1426011621952057,0.06287163496017456,-0.1915414035320282,0.0780366063117981,-0.2242232859134674,0.08930301666259766,-0.2545635402202606
1,0.0,0.0,-0.04851502180099487,-0.027083992958068848,-0.08034855127334595,-0.0824275016784668,-0.09751254320144653,-0.1302471160888672,-0.1173829436302185,-0.15994885563850403,-0.04522353410720825,-0.15841275453567505,-0.06396210193634033,-0.21910902857780457,-0.075106680393219,-0.2563037872314453,-0.08276361227035522,-0.2884376347064972,-0.013559341430664062,-0.16753533482551575,-0.020343124866485596,-0.2369912564754486,-0.02489417791366577,-0.28114861249923706,-0.02920246124267578,-0.3179863691329956,0.0163193941116333,-0.1598207652568817,0.029438793659210205,-0.2236107587814331,0.03773462772369385,-0.2657237648963928,0.04292726516723633,-0.3022281229496002,0.04316180944442749,-0.13913998007774353,0.06895184516906738,-0.18558868765830994,0.08493822813034058,-0.21699631214141846,0.09692943096160889,-0.24643290042877197
1,0.0,0.0,-0.04898703098297119,-0.02437901496887207,-0.08279025554656982,-0.07717370986938477,-0.10211294889450073,-0.12391451001167297,-0.12325149774551392,-0.1523582935333252,-0.05129349231719971,-0.15242186188697815,-0.0719594955444336,-0.2119174599647522,-0.08322429656982422,-0.24877572059631348,-0.0905720591545105,-0.280014306306839,-0.020040273666381836,-0.16294559836387634,-0.02961808443069458,-0.23195013403892517,-0.03490978479385376,-0.2755807340145111,-0.038955628871917725,-0.3111346960067749,0.009922981262207031,-0.15704873204231262,0.019738078117370605,-0.2215747833251953,0.02685338258743286,-0.26382824778556824,0.03169047832489014,-0.2998869717121124,0.03746277093887329,-0.1381756067276001,0.06125342845916748,-0.1842067837715149,0.076213538646698,-0.21496814489364624,0.08761370182037354,-0.24368178844451904
1,0.0,0.0,-0.05051755905151367,-0.024954497814178467,-0.08451712131500244,-0.07664871215820312,-0.10293066501617432,-0.12333410978317261,-0.12359237670898438,-0.15215662121772766,-0.05444532632827759,-0.15429332852363586,-0.07440412044525146,-0.2129882574081421,-0.08531594276428223,-0.24952402710914612,-0.09267383813858032,-0.2812874913215637,-0.021731972694396973,-0.16603747010231018,-0.029982686042785645,-0.23507380485534668,-0.034990549087524414,-0.2782023549079895,-0.03926587104797363,-0.3152686357498169,0.00919640064239502,-0.1605229377746582,0.020229339599609375,-0.22348427772521973,0.02839118242263794,-0.2647915482521057,0.033569514751434326,-0.300250768661499,0.03733915090560913,-0.14148911833763123,0.06167137622833252,-0.18790674209594727,0.07701897621154785,-0.21867981553077698,0.08862465620040894,-0.2471984624862671
1,0.0,0.0,-0.05167943239212036,-0.02194434404373169,-0.08732432126998901,-0.0727226734161377,-0.10697078704833984,-0.11903327703475952,-0.12836575508117676,-0.1476079225540161,-0.0577470064163208,-0.15392792224884033,-0.07946521043777466,-0.21209606528282166,-0.09158360958099365,-0.24827343225479126,-0.10011053085327148,-0.2796795964241028,-0.02516847848892212,-0.16665470600128174,-0.03520321846008301,-0.2352931797504425,-0.04144376516342163,-0.2783289849758148,-0.04671269655227661,-0.3154837489128113,0.005588531494140625,-0.161993145942688,0.015289306640625,-0.22619712352752686,0.022295057773590088,-0.26850810647010803,0.02650076150894165,-0.3050899803638458,0.033705055713653564,-0.14375385642051697,0.05741482973098755,-0.19105538725852966,0.07223469018936157,-0.22261559963226318,0.0832662582397461,-0.25199708342552185
1,0.0,0.0,-0.05191141366958618,-0.021002769470214844,-0.08784341812133789,-0.07032281160354614,-0.10709160566329956,-0.11648404598236084,-0.12829554080963135,-0.14543414115905762,-0.058014094829559326,-0.15303653478622437,-0.08000820875167847,-0.2109837532043457,-0.09246093034744263,-0.24735045433044434,-0.10137444734573364,-0.2792714834213257,-0.02524012327194214,-0.1666664481163025,-0.03550237417221069,-0.23546692728996277,-0.042136549949645996,-0.2785308361053467,-0.04772496223449707,-0.3157308101654053,0.0057378411293029785,-0.1625155806541443,0.015494287014007568,-0.226701021194458,0.022001266479492188,-0.2692664861679077,0.025884926319122314,-0.3060271143913269,0.03398782014846802,-0.1445043981075287,0.0576511025428772,-0.1917637288570404,0.0721890926361084,-0.22339367866516113,0.0829283595085144,-0.2528434693813324
1,0.0,0.0,-0.05222433805465698,-0.023212015628814697,-0.08551499247550964,-0.07420605421066284,-0.10361361503601074,-0.11990901827812195,-0.1256949007511139,-0.14799007773399353,-0.049331068992614746,-0.15817371010780334,-0.07082906365394592,-0.21886169910430908,-0.08413583040237427,-0.25579774379730225,-0.09430268406867981,-0.2880709171295166,-0.016323864459991455,-0.16963616013526917,-0.02411121129989624,-0.23972046375274658,-0.03203129768371582,-0.28325122594833374,-0.0398346483707428,-0.32052311301231384,0.013474345207214355,-0.16373082995414734,0.02563270926475525,-0.22882279753684998,0.031147032976150513,-0.27159348130226135,0.0334649384021759,-0.3083759546279907,0.03919467329978943,-0.14429813623428345,0.061696916818618774,-0.19308719038963318,0.07430240511894226,-0.22599244117736816,0.08298316597938538,-0.25694847106933594
1,0.0,0.0,-0.0442812442779541,-0.022493422031402588,-0.07243171334266663,-0.07201620936393738,-0.08859977126121521,-0.11417779326438904,-0.10725089907646179,-0.1381782591342926,-0.036374837160110474,-0.15150776505470276,-0.054850876331329346,-0.2070898413658142,-0.06810802221298218,-0.24099838733673096,-0.07912451028823853,-0.269675612449646,-0.007505148649215698,-0.16248014569282532,-0.013606548309326172,-0.22780248522758484,-0.02098768949508667,-0.26984715461730957,-0.029530495405197144,-0.3041457235813141,0.0191534161567688,-0.1576378345489502,0.03230878710746765,-0.21828600764274597,0.0373019278049469,-0.25993937253952026,0.03834298253059387,-0.2952595353126526,0.04184064269065857,-0.13964587450027466,0.06277987360954285,-0.18598425388336182,0.07282355427742004,-0.21968087553977966,0.07823652029037476,-0.2508901059627533
1,0.0,0.0,-0.04208552837371826,-0.022173523902893066,-0.07046440243721008,-0.07115474343299866,-0.08659401535987854,-0.11230665445327759,-0.10527415573596954,-0.13673225045204163,-0.03717637062072754,-0.1513313353061676,-0.05626669526100159,-0.20523637533187866,-0.07046517729759216,-0.23782706260681152,-0.08228066563606262,-0.26582103967666626,-0.009619206190109253,-0.16295310854911804,-0.015539884567260742,-0.22705313563346863,-0.023989200592041016,-0.2686445713043213,-0.033140480518341064,-0.3023107200860977,0.01578730344772339,-0.1587105393409729,0.02932518720626831,-0.21817374229431152,0.033239394426345825,-0.25902092456817627,0.03356897830963135,-0.2932940125465393,0.03696310520172119,-0.14125385880470276,0.05791085958480835,-0.1871013641357422,0.06744548678398132,-0.2214852273464203,0.07261890172958374,-0.25354722142219543
1,0.0,0.0,-0.0420384407043457,-0.020951151847839355,-0.0697425901889801,-0.06978356838226318,-0.08530399203300476,-0.11064985394477844,-0.10407605767250061,-0.13352414965629578,-0.03698992729187012,-0.14862707257270813,-0.055936068296432495,-0.20196038484573364,-0.06992340087890625,-0.2342326045036316,-0.08175989985466003,-0.26156941056251526,-0.00962364673614502,-0.15994027256965637,-0.01585984230041504,-0.22319063544273376,-0.023856401443481445,-0.2639457583427429,-0.03291204571723938,-0.29664500057697296,0.015689849853515625,-0.1558675467967987,0.028520911931991577,-0.214907705783844,0.032493025064468384,-0.25580376386642456,0.03273564577102661,-0.29051120579242706,0.03709492087364197,-0.13901454210281372,0.057174503803253174,-0.18466252088546753,0.06659039855003357,-0.2185577154159546,0.07162806391716003,-0.2501767873764038
1,0.0,0.0,-0.04068610072135925,-0.0217038094997406,-0.06813055276870728,-0.06825828552246094,-0.08390650153160095,-0.1071465015411377,-0.10241121053695679,-0.13021135330200195,-0.036471396684646606,-0.14452552795410156,-0.05602234601974487,-0.1967146396636963,-0.06974232196807861,-0.2291174829006195,-0.08046670258045197,-0.2567630559206009,-0.009708762168884277,-0.15631261467933655,-0.016665279865264893,-0.21866083145141602,-0.024728089570999146,-0.2595053166151047,-0.033167511224746704,-0.2919583022594452,0.015217006206512451,-0.15302333235740662,0.02778145670890808,-0.21145763993263245,0.03134867548942566,-0.2510344982147217,0.03164470195770264,-0.2838926315307617,0.03622886538505554,-0.13675934076309204,0.056308865547180176,-0.181413471698761,0.06517979502677917,-0.2144472301006317,0.06982752680778503,-0.2448730766773224
1,0.0,0.0,-0.04132845997810364,-0.02183324098587036,-0.06992846727371216,-0.0672113299369812,-0.08767983317375183,-0.1060226559638977,-0.10702066123485565,-0.13178199529647827,-0.03801167011260986,-0.1440589427947998,-0.05859684944152832,-0.19816741347312927,-0.07285481691360474,-0.2313884198665619,-0.08373597264289856,-0.26038748025894165,-0.011221319437026978,-0.15528640151023865,-0.01932346820831299,-0.21856820583343506,-0.027277320623397827,-0.2605057954788208,-0.03552842140197754,-0.29476289451122284,0.014130234718322754,-0.15122288465499878,0.026129424571990967,-0.2096095085144043,0.03049945831298828,-0.24926228821277618,0.03139665722846985,-0.282652884721756,0.03604361414909363,-0.13435789942741394,0.05633363127708435,-0.17929747700691223,0.06591087579727173,-0.21148312091827393,0.07110017538070679,-0.24110820889472961
1,0.0,0.0,-0.04225301742553711,-0.021143436431884766,-0.07222062349319458,-0.06731772422790527,-0.09038865566253662,-0.10745599865913391,-0.10988561809062958,-0.1347854733467102,-0.040934741497039795,-0.1440645456314087,-0.06092831492424011,-0.19971096515655518,-0.07498261332511902,-0.23337186872959137,-0.08570271730422974,-0.26282787322998047,-0.013767778873443604,-0.15456947684288025,-0.0218752920627594,-0.2194468379020691,-0.029247909784317017,-0.26125292479991913,-0.03670889139175415,-0.29568077623844147,0.012345761060714722,-0.14984899759292603,0.02422836422920227,-0.21041125059127808,0.028953582048416138,-0.24967387318611145,0.030175209045410156,-0.28302355110645294,0.03569194674491882,-0.1328045129776001,0.056195229291915894,-0.17951148748397827,0.06581273674964905,-0.21141400933265686,0.0711563229560852,-0.24119408428668976
1,0.0,0.0,-0.042771875858306885,-0.0264054536819458,-0.07318750023841858,-0.07415643334388733,-0.09157615900039673,-0.11536654829978943,-0.11077451705932617,-0.14306029677391052,-0.04187938570976257,-0.1483054757118225,-0.06188127398490906,-0.20545092225074768,-0.07519355416297913,-0.2409989833831787,-0.08450210094451904,-0.27167417109012604,-0.014115512371063232,-0.15761813521385193,-0.022566616535186768,-0.2239675670862198,-0.02837541699409485,-0.2664703130722046,-0.033293843269348145,-0.30084727704524994,0.013251125812530518,-0.15182381868362427,0.024136781692504883,-0.21164341270923615,0.02943602204322815,-0.2508685886859894,0.031942933797836304,-0.2836301624774933,0.038536906242370605,-0.13380709290504456,0.05904868245124817,-0.17980033159255981,0.06955742835998535,-0.21117964386940002,0.07634735107421875,-0.24007153511047363
1,0.0,0.0,-0.04361817240715027,-0.030644595623016357,-0.07520449161529541,-0.0823531448841095,-0.09348535537719727,-0.1258316934108734,-0.1114053726196289,-0.15416550636291504,-0.040419548749923706,-0.15254980325698853,-0.059694379568099976,-0.2128644585609436,-0.07196289300918579,-0.24907292425632477,-0.08174526691436768,-0.2789219468832016,-0.01149800419807434,-0.1609281301498413,-0.018325060606002808,-0.22850032150745392,-0.024715155363082886,-0.2700277417898178,-0.030960500240325928,-0.303322896361351,0.01565292477607727,-0.15398553013801575,0.028780877590179443,-0.21538683772087097,0.03583630919456482,-0.2548789381980896,0.03984689712524414,-0.28737296164035797,0.03945288062095642,-0.13389724493026733,0.06193816661834717,-0.17871657013893127,0.07517266273498535,-0.20966610312461853,0.08503413200378418,-0.23739075660705566
1,0.0,0.0,-0.04473719000816345,-0.02730587124824524,-0.0769023597240448,-0.07727771997451782,-0.09564262628555298,-0.12078607082366943,-0.11486199498176575,-0.14890125393867493,-0.04536202549934387,-0.15087753534317017,-0.06374981999397278,-0.20888212323188782,-0.07489898800849915,-0.2442077100276947,-0.08315840363502502,-0.2743619233369827,-0.015385329723358154,-0.1588122546672821,-0.023497551679611206,-0.22469675540924072,-0.02876695990562439,-0.2671487480401993,-0.03363791108131409,-0.3021051585674286,0.012715339660644531,-0.15142375230789185,0.02342402935028076,-0.21129190921783447,0.030291497707366943,-0.2513606995344162,0.03417903184890747,-0.2852598577737808,0.03763800859451294,-0.13243672251701355,0.0588415265083313,-0.17708605527877808,0.07176071405410767,-0.20732909440994263,0.0812872052192688,-0.2353297770023346
1,0.0,0.0,-0.04511386156082153,-0.02848801016807556,-0.07659530639648438,-0.07924243807792664,-0.09491890668869019,-0.12331941723823547,-0.11487531661987305,-0.15029460191726685,-0.04415738582611084,-0.15144577622413635,-0.06275302171707153,-0.2102406919002533,-0.07375019788742065,-0.24642902612686157,-0.08138057589530945,-0.27757176756858826,-0.013884902000427246,-0.15930283069610596,-0.021924197673797607,-0.22536423802375793,-0.026820898056030273,-0.26775258779525757,-0.03083878755569458,-0.3029290586709976,0.014706671237945557,-0.15127405524253845,0.026479780673980713,-0.2122030258178711,0.03407686948776245,-0.25151093304157257,0.038800716400146484,-0.285111665725708,0.040393948554992676,-0.13076433539390564,0.06321972608566284,-0.17466768622398376,0.07731765508651733,-0.204315185546875,0.08802896738052368,-0.2321915626525879
1,0.0,0.0,-0.046436846256256104,-0.030802637338638306,-0.07701104879379272,-0.08528169989585876,-0.09421896934509277,-0.13270840048789978,-0.11372476816177368,-0.16268086433410645,-0.04228013753890991,-0.1569150984287262,-0.058288514614105225,-0.219192773103714,-0.06748604774475098,-0.25783202052116394,-0.07336610555648804,-0.29072903096675873,-0.01148378849029541,-0.16278046369552612,-0.016017675399780273,-0.2318650186061859,-0.017803490161895752,-0.2764175534248352,-0.018838047981262207,-0.3131687790155411,0.017436444759368896,-0.15288329124450684,0.03105032444000244,-0.21506386995315552,0.041162848472595215,-0.2554547041654587,0.04855775833129883,-0.2900598645210266,0.04340559244155884,-0.1311887800693512,0.06878155469894409,-0.17471584677696228,0.08486109972000122,-0.20417362451553345,0.09765416383743286,-0.23201265931129456
1,0.0,0.0,-0.045728862285614014,-0.03143909573554993,-0.07696408033370972,-0.08650314807891846,-0.09433919191360474,-0.1340324878692627,-0.11371463537216187,-0.16470247507095337,-0.04255908727645874,-0.15875226259231567,-0.059394776821136475,-0.22134757041931152,-0.06816971302032471,-0.26009905338287354,-0.07314741611480713,-0.29330894351005554,-0.011817753314971924,-0.16510576009750366,-0.01692783832550049,-0.23484838008880615,-0.018410921096801758,-0.27931490540504456,-0.018920600414276123,-0.31588833034038544,0.017173290252685547,-0.15540683269500732,0.030171453952789307,-0.2181347906589508,0.04013711214065552,-0.25885750353336334,0.04755955934524536,-0.29377834498882294,0.04350769519805908,-0.1333215832710266,0.06844764947891235,-0.17702597379684448,0.08451312780380249,-0.2065773606300354,0.09731709957122803,-0.23436546325683594
1,0.0,0.0,-0.04377835988998413,-0.03319728374481201,-0.07386863231658936,-0.08862537145614624,-0.09048128128051758,-0.13671135902404785,-0.11037009954452515,-0.16619402170181274,-0.042113304138183594,-0.15574899315834045,-0.05790519714355469,-0.2174595594406128,-0.06581270694732666,-0.2556375563144684,-0.07015389204025269,-0.28827624022960663,-0.012077927589416504,-0.1614234447479248,-0.016572415828704834,-0.22957241535186768,-0.016990482807159424,-0.2727721631526947,-0.016437232494354248,-0.30818597972393036,0.016306936740875244,-0.15168872475624084,0.028772711753845215,-0.2116573452949524,0.03899264335632324,-0.2504602074623108,0.04696846008300781,-0.2835160940885544,0.041960179805755615,-0.12984952330589294,0.06615185737609863,-0.17168331146240234,0.08243465423583984,-0.19993066787719727,0.0956348180770874,-0.22606736421585083
1,0.0,0.0,-0.04236245155334473,-0.035257816314697266,-0.06879782676696777,-0.0931505560874939,-0.08155280351638794,-0.1427958607673645,-0.09999382495880127,-0.17339181900024414,-0.03772097826004028,-0.15488165616989136,-0.04837632179260254,-0.2180464267730713,-0.052371323108673096,-0.256214439868927,-0.053658127784729004,-0.288597971200943,-0.007731080055236816,-0.15697026252746582,-0.008065998554229736,-0.22352886199951172,-0.005380213260650635,-0.2650611400604248,-0.0017865300178527832,-0.2995963543653488,0.019780516624450684,-0.14476358890533447,0.03336644172668457,-0.2019270658493042,0.045563697814941406,-0.23668742179870605,0.05564415454864502,-0.2669816017150879,0.044539034366607666,-0.1216115653514862,0.06928998231887817,-0.15996861457824707,0.08632761240005493,-0.18562334775924683,0.10061156749725342,-0.20978519320487976
1,0.0,0.0,-0.043344855308532715,-0.03396528959274292,-0.07022738456726074,-0.09262645244598389,-0.0829702615737915,-0.1432769000530243,-0.10169047117233276,-0.173273503780365,-0.04004126787185669,-0.1529821753501892,-0.0502433180809021,-0.21561884880065918,-0.053468525409698486,-0.2538681924343109,-0.05396205186843872,-0.2861971855163574,-0.009967267513275146,-0.1557830274105072,-0.010357916355133057,-0.22176837921142578,-0.007762551307678223,-0.2636299431324005,-0.004306375980377197,-0.2982795685529709,0.017683207988739014,-0.14439305663108826,0.03093928098678589,-0.20137441158294678,0.04249387979507446,-0.23713544011116028,0.05207186937332153,-0.2681761384010315,0.04247689247131348,-0.12199631333351135,0.06727468967437744,-0.1605607271194458,0.08428376913070679,-0.18656307458877563,0.0985567569732666,-0.21059054136276245
1,0.0,0.0,-0.04221224784851074,-0.036823809146881104,-0.07041507959365845,-0.09528788924217224,-0.08488309383392334,-0.14445137977600098,-0.10457944869995117,-0.17297238111495972,-0.03746306896209717,-0.15412494540214539,-0.04795783758163452,-0.21715891361236572,-0.05259811878204346,-0.25582635402679443,-0.054525554180145264,-0.28874295949935913,-0.007687389850616455,-0.15575909614562988,-0.008648872375488281,-0.21980977058410645,-0.005975902080535889,-0.26139068603515625,-0.002029240131378174,-0.29620474576950073,0.019542336463928223,-0.14311200380325317,0.03410840034484863,-0.19856560230255127,0.04619860649108887,-0.23277559876441956,0.056459784507751465,-0.2627122402191162,0.043761491775512695,-0.11913970112800598,0.06922727823257446,-0.1540626883506775,0.08682239055633545,-0.17816424369812012,0.10181456804275513,-0.20148971676826477
1,0.0,0.0,-0.04223930835723877,-0.029266178607940674,-0.07531750202178955,-0.08134186267852783,-0.09781968593597412,-0.12232857942581177,-0.1218639612197876,-0.14382511377334595,-0.044847190380096436,-0.1482672095298767,-0.062060654163360596,-0.20872420072555542,-0.07110565900802612,-0.2455984652042389,-0.07657700777053833,-0.27659106254577637,-0.016075074672698975,-0.15442967414855957,-0.021915674209594727,-0.2192991077899933,-0.02274036407470703,-0.26088181138038635,-0.02191692590713501,-0.2952801585197449,0.011848390102386475,-0.1460566222667694,0.023164570331573486,-0.20316025614738464,0.03343719244003296,-0.2385084331035614,0.04168081283569336,-0.2689588665962219,0.03762781620025635,-0.12563127279281616,0.0618554949760437,-0.1634930968284607,0.07852798700332642,-0.18876412510871887,0.09185123443603516,-0.21266832947731018
1,0.0,0.0,-0.048090338706970215,-0.02157127857208252,-0.08134567737579346,-0.06520923972129822,-0.10172003507614136,-0.0989384651184082,-0.12242543697357178,-0.11109960079193115,-0.05329698324203491,-0.15178915858268738,-0.07487672567367554,-0.20382174849510193,-0.08857756853103638,-0.23496973514556885,-0.09929263591766357,-0.26101601123809814,-0.0222628116607666,-0.167726069688797,-0.03290832042694092,-0.2361648976802826,-0.04100465774536133,-0.27614492177963257,-0.049259185791015625,-0.3090432286262512,0.00831669569015503,-0.16516268253326416,0.02029740810394287,-0.23446038365364075,0.027339696884155273,-0.27599483728408813,0.030586659908294678,-0.31246116757392883,0.03556257486343384,-0.14600679278373718,0.05915367603302002,-0.19796842336654663,0.07284224033355713,-0.23218056559562683,0.08254623413085938,-0.26513785123825073
1,0.0,0.0,-0.043235063552856445,-0.021830856800079346,-0.06645113229751587,-0.05937811732292175,-0.07680976390838623,-0.0888465940952301,-0.09003341197967529,-0.10736268758773804,-0.046471238136291504,-0.1560906171798706,-0.06193453073501587,-0.20659026503562927,-0.07437676191329956,-0.2370910942554474,-0.08594030141830444,-0.2614160180091858,-0.022449970245361328,-0.16857591271400452,-0.030311882495880127,-0.2387804090976715,-0.041877925395965576,-0.27993059158325195,-0.05419868230819702,-0.3115673065185547,0.0012826323509216309,-0.16456922888755798,0.01163184642791748,-0.23684099316596985,0.013960659503936768,-0.282463937997818,0.012800216674804688,-0.32079119980335236,0.0221368670463562,-0.14547526836395264,0.03917115926742554,-0.19791319966316223,0.04498988389968872,-0.23541364073753357,0.046914875507354736,-0.2703898549079895
1,0.0,0.0,-0.04114586114883423,-0.023121178150177002,-0.06247216463088989,-0.06120726466178894,-0.07048898935317993,-0.08917683362960815,-0.07865530252456665,-0.10787078738212585,-0.0445939302444458,-0.1578100621700287,-0.05904805660247803,-0.20888397097587585,-0.07070034742355347,-0.23859137296676636,-0.08133471012115479,-0.2636747360229492,-0.023091614246368408,-0.16927269101142883,-0.03196680545806885,-0.23844066262245178,-0.04462224245071411,-0.2806008756160736,-0.05690532922744751,-0.31398504972457886,-0.0017549395561218262,-0.1648159921169281,0.005803585052490234,-0.23679035902023315,0.005062758922576904,-0.28175991773605347,0.0021579861640930176,-0.3198629170656204,0.016740858554840088,-0.1454695463180542,0.02905559539794922,-0.19573500752449036,0.031567394733428955,-0.2320340871810913,0.03127950429916382,-0.2655484080314636
1,0.0,0.0,-0.03832310438156128,-0.024680912494659424,-0.051776111125946045,-0.0628136396408081,-0.05832052230834961,-0.08966857194900513,-0.06898796558380127,-0.10837224125862122,-0.044260263442993164,-0.1560596227645874,-0.05787783861160278,-0.20738887786865234,-0.06956428289413452,-0.23711815476417542,-0.07995015382766724,-0.2642362415790558,-0.028651952743530273,-0.16626253724098206,-0.04171973466873169,-0.2310873568058014,-0.055703938007354736,-0.27257513999938965,-0.06858056783676147,-0.30514079332351685,-0.012640714645385742,-0.16408026218414307,-0.013158798217773438,-0.23402437567710876,-0.019418179988861084,-0.27853822708129883,-0.02740037441253662,-0.31473302841186523,0.0027598142623901367,-0.15119555592536926,0.00828087329864502,-0.20161393284797668,0.005853891372680664,-0.23683950304985046,0.0001271367073059082,-0.2669071555137634
1,0.0,0.0,-0.03819131851196289,-0.022178709506988525,-0.05244171619415283,-0.05720096826553345,-0.05811333656311035,-0.08325454592704773,-0.06526494026184082,-0.10402852296829224,-0.03795504570007324,-0.155157208442688,-0.04918926954269409,-0.20514386892318726,-0.0598490834236145,-0.2344033122062683,-0.06893128156661987,-0.2606621980667114,-0.02140134572982788,-0.16613656282424927,-0.030996084213256836,-0.2327234148979187,-0.043909549713134766,-0.2752986252307892,-0.055269062519073486,-0.3083670139312744,-0.004618644714355469,-0.16421422362327576,-0.0010538101196289062,-0.23512965440750122,-0.006292104721069336,-0.28111588954925537,-0.01266402006149292,-0.31868475675582886,0.010601997375488281,-0.15088710188865662,0.0178719162940979,-0.20420992374420166,0.016569554805755615,-0.24233382940292358,0.012923479080200195,-0.2762528657913208
1,0.0,0.0,-0.039569079875946045,-0.020208895206451416,-0.057775259017944336,-0.05787062644958496,-0.06522494554519653,-0.08484253287315369,-0.07550376653671265,-0.09863722324371338,-0.041360437870025635,-0.15586906671524048,-0.05486798286437988,-0.20493194460868835,-0.06674402952194214,-0.23328128457069397,-0.077400803565979,-0.2573167085647583,-0.02137547731399536,-0.1679903268814087,-0.0303342342376709,-0.2351827621459961,-0.04351389408111572,-0.27656489610671997,-0.05597865581512451,-0.309131383895874,-0.0013381242752075195,-0.1654885709285736,0.003991603851318359,-0.23724794387817383,0.0011982321739196777,-0.2828628718852997,-0.003239750862121582,-0.3214709460735321,0.016429483890533447,-0.14951711893081665,0.025893867015838623,-0.2023051679134369,0.027037739753723145,-0.23994600772857666,0.025919020175933838,-0.27400606870651245
1,0.0,0.0,-0.04361957311630249,-0.018584012985229492,-0.06733107566833496,-0.05665409564971924,-0.07685917615890503,-0.08671069145202637,-0.0899120569229126,-0.10331973433494568,-0.04668539762496948,-0.15561234951019287,-0.062438905239105225,-0.20466899871826172,-0.07437610626220703,-0.23409688472747803,-0.08560013771057129,-0.2578940689563751,-0.020956099033355713,-0.1691572666168213,-0.02767646312713623,-0.2377890944480896,-0.03854024410247803,-0.27888229489326477,-0.050624310970306396,-0.3097957372665405,0.003264486789703369,-0.16659677028656006,0.01424860954284668,-0.23806887865066528,0.015104532241821289,-0.2854872941970825,0.012666523456573486,-0.3253515362739563,0.024267613887786865,-0.14902859926223755,0.0419008731842041,-0.20385557413101196,0.04764455556869507,-0.24289211630821228,0.049193382263183594,-0.27893900871276855
1,0.0,0.0,-0.04593253135681152,-0.020366430282592773,-0.0713396668434143,-0.06028604507446289,-0.08399206399917603,-0.09183546900749207,-0.0991981029510498,-0.10709905624389648,-0.04739046096801758,-0.15695607662200928,-0.06496107578277588,-0.20747551321983337,-0.0770336389541626,-0.23873749375343323,-0.08777278661727905,-0.26317358016967773,-0.01969730854034424,-0.17173978686332703,-0.027545690536499023,-0.24152541160583496,-0.03747838735580444,-0.28196945786476135,-0.04866981506347656,-0.31149113178253174,0.0068711042404174805,-0.16891425848007202,0.018641531467437744,-0.23911762237548828,0.022261202335357666,-0.28530412912368774,0.022422850131988525,-0.32442551851272583,0.0298001766204834,-0.15003061294555664,0.04993051290512085,-0.2035103738307953,0.05860793590545654,-0.24136900901794434,0.06321883201599121,-0.2768271565437317
1,0.0,0.0,-0.04763895273208618,-0.021178364753723145,-0.07661092281341553,-0.06422770023345947,-0.09279227256774902,-0.09642654657363892,-0.11096465587615967,-0.10721588134765625,-0.04870480298995972,-0.15852689743041992,-0.06815743446350098,-0.2089742124080658,-0.08138704299926758,-0.24027284979820251,-0.09299242496490479,-0.264825701713562,-0.018603146076202393,-0.17339202761650085,-0.027646303176879883,-0.24210894107818604,-0.037033677101135254,-0.2825329899787903,-0.04763031005859375,-0.3136252164840698,0.010414600372314453,-0.16958341002464294,0.022687554359436035,-0.23770242929458618,0.027689754962921143,-0.28349968791007996,0.02890866994857788,-0.3231871426105499,0.03621196746826172,-0.15053772926330566,0.059351563453674316,-0.20413047075271606,0.07178544998168945,-0.24056434631347656,0.07948845624923706,-0.2750503420829773
1,0.0,0.0,-0.048284828662872314,-0.02164328098297119,-0.07778167724609375,-0.06616544723510742,-0.09408855438232422,-0.10070201754570007,-0.11314713954925537,-0.11257416009902954,-0.047776222229003906,-0.16097301244735718,-0.0666082501411438,-0.21253055334091187,-0.07959115505218506,-0.24443405866622925,-0.09110963344573975,-0.2693351209163666,-0.016888320446014404,-0.1755843460559845,-0.024811863899230957,-0.244712233543396,-0.03377556800842285,-0.28565263748168945,-0.0442543625831604,-0.31730204820632935,0.012489259243011475,-0.17134025692939758,0.026551485061645508,-0.23897847533226013,0.032457709312438965,-0.2847922146320343,0.03439289331436157,-0.3241128772497177,0.03825986385345459,-0.1513775885105133,0.06286585330963135,-0.20377302169799805,0.07605350017547607,-0.23933440446853638,0.08455616235733032,-0.27274423837661743
1,0.0,0.0,-0.05209249258041382,-0.018063127994537354,-0.09057164192199707,-0.06176632642745972,-0.11555874347686768,-0.09513098001480103,-0.13950693607330322,-0.1062612235546112,-0.06024867296218872,-0.15307322144508362,-0.08315777778625488,-0.20477163791656494,-0.0970144271850586,-0.23685815930366516,-0.108012855052948,-0.26330897212028503,-0.02737438678741455,-0.16929581761360168,-0.038368165493011475,-0.237207293510437,-0.04633653163909912,-0.27736929059028625,-0.05412101745605469,-0.3106907308101654,0.005182921886444092,-0.16746661067008972,0.016540467739105225,-0.23361116647720337,0.023551523685455322,-0.27640819549560547,0.027558505535125732,-0.31278735399246216,0.03531539440155029,-0.15075898170471191,0.0602986216545105,-0.20215946435928345,0.07501691579818726,-0.23637571930885315,0.08583581447601318,-0.26824015378952026
1,0.0,0.0,-0.05231088399887085,-0.02014029026031494,-0.0925934910774231,-0.06344437599182129,-0.11873495578765869,-0.0962548553943634,-0.1430409550666809,-0.10776585340499878,-0.06217724084854126,-0.15052470564842224,-0.08712869882583618,-0.20433109998703003,-0.1021803617477417,-0.23710057139396667,-0.11393743753433228,-0.2628442049026489,-0.0292472243309021,-0.1673714518547058,-0.04219460487365723,-0.23553231358528137,-0.050544679164886475,-0.2768670916557312,-0.058414340019226074,-0.31009137630462646,0.0032968521118164062,-0.16660809516906738,0.011831045150756836,-0.23221981525421143,0.01809513568878174,-0.2751502990722656,0.02127152681350708,-0.3116380274295807,0.03377056121826172,-0.15087172389030457,0.05805295705795288,-0.20126277208328247,0.07345163822174072,-0.2348339855670929,0.08493953943252563,-0.2658401429653168
1,0.0,0.0,-0.05128347873687744,-0.025486767292022705,-0.09078311920166016,-0.07192736864089966,-0.11868339776992798,-0.10635143518447876,-0.14542639255523682,-0.12025612592697144,-0.060307979583740234,-0.15334436297416687,-0.08462685346603394,-0.20901793241500854,-0.09846729040145874,-0.2434481978416443,-0.10850179195404053,-0.27207693457603455,-0.027562856674194336,-0.16785308718681335,-0.04139477014541626,-0.2335473895072937,-0.04869157075881958,-0.27503353357315063,-0.054814934730529785,-0.3094950318336487,0.0053365230560302734,-0.16495931148529053,0.013241052627563477,-0.2276323437690735,0.021140873432159424,-0.268473744392395,0.025992929935455322,-0.3039454221725464,0.03609311580657959,-0.14701950550079346,0.06144469976425171,-0.19207513332366943,0.07743990421295166,-0.2236068844795227,0.0894821286201477,-0.2535995841026306
1,0.0,0.0,-0.04659855365753174,-0.032101452350616455,-0.08389568328857422,-0.08544474840164185,-0.11147797107696533,-0.12404698133468628,-0.1393570899963379,-0.14295724034309387,-0.04987990856170654,-0.1631205677986145,-0.07022184133529663,-0.22507891058921814,-0.08071094751358032,-0.2620519697666168,-0.08702778816223145,-0.2940593361854553,-0.01802748441696167,-0.1717378795146942,-0.028125107288360596,-0.2390042543411255,-0.03175097703933716,-0.28163617849349976,-0.033229708671569824,-0.3175252377986908,0.013475477695465088,-0.16325721144676208,0.02454519271850586,-0.22198355197906494,0.034967124462127686,-0.2591384947299957,0.04293888807296753,-0.29196417331695557,0.04268360137939453,-0.1410272717475891,0.06973123550415039,-0.18005061149597168,0.0880284309387207,-0.2070368528366089,0.1027299165725708,-0.23354309797286987
1,0.0,0.0,-0.03786855936050415,-0.03379666805267334,-0.06927597522735596,-0.09376895427703857,-0.09156084060668945,-0.14096716046333313,-0.11624711751937866,-0.1704118251800537,-0.04728519916534424,-0.16159957647323608,-0.06359195709228516,-0.22944390773773193,-0.0717971920967102,-0.2691609263420105,-0.07675570249557495,-0.3043825030326843,-0.024388432502746582,-0.16485965251922607,-0.0331917405128479,-0.2314389944076538,-0.03502023220062256,-0.27512145042419434,-0.0342327356338501,-0.3083738684654236,0.00024199485778808594,-0.152591735124588,0.0037665367126464844,-0.20570161938667297,0.01091545820236206,-0.2383117973804474,0.016906917095184326,-0.2662753462791443,0.02599155902862549,-0.1309053599834442,0.042815983295440674,-0.16444140672683716,0.054901301860809326,-0.1856992244720459,0.06678086519241333,-0.2069295048713684
1,0.0,0.0,-0.032825767993927,-0.039482712745666504,-0.05777937173843384,-0.09749320149421692,-0.07705569267272949,-0.14508679509162903,-0.09932082891464233,-0.18010026216506958,-0.04525268077850342,-0.1657445728778839,-0.0575556755065918,-0.2343839406967163,-0.06355750560760498,-0.27566590905189514,-0.06644189357757568,-0.3122504949569702,-0.02274930477142334,-0.16733089089393616,-0.02886730432510376,-0.2351289689540863,-0.027445673942565918,-0.281110942363739,-0.024026036262512207,-0.31643202900886536,-4.088878631591797e-05,-0.15333497524261475,0.003998696804046631,-0.20743438601493835,0.012701034545898438,-0.24181362986564636,0.02014482021331787,-0.27153831720352173,0.02363985776901245,-0.13159599900245667,0.03867274522781372,-0.16558265686035156,0.049780845642089844,-0.18540966510772705,0.0605778694152832,-0.2056463658809662
1,0.0,0.0,-0.027942240238189697,-0.04247939586639404,-0.049875736236572266,-0.10180073976516724,-0.06673115491867065,-0.14829546213150024,-0.08712583780288696,-0.18585699796676636,-0.042330384254455566,-0.16728267073631287,-0.05522876977920532,-0.2375420331954956,-0.05994975566864014,-0.28056851029396057,-0.0615273118019104,-0.31664127111434937,-0.024552345275878906,-0.16603395342826843,-0.0301893949508667,-0.23577231168746948,-0.027679145336151123,-0.28170719742774963,-0.022982001304626465,-0.3142579197883606,-0.00602644681930542,-0.15133482217788696,-0.00372922420501709,-0.202018141746521,0.0017032027244567871,-0.23543429374694824,0.007714629173278809,-0.2631688714027405,0.014058887958526611,-0.1306089162826538,0.02551853656768799,-0.16072866320610046,0.03441143035888672,-0.18029960989952087,0.04454612731933594,-0.1990649700164795
1,0.0,0.0,-0.02571636438369751,-0.04102516174316406,-0.045327603816986084,-0.09784179925918579,-0.06091970205307007,-0.14316758513450623,-0.08029186725616455,-0.1826191544532776,-0.039393603801727295,-0.16433164477348328,-0.05142068862915039,-0.23359400033950806,-0.05613762140274048,-0.27840885519981384,-0.05750131607055664,-0.31460726261138916,-0.02329963445663452,-0.16175463795661926,-0.029878437519073486,-0.23281630873680115,-0.028739333152770996,-0.2798207402229309,-0.02539968490600586,-0.31252747774124146,-0.006026923656463623,-0.14736074209213257,-0.004465699195861816,-0.19869786500930786,-0.00047719478607177734,-0.23291730880737305,0.004419863224029541,-0.26115745306015015,0.012682080268859863,-0.127806156873703,0.024604201316833496,-0.15691310167312622,0.033094823360443115,-0.1777172088623047,0.04267948865890503,-0.19767850637435913
1,0.0,0.0,-0.024033069610595703,-0.041339099407196045,-0.043983280658721924,-0.09738534688949585,-0.06088918447494507,-0.1416768729686737,-0.08224809169769287,-0.183611661195755,-0.04029643535614014,-0.16514909267425537,-0.05356556177139282,-0.23482206463813782,-0.0592227578163147,-0.28137534856796265,-0.06069821119308472,-0.3158441185951233,-0.025659263134002686,-0.16034269332885742,-0.033744096755981445,-0.2340325117111206,-0.033177971839904785,-0.28162795305252075,-0.029530346393585205,-0.31531715393066406,-0.009106278419494629,-0.14750409126281738,-0.008639693260192871,-0.19844919443130493,-0.005472540855407715,-0.23433685302734375,-0.0017797350883483887,-0.26357346773147583,0.009640514850616455,-0.13000038266181946,0.021302998065948486,-0.16016077995300293,0.029403984546661377,-0.1828383505344391,0.03780895471572876,-0.2032906413078308
1,0.0,0.0,-0.03399616479873657,-0.03735309839248657,-0.061351120471954346,-0.0934227705001831,-0.08321213722229004,-0.1383548080921173,-0.10772585868835449,-0.170049786567688,-0.04661548137664795,-0.16567134857177734,-0.06479507684707642,-0.23307979106903076,-0.07439327239990234,-0.2723458409309387,-0.0806434154510498,-0.3077027201652527,-0.025936782360076904,-0.16762781143188477,-0.03428661823272705,-0.23551294207572937,-0.03434532880783081,-0.2808942198753357,-0.0322035551071167,-0.3147566318511963,-0.004297077655792236,-0.154649555683136,-0.0029827356338500977,-0.20547577738761902,0.002891361713409424,-0.23891764879226685,0.008338987827301025,-0.26767444610595703,0.019413352012634277,-0.1342376172542572,0.03189706802368164,-0.16756528615951538,0.04013413190841675,-0.18868780136108398,0.048996150493621826,-0.21022939682006836
1,0.0,0.0,-0.0548366904258728,-0.01784384250640869,-0.09682315587997437,-0.06541270017623901,-0.12485456466674805,-0.10305297374725342,-0.15223360061645508,-0.1170991063117981,-0.06614339351654053,-0.1545301079750061,-0.09319067001342773,-0.20850595831871033,-0.10928809642791748,-0.24038922786712646,-0.12134039402008057,-0.2674388289451599,-0.03264141082763672,-0.17169299721717834,-0.04846847057342529,-0.24049034714698792,-0.05788201093673706,-0.2825160324573517,-0.065829336643219,-0.3188701570034027,0.0014197826385498047,-0.16914355754852295,0.010739266872406006,-0.23888498544692993,0.017557263374328613,-0.28153353929519653,0.021478354930877686,-0.3192070424556732,0.03363776206970215,-0.15060007572174072,0.05842310190200806,-0.20325231552124023,0.07419580221176147,-0.2385425865650177,0.08586853742599487,-0.2729331851005554
1,0.0,0.0,-0.05156099796295166,-0.019906818866729736,-0.08711528778076172,-0.06785428524017334,-0.10778564214706421,-0.10495465993881226,-0.12861543893814087,-0.12150248885154724,-0.056276917457580566,-0.16124069690704346,-0.07685178518295288,-0.21361804008483887,-0.09074908494949341,-0.24497389793395996,-0.10265904664993286,-0.26980191469192505,-0.026414811611175537,-0.1774933636188507,-0.039320170879364014,-0.24795308709144592,-0.05058419704437256,-0.2902134656906128,-0.0625905990600586,-0.3232976794242859,0.003446817398071289,-0.1748570203781128,0.013208270072937012,-0.2465418577194214,0.016909480094909668,-0.2946479320526123,0.016283392906188965,-0.3364652097225189,0.031171441078186035,-0.15582743287086487,0.05119931697845459,-0.21213987469673157,0.0599479079246521,-0.25034818053245544,0.06335991621017456,-0.2867855429649353
1,0.0,0.0,-0.042259395122528076,-0.027355074882507324,-0.057178795337677,-0.06988894939422607,-0.06719571352005005,-0.09807312488555908,-0.0797586441040039,-0.12311381101608276,-0.040035247802734375,-0.16529890894889832,-0.05124014616012573,-0.21868053078651428,-0.06124073266983032,-0.2502455413341522,-0.06944853067398071,-0.2772202491760254,-0.02585291862487793,-0.1772555112838745,-0.037687599658966064,-0.2429877519607544,-0.0500754714012146,-0.2859916687011719,-0.060855865478515625,-0.3201516270637512,-0.011039495468139648,-0.17871102690696716,-0.01613849401473999,-0.2500688135623932,-0.024131178855895996,-0.2949494421482086,-0.032308220863342285,-0.33210715651512146,0.003159463405609131,-0.17227119207382202,0.0003688931465148926,-0.23300734162330627,-0.0060027241706848145,-0.2727327346801758,-0.013773560523986816,-0.307195782661438
1,0.0,0.0,0.022870361804962158,-0.0388563871383667,0.02840733528137207,-0.08103156089782715,0.028776943683624268,-0.11942556500434875,0.04350513219833374,-0.143752783536911,0.006463825702667236,-0.14171740412712097,0.004527091979980469,-0.21603643894195557,0.0017181634902954102,-0.2604191303253174,-0.0007680654525756836,-0.29427218437194824,-0.011535048484802246,-0.14515456557273865,-0.027791321277618408,-0.23030540347099304,-0.04551362991333008,-0.27748993039131165,-0.060088932514190674,-0.3123522400856018,-0.03339141607284546,-0.13625946640968323,-0.05987668037414551,-0.2208406925201416,-0.08272135257720947,-0.2649354636669159,-0.10047167539596558,-0.2986527681350708,-0.05800974369049072,-0.1168326735496521,-0.09861165285110474,-0.16593033075332642,-0.12322574853897095,-0.19286885857582092,-0.14318233728408813,-0.2166776955127716
1,0.0,0.0,0.0423053503036499,-0.041512489318847656,0.06607359647750854,-0.08972179889678955,0.08451157808303833,-0.13672232627868652,0.10846340656280518,-0.16475915908813477,0.011058151721954346,-0.1644842028617859,0.02447354793548584,-0.23739582300186157,0.030850887298583984,-0.28381863236427307,0.03455543518066406,-0.3196309804916382,-0.021614253520965576,-0.16592511534690857,-0.025245070457458496,-0.2444344162940979,-0.032013535499572754,-0.29140228033065796,-0.03969818353652954,-0.32668015360832214,-0.052042245864868164,-0.14988166093826294,-0.07716870307922363,-0.21720194816589355,-0.09503453969955444,-0.26037096977233887,-0.10863715410232544,-0.2930724024772644,-0.07775551080703735,-0.12306356430053711,-0.1129196286201477,-0.1587507128715515,-0.13500845432281494,-0.1832846999168396,-0.1523091197013855,-0.20461702346801758
1,0.0,0.0,0.04473453760147095,-0.04276949167251587,0.07612961530685425,-0.0935441255569458,0.10203355550765991,-0.14178746938705444,0.1292244791984558,-0.16905158758163452,0.01687532663345337,-0.17406660318374634,0.03378790616989136,-0.2496795654296875,0.04259753227233887,-0.29855650663375854,0.04900467395782471,-0.33593612909317017,-0.017929017543792725,-0.17314469814300537,-0.02706778049468994,-0.25505414605140686,-0.03403502702713013,-0.3068358302116394,-0.04134237766265869,-0.3467182517051697,-0.04766082763671875,-0.15552020072937012,-0.07670998573303223,-0.2222774624824524,-0.09642159938812256,-0.26596808433532715,-0.11211013793945312,-0.3001154661178589,-0.07075107097625732,-0.12922745943069458,-0.10627633333206177,-0.1687127947807312,-0.12800651788711548,-0.19599521160125732,-0.1453481912612915,-0.22019606828689575
1,0.0,0.0,0.04021775722503662,-0.0490686297416687,0.06541496515274048,-0.1009286642074585,0.08566516637802124,-0.14855706691741943,0.10841667652130127,-0.17883315682411194,0.0024327635765075684,-0.16642534732818604,0.0117875337600708,-0.24173983931541443,0.01770651340484619,-0.2892952263355255,0.020686864852905273,-0.32659003138542175,-0.03173482418060303,-0.16382122039794922,-0.04306638240814209,-0.24062836170196533,-0.051026731729507446,-0.28902751207351685,-0.05992141366004944,-0.3250894248485565,-0.06133776903152466,-0.14502835273742676,-0.09277182817459106,-0.20640084147453308,-0.11382657289505005,-0.24696454405784607,-0.13166868686676025,-0.27861055731773376,-0.08393168449401855,-0.11777842044830322,-0.12080961465835571,-0.14952147006988525,-0.14412304759025574,-0.16944128274917603,-0.1639123260974884,-0.1872594654560089
1,0.0,0.0,0.04148530960083008,-0.047520458698272705,0.06896191835403442,-0.10086566209793091,0.08960294723510742,-0.15056610107421875,0.11100566387176514,-0.18289262056350708,0.0027374327182769775,-0.16858118772506714,0.012994229793548584,-0.2425963580608368,0.019186437129974365,-0.28830665349960327,0.02345329523086548,-0.3238738179206848,-0.03118041157722473,-0.16359663009643555,-0.0413876473903656,-0.24078655242919922,-0.048548370599746704,-0.2888514995574951,-0.0564417839050293,-0.32446956634521484,-0.058239638805389404,-0.1417190432548523,-0.08959680795669556,-0.20195093750953674,-0.11094281077384949,-0.24136418104171753,-0.12859049439430237,-0.27250176668167114,-0.07757329940795898,-0.11169523000717163,-0.11383900046348572,-0.14220178127288818,-0.1367405652999878,-0.16407591104507446,-0.15587276220321655,-0.1834099292755127
1,0.0,0.0,0.04764255881309509,-0.04263734817504883,0.07835757732391357,-0.09910684823989868,0.10008811950683594,-0.14956778287887573,0.12340608239173889,-0.18385076522827148,0.01648259162902832,-0.17325717210769653,0.03003406524658203,-0.24569964408874512,0.038890182971954346,-0.2892199158668518,0.04572850465774536,-0.3252764344215393,-0.016020357608795166,-0.17075324058532715,-0.016112208366394043,-0.24345004558563232,-0.014479488134384155,-0.2898738980293274,-0.014427810907363892,-0.326192170381546,-0.04182669520378113,-0.15023303031921387,-0.06291291117668152,-0.20846319198608398,-0.07638129591941833,-0.24439400434494019,-0.08646762371063232,-0.27492958307266235,-0.060049086809158325,-0.11842495203018188,-0.08721375465393066,-0.14813143014907837,-0.1040179431438446,-0.16776174306869507,-0.11794087290763855,-0.18760931491851807
1,0.0,0.0,0.03524506092071533,-0.055300354957580566,0.04922640323638916,-0.11444300413131714,0.057688504457473755,-0.16640055179595947,0.06522661447525024,-0.20697075128555298,-0.00905601680278778,-0.14578306674957275,-0.013178661465644836,-0.2164515256881714,-0.01379173994064331,-0.25700974464416504,-0.013948842883110046,-0.2888495922088623,-0.03431069850921631,-0.12994712591171265,-0.045570582151412964,-0.1887393593788147,-0.04782915115356445,-0.22843050956726074,-0.048439040780067444,-0.25684261322021484,-0.049759313464164734,-0.10310333967208862,-0.0721735805273056,-0.14190620183944702,-0.08642709255218506,-0.16642850637435913,-0.09724126756191254,-0.1860448718070984,-0.05545370280742645,-0.07340842485427856,-0.07348701357841492,-0.08524066209793091,-0.08509352803230286,-0.09497404098510742,-0.09502118825912476,-0.1031389832496643
1,0.0,0.0,0.041393399238586426,-0.04095405340194702,0.06127485632896423,-0.0868607759475708,0.07170280814170837,-0.1309061050415039,0.0874558687210083,-0.16368204355239868,-0.0039279162883758545,-0.1335497796535492,-0.0015690922737121582,-0.1937057375907898,0.0016098320484161377,-0.22732332348823547,0.003837794065475464,-0.25389575958251953,-0.03536278009414673,-0.12380287051200867,-0.045755207538604736,-0.17898443341255188,-0.05207270383834839,-0.2130059003829956,-0.058310627937316895,-0.2365773618221283,-0.05929645895957947,-0.09984630346298218,-0.08675795793533325,-0.14177358150482178,-0.10556578636169434,-0.16605359315872192,-0.12083420157432556,-0.1844017207622528,-0.07657793164253235,-0.07153677940368652,-0.1070491373538971,-0.08620113134384155,-0.12681123614311218,-0.09473216533660889,-0.1435050666332245,-0.10036802291870117
1,0.0,0.0,0.0293729305267334,-0.02985084056854248,0.04467511177062988,-0.06527066230773926,0.05394136905670166,-0.09683117270469666,0.06955069303512573,-0.11967426538467407,-0.013219475746154785,-0.12468579411506653,-0.013398885726928711,-0.1737745702266693,-0.012790501117706299,-0.20775455236434937,-0.011859476566314697,-0.23258596658706665,-0.04204416275024414,-0.1245889961719513,-0.06036633253097534,-0.17785772681236267,-0.0695277750492096,-0.2073938548564911,-0.07680091261863708,-0.23058640956878662,-0.06602418422698975,-0.11095768213272095,-0.09641864895820618,-0.15964245796203613,-0.11623281240463257,-0.18934500217437744,-0.13244256377220154,-0.21194002032279968,-0.08503842353820801,-0.08747917413711548,-0.12075582146644592,-0.11350032687187195,-0.14348793029785156,-0.13016057014465332,-0.1627148985862732,-0.14164575934410095
1,0.0,0.0,0.026761651039123535,-0.02561020851135254,0.04076927900314331,-0.06018674373626709,0.048698604106903076,-0.08708539605140686,0.06544029712677002,-0.10234731435775757,-0.00862032175064087,-0.12918215990066528,-0.00943988561630249,-0.1788739562034607,-0.00814199447631836,-0.21130436658859253,-0.007614016532897949,-0.23659950494766235,-0.03512495756149292,-0.13298958539962769,-0.052343130111694336,-0.18858185410499573,-0.06230288743972778,-0.22028976678848267,-0.07061737775802612,-0.24449628591537476,-0.05881226062774658,-0.1226176917552948,-0.08637738227844238,-0.17794248461723328,-0.10572409629821777,-0.21054670214653015,-0.12145125865936279,-0.23590263724327087,-0.07860296964645386,-0.10222390294075012,-0.11403548717498779,-0.1339709460735321,-0.13575279712677002,-0.15389502048492432,-0.15390810370445251,-0.16884782910346985
1,0.0,0.0,0.028701961040496826,-0.020805954933166504,0.04361879825592041,-0.05482274293899536,0.051403582096099854,-0.08210647106170654,0.06933391094207764,-0.09474831819534302,-0.0006102919578552246,-0.13346481323242188,0.0009743571281433105,-0.18320947885513306,0.00425797700881958,-0.21535015106201172,0.006878852844238281,-0.24006420373916626,-0.027367770671844482,-0.14134499430656433,-0.04203784465789795,-0.19962471723556519,-0.04965865612030029,-0.2324814796447754,-0.0556374192237854,-0.2585151195526123,-0.05184441804885864,-0.1339097023010254,-0.07620745897293091,-0.19351094961166382,-0.09308779239654541,-0.2282317876815796,-0.10668188333511353,-0.2555118799209595,-0.07307738065719604,-0.11551430821418762,-0.10685938596725464,-0.15195757150650024,-0.12742012739181519,-0.1741747260093689,-0.14473503828048706,-0.1911015510559082
1,0.0,0.0,0.03491693735122681,-0.023236572742462158,0.05554264783859253,-0.056324779987335205,0.07092839479446411,-0.09157305955886841,0.09122824668884277,-0.10718905925750732,0.013599514961242676,-0.14380797743797302,0.02801889181137085,-0.19959956407546997,0.03641027212142944,-0.2372894287109375,0.04306584596633911,-0.2634897530078888,-0.014588356018066406,-0.15183448791503906,-0.020730257034301758,-0.21947622299194336,-0.026424109935760498,-0.2585282325744629,-0.031208336353302002,-0.2877170741558075,-0.0416828989982605,-0.14180070161819458,-0.06864690780639648,-0.20428085327148438,-0.08723276853561401,-0.24298560619354248,-0.10160654783248901,-0.27144157886505127,-0.06653857231140137,-0.11913549900054932,-0.100472092628479,-0.16035598516464233,-0.12228095531463623,-0.1838243007659912,-0.13969308137893677,-0.2025313377380371
1,0.0,0.0,0.038496553897857666,-0.03182709217071533,0.062411487102508545,-0.07478487491607666,0.08160644769668579,-0.11354249715805054,0.10458135604858398,-0.13385432958602905,0.011258184909820557,-0.15898209810256958,0.027281522750854492,-0.22333386540412903,0.038208067417144775,-0.26421254873275757,0.04672801494598389,-0.2951417863368988,-0.020512938499450684,-0.16195321083068848,-0.02688741683959961,-0.23289620876312256,-0.031896352767944336,-0.2765481472015381,-0.03727078437805176,-0.30932456254959106,-0.04942125082015991,-0.1467084288597107,-0.07924389839172363,-0.20602616667747498,-0.09968048334121704,-0.24414676427841187,-0.11571919918060303,-0.27199846506118774,-0.07386231422424316,-0.12111735343933105,-0.10946953296661377,-0.15696710348129272,-0.13218945264816284,-0.17836391925811768,-0.15062856674194336,-0.194961279630661
1,0.0,0.0,0.03496366739273071,-0.04007089138031006,0.055267930030822754,-0.08503741025924683,0.07309937477111816,-0.1268344521522522,0.09783381223678589,-0.1476314663887024,0.010160744190216064,-0.15506428480148315,0.02362215518951416,-0.22532033920288086,0.03245657682418823,-0.26941514015197754,0.03969508409500122,-0.30293309688568115,-0.017419099807739258,-0.15881246328353882,-0.023357629776000977,-0.2393953800201416,-0.02935999631881714,-0.28842365741729736,-0.035321593284606934,-0.3247224688529968,-0.04515022039413452,-0.14661931991577148,-0.07487201690673828,-0.21340125799179077,-0.09375488758087158,-0.2559288740158081,-0.10815936326980591,-0.2873905897140503,-0.07012271881103516,-0.1242825984954834,-0.10714012384414673,-0.166046142578125,-0.13055884838104248,-0.19126534461975098,-0.14949142932891846,-0.21441763639450073
1,0.0,0.0,-0.03571927547454834,-0.028974711894989014,-0.043627798557281494,-0.07285308837890625,-0.04830312728881836,-0.10195708274841309,-0.05680203437805176,-0.12939321994781494,-0.032082200050354004,-0.16749459505081177,-0.03571343421936035,-0.22779399156570435,-0.0392153263092041,-0.2657873034477234,-0.04188132286071777,-0.29785579442977905,-0.021651923656463623,-0.17602968215942383,-0.026124238967895508,-0.24297839403152466,-0.03130275011062622,-0.28804582357406616,-0.03657269477844238,-0.32703739404678345,-0.011471092700958252,-0.1751156449317932,-0.011669158935546875,-0.24314773082733154,-0.015247523784637451,-0.28622835874557495,-0.020107507705688477,-0.32474446296691895,-0.0020975470542907715,-0.16720396280288696,-0.003096342086791992,-0.2255973219871521,-0.005199790000915527,-0.2624284625053406,-0.009207546710968018,-0.29524314403533936
1,0.0,0.0,-0.0562935471534729,-0.03149080276489258,-0.10391181707382202,-0.09622371196746826,-0.1373206377029419,-0.14469420909881592,-0.17029249668121338,-0.17007768154144287,-0.0719406008720398,-0.19379067420959473,-0.10224646329879761,-0.2623186707496643,-0.11909574270248413,-0.30362939834594727,-0.1315707564353943,-0.3387899398803711,-0.036279141902923584,-0.2065219283103943,-0.054394423961639404,-0.2841952443122864,-0.06237781047821045,-0.33188700675964355,-0.06729650497436523,-0.3706073760986328,-0.0001570582389831543,-0.19833385944366455,0.005749642848968506,-0.2673191428184509,0.012687325477600098,-0.3091421127319336,0.0176699161529541,-0.34644263982772827,0.03486603498458862,-0.1743646264076233,0.059237778186798096,-0.2215672731399536,0.07653939723968506,-0.25187015533447266,0.09067672491073608,-0.2825760245323181
1,0.0,0.0,-0.04525810480117798,-0.04574286937713623,-0.06897968053817749,-0.11670106649398804,-0.08031606674194336,-0.1677810549736023,-0.09687042236328125,-0.20028036832809448,-0.02486598491668701,-0.20690405368804932,-0.03303265571594238,-0.2768285274505615,-0.03811544179916382,-0.3170987367630005,-0.04371553659439087,-0.35033345222473145,0.009235680103302002,-0.20816850662231445,0.011953949928283691,-0.29054349660873413,0.009733080863952637,-0.34251993894577026,0.0048056840896606445,-0.38559556007385254,0.039323508739471436,-0.18740427494049072,0.0673021674156189,-0.2594406008720398,0.08450466394424438,-0.30676090717315674,0.09602683782577515,-0.3482082486152649,0.06202799081802368,-0.14915448427200317,0.09688770771026611,-0.1925344467163086,0.11838871240615845,-0.22392737865447998,0.13503533601760864,-0.25430798530578613
1,0.0,0.0,-0.059405624866485596,-0.037147462368011475,-0.10117548704147339,-0.10675317049026489,-0.1285024881362915,-0.1587592363357544,-0.15688282251358032,-0.18615657091140747,-0.05503422021865845,-0.20786941051483154,-0.0784149169921875,-0.278276264667511,-0.09236830472946167,-0.3197997808456421,-0.10349541902542114,-0.3522336483001709,-0.014731049537658691,-0.21756279468536377,-0.02494126558303833,-0.29989004135131836,-0.03109443187713623,-0.34965217113494873,-0.03663349151611328,-0.39004695415496826,0.023776113986968994,-0.2041071653366089,0.04166233539581299,-0.2767273187637329,0.05653733015060425,-0.32294756174087524,0.06750714778900146,-0.3631800413131714,0.0573117733001709,-0.17208117246627808,0.09236055612564087,-0.2196999192237854,0.11570507287979126,-0.25150471925735474,0.13453036546707153,-0.28248292207717896
1,0.0,0.0,-0.04610610008239746,-0.04781460762023926,-0.07375991344451904,-0.1208106279373169,-0.08959203958511353,-0.17254453897476196,-0.10865658521652222,-0.20423990488052368,-0.028559088706970215,-0.20954090356826782,-0.04296928644180298,-0.2832184433937073,-0.05309492349624634,-0.32657068967819214,-0.06266146898269653,-0.3613625168800354,0.007044613361358643,-0.21291035413742065,0.005394876003265381,-0.29983383417129517,0.0013976693153381348,-0.3538132309913635,-0.004218041896820068,-0.3991088271141052,0.03909718990325928,-0.192732036113739,0.06735247373580933,-0.2676277160644531,0.08724522590637207,-0.31647318601608276,0.10161954164505005,-0.3597026467323303,0.06354975700378418,-0.15318083763122559,0.10313588380813599,-0.19572484493255615,0.12892276048660278,-0.22715973854064941,0.14969539642333984,-0.2581136226654053
1,0.0,0.0,-0.03814798593521118,-0.052064716815948486,-0.05402308702468872,-0.11925393342971802,-0.0595095157623291,-0.16512691974639893,-0.06773519515991211,-0.2003936767578125,-0.02600950002670288,-0.20670515298843384,-0.031672894954681396,-0.2790250778198242,-0.037594735622406006,-0.32049375772476196,-0.044438064098358154,-0.35688769817352295,-0.002196073532104492,-0.20415693521499634,-0.002307593822479248,-0.2881361246109009,-0.00754702091217041,-0.34218496084213257,-0.013949155807495117,-0.388335645198822,0.018518269062042236,-0.1798785924911499,0.04127854108810425,-0.2557196021080017,0.053938210010528564,-0.30396878719329834,0.06168413162231445,-0.3473862409591675,0.032952070236206055,-0.1380777359008789,0.05949312448501587,-0.17854827642440796,0.07402849197387695,-0.2117888331413269,0.0848538875579834,-0.24560070037841797
1,0.0,0.0,-0.037778377532958984,-0.05096155405044556,-0.047993004322052,-0.11540603637695312,-0.049345314502716064,-0.15803444385528564,-0.05751669406890869,-0.19012433290481567,-0.024695992469787598,-0.19819539785385132,-0.028097212314605713,-0.26751649379730225,-0.03441166877746582,-0.30904024839401245,-0.041054606437683105,-0.3449896574020386,-0.005113124847412109,-0.19559824466705322,-0.008136749267578125,-0.27588242292404175,-0.01545572280883789,-0.330055832862854,-0.023072242736816406,-0.37612998485565186,0.011354506015777588,-0.17267298698425293,0.030795156955718994,-0.24642342329025269,0.041185855865478516,-0.2949434518814087,0.0467110276222229,-0.3394407033920288,0.021841049194335938,-0.13182950019836426,0.04405093193054199,-0.16883409023284912,0.0534786581993103,-0.20142287015914917,0.059262633323669434,-0.23439449071884155
1,0.0,0.0,-0.05478191375732422,-0.03253263235092163,-0.10264414548873901,-0.09996658563613892,-0.1378340721130371,-0.14945536851882935,-0.1729089617729187,-0.1740649938583374,-0.06309908628463745,-0.2067502737045288,-0.09225046634674072,-0.2800665497779846,-0.10980838537216187,-0.3244725465774536,-0.12296932935714722,-0.36171168088912964,-0.02613663673400879,-0.2183997631072998,-0.0410618782043457,-0.3012007474899292,-0.04695165157318115,-0.35224848985671997,-0.050619304180145264,-0.393887460231781,0.010544300079345703,-0.20770561695098877,0.019289731979370117,-0.28058791160583496,0.03006923198699951,-0.32399141788482666,0.03770369291305542,-0.36248844861984253,0.0448993444442749,-0.18034714460372925,0.07276558876037598,-0.22899866104125977,0.09396404027938843,-0.25866347551345825,0.11118501424789429,-0.28754353523254395
1,0.0,0.0,-0.04792982339859009,-0.03556925058364868,-0.08893132209777832,-0.10150253772735596,-0.11704343557357788,-0.14891892671585083,-0.1470075249671936,-0.17600208520889282,-0.05431473255157471,-0.20752578973770142,-0.08124685287475586,-0.2841746211051941,-0.0955776572227478,-0.3310207724571228,-0.10514837503433228,-0.3705980181694031,-0.020687103271484375,-0.2169007658958435,-0.03419703245162964,-0.3025434613227844,-0.03882706165313721,-0.35378891229629517,-0.041316449642181396,-0.3941953182220459,0.012951195240020752,-0.20454400777816772,0.018600106239318848,-0.2775810956954956,0.024732589721679688,-0.32027095556259155,0.02881014347076416,-0.35761553049087524,0.045578598976135254,-0.17710524797439575,0.06669366359710693,-0.22382932901382446,0.08195245265960693,-0.2531704306602478,0.09519249200820923,-0.28244948387145996
1,0.0,0.0,-0.0494457483291626,-0.03301459550857544,-0.09120339155197144,-0.09729349613189697,-0.11917752027511597,-0.14386165142059326,-0.14913958311080933,-0.16869789361953735,-0.05791449546813965,-0.20770609378814697,-0.08456689119338989,-0.28308069705963135,-0.09893620014190674,-0.3292877674102783,-0.10875684022903442,-0.3683775067329407,-0.022671997547149658,-0.21744829416275024,-0.03585773706436157,-0.3022043704986572,-0.040609896183013916,-0.3522636294364929,-0.043270766735076904,-0.3920058012008667,0.011891841888427734,-0.20532464981079102,0.017620563507080078,-0.27701157331466675,0.022961854934692383,-0.31858181953430176,0.026171088218688965,-0.3552246689796448,0.04496055841445923,-0.1782323718070984,0.06561315059661865,-0.22509765625,0.0805923342704773,-0.2541484236717224,0.09332382678985596,-0.2834962010383606
1,0.0,0.0,-0.05666440725326538,-0.04540938138961792,-0.09364193677902222,-0.1189609169960022,-0.1176941990852356,-0.17271757125854492,-0.14485031366348267,-0.20129525661468506,-0.03880429267883301,-0.21112746000289917,-0.058301687240600586,-0.28659749031066895,-0.0705527663230896,-0.33063238859176636,-0.07994800806045532,-0.3657218813896179,0.00231170654296875,-0.21576935052871704,-0.0017473697662353516,-0.30210137367248535,-0.004684269428253174,-0.3550805449485779,-0.007811784744262695,-0.39967191219329834,0.03989064693450928,-0.19819408655166626,0.06324267387390137,-0.27092379331588745,0.0812220573425293,-0.31779223680496216,0.09468477964401245,-0.35932570695877075,0.07142174243927002,-0.16256117820739746,0.11050838232040405,-0.2073049545288086,0.13628917932510376,-0.2383020520210266,0.15713179111480713,-0.26922810077667236
1,0.0,0.0,-0.04320681095123291,-0.049590110778808594,-0.0648542046546936,-0.12070327997207642,-0.0743284821510315,-0.17228466272354126,-0.08980172872543335,-0.20708799362182617,-0.027019977569580078,-0.20932644605636597,-0.03843754529953003,-0.2832333445549011,-0.046260058879852295,-0.3266527056694031,-0.053745806217193604,-0.36286604404449463,0.005826234817504883,-0.2110481858253479,0.007157742977142334,-0.2971690893173218,0.00364762544631958,-0.3521612286567688,-0.0018194317817687988,-0.39826345443725586,0.03432983160018921,-0.1894877552986145,0.06291568279266357,-0.26314443349838257,0.08100467920303345,-0.31307506561279297,0.09397804737091064,-0.35686081647872925,0.055305302143096924,-0.14974170923233032,0.09273308515548706,-0.19083499908447266,0.11613911390304565,-0.22230380773544312,0.13449043035507202,-0.2534828782081604
1,0.0,0.0,-0.037353575229644775,-0.05353391170501709,-0.049306631088256836,-0.12006670236587524,-0.050713300704956055,-0.16655641794204712,-0.05708056688308716,-0.20144730806350708,-0.02171391248703003,-0.20705091953277588,-0.025071144104003906,-0.2788512706756592,-0.030095398426055908,-0.3204450011253357,-0.036030471324920654,-0.3576068878173828,0.0020043253898620605,-0.20345747470855713,0.003998756408691406,-0.286673367023468,-0.0006188154220581055,-0.3418429493904114,-0.006246387958526611,-0.38953161239624023,0.021396279335021973,-0.17801600694656372,0.04671984910964966,-0.25147390365600586,0.06096088886260986,-0.3002106547355652,0.07078510522842407,-0.3449137806892395,0.03350949287414551,-0.13477247953414917,0.06175637245178223,-0.17249709367752075,0.07783150672912598,-0.20421463251113892,0.09068149328231812,-0.23671114444732666
1,0.0,0.0,-0.03623229265213013,-0.04876589775085449,-0.04136162996292114,-0.10798531770706177,-0.03831076622009277,-0.14704054594039917,-0.04538697004318237,-0.17825669050216675,-0.0227125883102417,-0.19665712118148804,-0.02316606044769287,-0.26492881774902344,-0.02794349193572998,-0.30826735496520996,-0.03347909450531006,-0.34578388929367065,-0.004825890064239502,-0.1946612000465393,-0.004540562629699707,-0.27321237325668335,-0.01043766736984253,-0.3279113173484802,-0.016898274421691895,-0.374850869178772,0.009855866432189941,-0.17246919870376587,0.029599666595458984,-0.24468350410461426,0.03762853145599365,-0.29298263788223267,0.04106074571609497,-0.33714503049850464,0.017916500568389893,-0.13324588537216187,0.0381777286529541,-0.17039746046066284,0.04568314552307129,-0.20185387134552002,0.0503731369972229,-0.23343920707702637
1,0.0,0.0,-0.05882018804550171,-0.030044078826904297,-0.10569757223129272,-0.09596484899520874,-0.13802111148834229,-0.14257752895355225,-0.16913771629333496,-0.1609809398651123,-0.06502288579940796,-0.20153462886810303,-0.09141391515731812,-0.2708525061607361,-0.10716414451599121,-0.31225287914276123,-0.11941748857498169,-0.3448244333267212,-0.02688390016555786,-0.21358805894851685,-0.04025232791900635,-0.2941962480545044,-0.047982633113861084,-0.3440685272216797,-0.05493038892745972,-0.38386768102645874,0.010558485984802246,-0.2038125991821289,0.02361428737640381,-0.2763999104499817,0.03434193134307861,-0.32319945096969604,0.04106414318084717,-0.36345553398132324,0.044284045696258545,-0.1768730878829956,0.07550454139709473,-0.22591954469680786,0.09587639570236206,-0.25890982151031494,0.11174219846725464,-0.29054194688796997
1,0.0,0.0,-0.055982232093811035,-0.030496299266815186,-0.1050373911857605,-0.095489501953125,-0.14118635654449463,-0.1422121524810791,-0.1766798496246338,-0.1627873182296753,-0.06598168611526489,-0.20310121774673462,-0.09457665681838989,-0.2755984663963318,-0.11013829708099365,-0.3185943365097046,-0.12131953239440918,-0.35431134700775146,-0.029131948947906494,-0.21528369188308716,-0.04544717073440552,-0.29640257358551025,-0.05240720510482788,-0.3462757468223572,-0.05712389945983887,-0.3861522674560547,0.007850885391235352,-0.20613586902618408,0.015541017055511475,-0.2779465317726135,0.024996459484100342,-0.3209417462348938,0.03143686056137085,-0.35867685079574585,0.043055057525634766,-0.180897057056427,0.07058674097061157,-0.22890961170196533,0.09006786346435547,-0.25966906547546387,0.1056327223777771,-0.2897864580154419
1,0.0,0.0,-0.05635601282119751,-0.04205387830734253,-0.09456980228424072,-0.11716878414154053,-0.11881321668624878,-0.17223364114761353,-0.14662766456604004,-0.19976013898849487,-0.04215508699417114,-0.21018892526626587,-0.06102472543716431,-0.2845703363418579,-0.072013258934021,-0.329534649848938,-0.0801476240158081,-0.365189790725708,-0.0018603205680847168,-0.21519237756729126,-0.0059012770652771,-0.2988591194152832,-0.008106112480163574,-0.3504011034965515,-0.010349750518798828,-0.3927004337310791,0.035057783126831055,-0.19857758283615112,0.05650687217712402,-0.26895248889923096,0.07277405261993408,-0.3142073154449463,0.08473122119903564,-0.354134738445282,0.06613433361053467,-0.16491252183914185,0.1037071943283081,-0.20723587274551392,0.12837159633636475,-0.2364819049835205,0.14841318130493164,-0.2656397223472595
1,0.0,0.0,-0.05446058511734009,-0.044986605644226074,-0.08827334642410278,-0.12075167894363403,-0.10836070775985718,-0.17663341760635376,-0.1337047815322876,-0.20606648921966553,-0.034510672092437744,-0.21054226160049438,-0.050637245178222656,-0.28480440378189087,-0.06062275171279907,-0.3294968008995056,-0.06818324327468872,-0.36526012420654297,0.005476772785186768,-0.21391135454177856,0.003918468952178955,-0.2973920702934265,0.0024856925010681152,-0.34973764419555664,0.0004386305809020996,-0.3933074474334717,0.04146045446395874,-0.1954251527786255,0.0666700005531311,-0.26559603214263916,0.08571326732635498,-0.3108905553817749,0.09964758157730103,-0.3510856032371521,0.07097572088241577,-0.15979230403900146,0.11112022399902344,-0.2015436291694641,0.13729405403137207,-0.23056823015213013,0.15840762853622437,-0.2600371837615967
1,0.0,0.0,-0.05296027660369873,-0.045192718505859375,-0.0850781798362732,-0.12140566110610962,-0.10402607917785645,-0.1765660047531128,-0.1281558871269226,-0.20445561408996582,-0.03324592113494873,-0.21034634113311768,-0.04854261875152588,-0.28363126516342163,-0.05777919292449951,-0.3276570439338684,-0.06495916843414307,-0.3618142008781433,0.0067580342292785645,-0.21334558725357056,0.00568389892578125,-0.29781705141067505,0.004498422145843506,-0.35038918256759644,0.0021611452102661133,-0.3936813473701477,0.04239344596862793,-0.19434458017349243,0.06780588626861572,-0.26573318243026733,0.08679836988449097,-0.31152743101119995,0.1004069447517395,-0.3519635796546936,0.07118189334869385,-0.157873272895813,0.11131298542022705,-0.20069706439971924,0.13748782873153687,-0.23039108514785767,0.1584184765815735,-0.2599982023239136
1,0.0,0.0,-0.05340158939361572,-0.044314444065093994,-0.08604395389556885,-0.12084460258483887,-0.10533428192138672,-0.17582470178604126,-0.1291574239730835,-0.20378893613815308,-0.034396231174468994,-0.2100158929824829,-0.05054354667663574,-0.2836548089981079,-0.060563862323760986,-0.32769882678985596,-0.06850939989089966,-0.3617444634437561,0.005090594291687012,-0.2138218879699707,0.003060460090637207,-0.2984723448753357,0.0012526512145996094,-0.3505048155784607,-0.0014994144439697266,-0.3928401470184326,0.04069715738296509,-0.1957651972770691,0.06483441591262817,-0.26823198795318604,0.08304572105407715,-0.3141810894012451,0.09625816345214844,-0.3544183373451233,0.0698959231376648,-0.1604101061820984,0.10909628868103027,-0.20440798997879028,0.13519704341888428,-0.23424190282821655,0.15629512071609497,-0.26340609788894653
1,0.0,0.0,-0.0532686710357666,-0.043441593647003174,-0.08655780553817749,-0.1187291145324707,-0.10628271102905273,-0.17396384477615356,-0.13074952363967896,-0.202922523021698,-0.03543967008590698,-0.2086443305015564,-0.05181843042373657,-0.281818151473999,-0.061807990074157715,-0.32573527097702026,-0.06961733102798462,-0.3603895902633667,0.0036767125129699707,-0.21267271041870117,0.0016574263572692871,-0.2969493269920349,-0.00048786401748657227,-0.3489605188369751,-0.0036586523056030273,-0.391671359539032,0.03890448808670044,-0.19474345445632935,0.06258314847946167,-0.26665425300598145,0.08041149377822876,-0.31307584047317505,0.09323269128799438,-0.3537948727607727,0.06792217493057251,-0.15981841087341309,0.10650527477264404,-0.20460814237594604,0.13216477632522583,-0.2347162365913391,0.15277796983718872,-0.2641105055809021
1,0.0,0.0,-0.05306023359298706,-0.04391646385192871,-0.08624804019927979,-0.11960244178771973,-0.1063467264175415,-0.17446565628051758,-0.1308954358100891,-0.20271515846252441,-0.03592336177825928,-0.20912379026412964,-0.051863133907318115,-0.2822072505950928,-0.061737895011901855,-0.32648444175720215,-0.06940716505050659,-0.3613179922103882,0.003273308277130127,-0.21308457851409912,0.0014839768409729004,-0.2966557741165161,-0.0004969239234924316,-0.34888768196105957,-0.0037819743156433105,-0.3917332887649536,0.03881353139877319,-0.19523543119430542,0.06234973669052124,-0.2674407958984375,0.07997524738311768,-0.31367993354797363,0.0923604965209961,-0.35416871309280396,0.06801438331604004,-0.16014611721038818,0.10678571462631226,-0.20475304126739502,0.13229244947433472,-0.23521459102630615,0.1526811718940735,-0.26483356952667236
1,0.0,0.0,-0.054275453090667725,-0.04362332820892334,-0.08841711282730103,-0.11931133270263672,-0.10856032371520996,-0.17513245344161987,-0.1333346962928772,-0.20417577028274536,-0.037035346031188965,-0.20943868160247803,-0.053749680519104004,-0.28314340114593506,-0.063823401927948,-0.32756614685058594,-0.0716974139213562,-0.3626631498336792,0.002384662628173828,-0.21399140357971191,-5.626678466796875e-05,-0.29830074310302734,-0.002507030963897705,-0.35045045614242554,-0.006065249443054199,-0.39310896396636963,0.03803056478500366,-0.19636964797973633,0.061213135719299316,-0.26851189136505127,0.07855647802352905,-0.31492263078689575,0.09087222814559937,-0.3557450771331787,0.06750458478927612,-0.16140413284301758,0.10589975118637085,-0.20646947622299194,0.1311919093132019,-0.2369024157524109,0.1514493227005005,-0.26675379276275635
1,0.0,0.0,-0.054335594177246094,-0.04236036539077759,-0.08964401483535767,-0.11641472578048706,-0.11063289642333984,-0.17099744081497192,-0.13543951511383057,-0.2003772258758545,-0.040098369121551514,-0.20899492502212524,-0.05793946981430054,-0.2816433906555176,-0.06846493482589722,-0.3256179094314575,-0.0766405463218689,-0.3604642152786255,-0.0005645751953125,-0.21422475576400757,-0.004213452339172363,-0.2978406548500061,-0.007109582424163818,-0.3494771718978882,-0.010783731937408447,-0.39178329706192017,0.03539717197418213,-0.1974118947982788,0.05686765909194946,-0.26939886808395386,0.07336217164993286,-0.3160305619239807,0.08509093523025513,-0.35671836137771606,0.0654827356338501,-0.16354382038116455,0.10215556621551514,-0.2096388339996338,0.1266658902168274,-0.24022865295410156,0.14625459909439087,-0.269615113735199
1,0.0,0.0,-0.05468040704727173,-0.0427403450012207,-0.08973270654678345,-0.1161680817604065,-0.11099296808242798,-0.17017889022827148,-0.13571637868881226,-0.19951152801513672,-0.04002416133880615,-0.20822519063949585,-0.0579679012298584,-0.2817840576171875,-0.06873083114624023,-0.32623136043548584,-0.07685941457748413,-0.361763060092926,-0.0006120800971984863,-0.21332591772079468,-0.00436711311340332,-0.2965734601020813,-0.007644772529602051,-0.348413348197937,-0.01160728931427002,-0.3913329839706421,0.035283446311950684,-0.19658416509628296,0.0568583607673645,-0.2687510848045349,0.07326388359069824,-0.3156474232673645,0.08489751815795898,-0.35695797204971313,0.0653267502784729,-0.16258269548416138,0.10271459817886353,-0.2083977460861206,0.12767189741134644,-0.23915040493011475,0.14767009019851685,-0.26909303665161133
1,0.0,0.0,-0.055188894271850586,-0.04144406318664551,-0.09065532684326172,-0.11479902267456055,-0.11174315214157104,-0.16990989446640015,-0.13645946979522705,-0.20002102851867676,-0.040611863136291504,-0.20769768953323364,-0.05846381187438965,-0.2812820076942444,-0.06934386491775513,-0.3259521722793579,-0.07761675119400024,-0.36169493198394775,-0.001436471939086914,-0.21297526359558105,-0.005256712436676025,-0.2965998649597168,-0.008528530597686768,-0.34877943992614746,-0.012428581714630127,-0.3920368552207947,0.03430378437042236,-0.19642722606658936,0.05573129653930664,-0.2688976526260376,0.07225346565246582,-0.3158242702484131,0.08403390645980835,-0.35692983865737915,0.06428176164627075,-0.16279816627502441,0.10143387317657471,-0.20876282453536987,0.1262454390525818,-0.2394319772720337,0.14618927240371704,-0.2691264748573303
1,0.0,0.0,-0.05507075786590576,-0.041285932064056396,-0.09123349189758301,-0.11458414793014526,-0.1127244234085083,-0.16881221532821655,-0.13736087083816528,-0.19814354181289673,-0.041482388973236084,-0.20661383867263794,-0.05998045206069946,-0.28001415729522705,-0.07097733020782471,-0.32454854249954224,-0.07939594984054565,-0.3601781129837036,-0.0023775696754455566,-0.2125762701034546,-0.006687939167022705,-0.2965894937515259,-0.010204136371612549,-0.3485943675041199,-0.014415442943572998,-0.39143431186676025,0.03340500593185425,-0.196402907371521,0.05436837673187256,-0.26849544048309326,0.07058829069137573,-0.3155362010002136,0.08207738399505615,-0.35662519931793213,0.06332290172576904,-0.1629905104637146,0.09992480278015137,-0.20907849073410034,0.12443655729293823,-0.23997098207473755,0.14399898052215576,-0.26979172229766846
1,0.0,0.0,-0.05500352382659912,-0.04119563102722168,-0.09063977003097534,-0.11425471305847168,-0.1122846007347107,-0.1681618094444275,-0.13759559392929077,-0.19689851999282837,-0.042095720767974854,-0.2079043984413147,-0.060405850410461426,-0.28063690662384033,-0.07150280475616455,-0.32490187883377075,-0.08010023832321167,-0.36035609245300293,-0.0028715133666992188,-0.21356171369552612,-0.007454216480255127,-0.2967085838317871,-0.011052370071411133,-0.34843146800994873,-0.015301048755645752,-0.39110761880874634,0.0330926775932312,-0.19725078344345093,0.05345338582992554,-0.2696008086204529,0.06943774223327637,-0.3166370987892151,0.08072417974472046,-0.35767674446105957,0.06332117319107056,-0.16382980346679688,0.09936881065368652,-0.21053040027618408,0.12365967035293579,-0.24148660898208618,0.1430240273475647,-0.27113473415374756
1,0.0,0.0,-0.05467510223388672,-0.040672898292541504,-0.09075534343719482,-0.11300206184387207,-0.11237579584121704,-0.16659057140350342,-0.1375046968460083,-0.19533395767211914,-0.04226309061050415,-0.2049654722213745,-0.06070554256439209,-0.27820295095443726,-0.07196956872940063,-0.322540283203125,-0.08079153299331665,-0.35826557874679565,-0.0032688379287719727,-0.2109607458114624,-0.00774151086807251,-0.29370611906051636,-0.011581838130950928,-0.34543657302856445,-0.01612114906311035,-0.3882993459701538,0.03259086608886719,-0.1952342391014099,0.0529627799987793,-0.26726531982421875,0.06836563348770142,-0.3141399025917053,0.07900559902191162,-0.3553200960159302,0.06276106834411621,-0.16255098581314087,0.09875869750976562,-0.20902788639068604,0.12256884574890137,-0.2403954267501831,0.14140290021896362,-0.2707386016845703
1,0.0,0.0,-0.05464810132980347,-0.04006403684616089,-0.09039896726608276,-0.11202025413513184,-0.11173397302627563,-0.16602611541748047,-0.13667571544647217,-0.19492089748382568,-0.042725324630737305,-0.20402544736862183,-0.06102532148361206,-0.2765265703201294,-0.07218581438064575,-0.3209066390991211,-0.08071392774581909,-0.35696834325790405,-0.003913998603820801,-0.21017491817474365,-0.008320212364196777,-0.29239964485168457,-0.012151837348937988,-0.34412139654159546,-0.01669985055923462,-0.3874146342277527,0.03173726797103882,-0.1947956681251526,0.052210867404937744,-0.2664707899093628,0.06786823272705078,-0.31345731019973755,0.07877236604690552,-0.3546624183654785,0.06163632869720459,-0.16252797842025757,0.09750151634216309,-0.20921558141708374,0.1216273307800293,-0.2401232123374939,0.1408681869506836,-0.26966965198516846
1,0.0,0.0,-0.05441993474960327,-0.039227962493896484,-0.09059685468673706,-0.11171352863311768,-0.11248093843460083,-0.16539055109024048,-0.1375589370727539,-0.19377344846725464,-0.04316449165344238,-0.20482033491134644,-0.061781108379364014,-0.27741897106170654,-0.07302135229110718,-0.32157427072525024,-0.08166193962097168,-0.3570060729980469,-0.004448652267456055,-0.21103602647781372,-0.009172797203063965,-0.29349660873413086,-0.013193488121032715,-0.3449082374572754,-0.01787954568862915,-0.38745689392089844,0.031286656856536865,-0.195747971534729,0.051165997982025146,-0.26806652545928955,0.0664294958114624,-0.3151751756668091,0.07708150148391724,-0.35625773668289185,0.06148064136505127,-0.16371369361877441,0.09689807891845703,-0.2107108235359192,0.12061846256256104,-0.24178367853164673,0.1394934058189392,-0.2714073061943054
1,0.0,0.0,-0.054087281227111816,-0.04062551259994507,-0.09011596441268921,-0.1131400465965271,-0.11208593845367432,-0.16641771793365479,-0.13716787099838257,-0.1944543719291687,-0.042822182178497314,-0.20575249195098877,-0.06134176254272461,-0.27792221307754517,-0.07254469394683838,-0.3219152092933655,-0.08132010698318481,-0.3574419617652893,-0.004105269908905029,-0.21207791566848755,-0.008587121963500977,-0.2939603924751282,-0.01259911060333252,-0.3452110290527344,-0.017564475536346436,-0.38778871297836304,0.03175175189971924,-0.19665461778640747,0.05213296413421631,-0.26811206340789795,0.06703156232833862,-0.3153115510940552,0.07712024450302124,-0.3568587899208069,0.0619126558303833,-0.16406232118606567,0.09788793325424194,-0.21027851104736328,0.12147802114486694,-0.24189424514770508,0.1401832103729248,-0.27268165349960327
1,0.0,0.0,-0.05499601364135742,-0.04016387462615967,-0.09114032983779907,-0.11267375946044922,-0.11277186870574951,-0.16642260551452637,-0.13796192407608032,-0.19466549158096313,-0.04357421398162842,-0.20481044054031372,-0.06219857931137085,-0.27718549966812134,-0.07345205545425415,-0.32149988412857056,-0.08198273181915283,-0.357083261013031,-0.004632830619812012,-0.21136176586151123,-0.00957721471786499,-0.2933170795440674,-0.013457775115966797,-0.34451770782470703,-0.017757773399353027,-0.3868941068649292,0.031299889087677,-0.19631391763687134,0.051114678382873535,-0.26838064193725586,0.06620466709136963,-0.315653920173645,0.07685571908950806,-0.3572104573249817,0.06165045499801636,-0.16429847478866577,0.0970994234085083,-0.21069467067718506,0.12085103988647461,-0.24174338579177856,0.13993734121322632,-0.2717791199684143
1,0.0,0.0,-0.054981350898742676,-0.040325939655303955,-0.0915294885635376,-0.1134830117225647,-0.11379998922348022,-0.16759610176086426,-0.13949424028396606,-0.1957237720489502,-0.04419773817062378,-0.20654422044754028,-0.06272906064987183,-0.2794022560119629,-0.07399410009384155,-0.3235126733779907,-0.08280748128890991,-0.3590625524520874,-0.005296111106872559,-0.21297651529312134,-0.010043919086456299,-0.295369029045105,-0.013973832130432129,-0.3466830849647522,-0.01868295669555664,-0.3894100785255432,0.030761301517486572,-0.1974537968635559,0.05087095499038696,-0.26968199014663696,0.06626486778259277,-0.316792368888855,0.0769270658493042,-0.35833674669265747,0.061212122440338135,-0.16473156213760376,0.0969843864440918,-0.21132761240005493,0.12087631225585938,-0.24249738454818726,0.13994044065475464,-0.2727198004722595
1,0.0,0.0,-0.05499601364135742,-0.04046720266342163,-0.09120458364486694,-0.11341321468353271,-0.11294007301330566,-0.16729724407196045,-0.13803988695144653,-0.19601351022720337,-0.04376721382141113,-0.2060297727584839,-0.06195557117462158,-0.27857857942581177,-0.07298755645751953,-0.32273203134536743,-0.08167606592178345,-0.3583698272705078,-0.004834890365600586,-0.21215003728866577,-0.008974075317382812,-0.2943452000617981,-0.0126878023147583,-0.3455638289451599,-0.01735907793045044,-0.38806676864624023,0.031113266944885254,-0.1963229775428772,0.05162990093231201,-0.26889973878860474,0.06680989265441895,-0.31613636016845703,0.07715815305709839,-0.357835054397583,0.06130862236022949,-0.163194477558136,0.0975954532623291,-0.20953214168548584,0.12132573127746582,-0.24113833904266357,0.1400943398475647,-0.2720872163772583
1,0.0,0.0,-0.05531817674636841,-0.04048311710357666,-0.09206199645996094,-0.11415749788284302,-0.11420679092407227,-0.16794323921203613,-0.1394195556640625,-0.19635772705078125,-0.04431760311126709,-0.20705562829971313,-0.06294387578964233,-0.2796364426612854,-0.07415264844894409,-0.32375067472457886,-0.08310490846633911,-0.35932081937789917,-0.005451023578643799,-0.21326810121536255,-0.009703993797302246,-0.29552459716796875,-0.013422131538391113,-0.34680914878845215,-0.017977654933929443,-0.3893529772758484,0.03040623664855957,-0.19759148359298706,0.05023634433746338,-0.2702856659889221,0.06516629457473755,-0.31795620918273926,0.07546126842498779,-0.3601645827293396,0.060548603534698486,-0.1649581789970398,0.09604471921920776,-0.21216720342636108,0.1198928952217102,-0.2436079978942871,0.1389276385307312,-0.2742044925689697
1,0.0,0.0,-0.05488842725753784,-0.040367960929870605,-0.09147119522094727,-0.11327630281448364,-0.11306959390640259,-0.16780394315719604,-0.13812929391860962,-0.1966925859451294,-0.04383033514022827,-0.2062646746635437,-0.06205570697784424,-0.27884066104888916,-0.07291120290756226,-0.323347806930542,-0.08146190643310547,-0.3593254089355469,-0.004629194736480713,-0.21264851093292236,-0.008433938026428223,-0.29581475257873535,-0.011954009532928467,-0.34725916385650635,-0.016469836235046387,-0.3899729251861572,0.03138035535812378,-0.19697803258895874,0.0519980788230896,-0.27029502391815186,0.06715911626815796,-0.3180299401283264,0.07752901315689087,-0.359757661819458,0.06153535842895508,-0.16401934623718262,0.09767502546310425,-0.21099549531936646,0.12189805507659912,-0.24241095781326294,0.14116328954696655,-0.27238333225250244
1,0.0,0.0,-0.054960012435913086,-0.0402301549911499,-0.09112030267715454,-0.11281841993331909,-0.11230999231338501,-0.16681623458862305,-0.13705909252166748,-0.1958916187286377,-0.04410862922668457,-0.20596033334732056,-0.06233149766921997,-0.2788906693458557,-0.07341110706329346,-0.32325440645217896,-0.08222270011901855,-0.3590245842933655,-0.0051999688148498535,-0.21264219284057617,-0.009445488452911377,-0.29573869705200195,-0.013396203517913818,-0.34734880924224854,-0.01830524206161499,-0.39025431871414185,0.030335843563079834,-0.19740694761276245,0.050527751445770264,-0.2706490755081177,0.06553685665130615,-0.31823796033859253,0.07561635971069336,-0.3599749803543091,0.060089707374572754,-0.16503524780273438,0.09575647115707397,-0.21220707893371582,0.11965852975845337,-0.24392741918563843,0.138546884059906,-0.2743358612060547
1,0.0,0.0,-0.05637997388839722,-0.0397680401802063,-0.0938073992729187,-0.11362451314926147,-0.11440449953079224,-0.1707562804222107,-0.138566792011261,-0.20486873388290405,-0.046858131885528564,-0.2038501501083374,-0.06424999237060547,-0.2745817303657532,-0.07474511861801147,-0.3173421621322632,-0.08320814371109009,-0.3532449007034302,-0.008233964443206787,-0.2105553150177002,-0.01213526725769043,-0.29124730825424194,-0.016534388065338135,-0.3418937921524048,-0.02201026678085327,-0.3851879835128784,0.026954174041748047,-0.19576042890548706,0.04597616195678711,-0.26910388469696045,0.05853480100631714,-0.31672996282577515,0.06635844707489014,-0.35930001735687256,0.05694979429244995,-0.1641864776611328,0.0906781554222107,-0.21314722299575806,0.11238658428192139,-0.24662530422210693,0.1293085813522339,-0.2793675661087036
1,0.0,0.0,-0.05628472566604614,-0.04025435447692871,-0.09295475482940674,-0.11449176073074341,-0.11283707618713379,-0.1722853183746338,-0.1369609236717224,-0.20685851573944092,-0.04599720239639282,-0.20518171787261963,-0.06312525272369385,-0.2761995196342468,-0.07359415292739868,-0.3186301589012146,-0.08221763372421265,-0.3543005585670471,-0.00736689567565918,-0.21150559186935425,-0.011068165302276611,-0.29218119382858276,-0.015457987785339355,-0.34239888191223145,-0.021085143089294434,-0.38552045822143555,0.027728915214538574,-0.19614601135253906,0.0465390682220459,-0.2695716619491577,0.059093475341796875,-0.31661099195480347,0.06688421964645386,-0.35900259017944336,0.05762213468551636,-0.16397976875305176,0.0909997820854187,-0.2134634256362915,0.11277055740356445,-0.24663031101226807,0.12977343797683716,-0.27929288148880005
1,0.0,0.0,-0.055625319480895996,-0.03892481327056885,-0.09207803010940552,-0.11259430646896362,-0.11207568645477295,-0.17083662748336792,-0.1366196870803833,-0.20530402660369873,-0.04582148790359497,-0.2032434344291687,-0.0633205771446228,-0.2741011381149292,-0.07413363456726074,-0.31634455919265747,-0.08297926187515259,-0.3521696925163269,-0.007583796977996826,-0.21018195152282715,-0.011720478534698486,-0.29022645950317383,-0.016589820384979248,-0.3404846787452698,-0.02264261245727539,-0.3836965560913086,0.027370452880859375,-0.1955646276473999,0.04607576131820679,-0.26820898056030273,0.05817192792892456,-0.315801739692688,0.06564575433731079,-0.3584211468696594,0.0572354793548584,-0.16420674324035645,0.0906108021736145,-0.21321111917495728,0.11207515001296997,-0.24658256769180298,0.1287853717803955,-0.27918463945388794
1,0.0,0.0,-0.056340932846069336,-0.03859436511993408,-0.09375911951065063,-0.11121231317520142,-0.11409139633178711,-0.16861385107040405,-0.13846611976623535,-0.20315313339233398,-0.04811578989028931,-0.2022375464439392,-0.0664474368095398,-0.272835910320282,-0.07773441076278687,-0.31552475690841675,-0.08693498373031616,-0.3513374328613281,-0.009588122367858887,-0.21003633737564087,-0.014404594898223877,-0.2900102734565735,-0.019513368606567383,-0.3400462865829468,-0.025622665882110596,-0.3829156756401062,0.025830209255218506,-0.19632434844970703,0.04363805055618286,-0.2688450217247009,0.05554842948913574,-0.3157689571380615,0.0628659725189209,-0.3576652407646179,0.05637317895889282,-0.16569608449935913,0.08924663066864014,-0.2143700122833252,0.11039692163467407,-0.24755507707595825,0.12683051824569702,-0.27995234727859497
1,0.0,0.0,-0.05735146999359131,-0.03562253713607788,-0.09657078981399536,-0.10561245679855347,-0.11870497465133667,-0.16161686182022095,-0.1443948745727539,-0.1941077709197998,-0.05450934171676636,-0.2004193663597107,-0.07454550266265869,-0.27064526081085205,-0.08628731966018677,-0.3126576542854309,-0.09549820423126221,-0.34815531969070435,-0.016044259071350098,-0.21040505170822144,-0.022816956043243408,-0.29119646549224854,-0.02838146686553955,-0.3401206135749817,-0.034212589263916016,-0.38235998153686523,0.02000969648361206,-0.19864130020141602,0.03612649440765381,-0.27239662408828735,0.04676324129104614,-0.31990283727645874,0.053321242332458496,-0.36266082525253296,0.0518684983253479,-0.16985511779785156,0.08336251974105835,-0.22122526168823242,0.10370838642120361,-0.2548465132713318,0.1191297173500061,-0.2876622676849365
1,0.0,0.0,-0.056395143270492554,-0.028361260890960693,-0.09498482942581177,-0.08536702394485474,-0.11610370874404907,-0.1330728530883789,-0.1408388614654541,-0.15693628787994385,-0.054525166749954224,-0.1848994493484497,-0.07525432109832764,-0.25220197439193726,-0.08998209238052368,-0.29128050804138184,-0.10282108187675476,-0.3243115544319153,-0.018668681383132935,-0.19949394464492798,-0.027465015649795532,-0.27671128511428833,-0.03632235527038574,-0.3224472403526306,-0.04450225830078125,-0.3607094883918762,0.01548677682876587,-0.19388139247894287,0.029097914695739746,-0.26901620626449585,0.03641390800476074,-0.3139411211013794,0.04061388969421387,-0.3523215651512146,0.046321988105773926,-0.17214298248291016,0.07026344537734985,-0.22788268327713013,0.08406949043273926,-0.26327764987945557,0.09401977062225342,-0.29654133319854736
1,0.0,0.0,-0.04612800478935242,-0.03330183029174805,-0.07385772466659546,-0.08130180835723877,-0.09149344265460968,-0.11866134405136108,-0.11228159070014954,-0.14320486783981323,-0.03620836138725281,-0.1827293038368225,-0.056070998311042786,-0.2470201849937439,-0.0724230408668518,-0.2837771773338318,-0.08732613921165466,-0.3139042854309082,-0.00856754183769226,-0.19390976428985596,-0.014660865068435669,-0.27155864238739014,-0.027220219373703003,-0.31819474697113037,-0.040835022926330566,-0.35456761717796326,0.01887434720993042,-0.18900954723358154,0.03190210461616516,-0.2625586986541748,0.03443425893783569,-0.3116620182991028,0.03320592641830444,-0.3521757125854492,0.04302835464477539,-0.16847217082977295,0.06260737776756287,-0.2220468521118164,0.0703524649143219,-0.2613829970359802,0.07399001717567444,-0.2975943684577942
1,0.0,0.0,-0.04439909756183624,-0.028884053230285645,-0.06795038282871246,-0.07720494270324707,-0.08174903690814972,-0.11379224061965942,-0.0991610437631607,-0.13902753591537476,-0.042287349700927734,-0.17639029026031494,-0.05969738960266113,-0.23257899284362793,-0.07595635950565338,-0.2659611701965332,-0.09131456911563873,-0.2941931486129761,-0.020093560218811035,-0.18681955337524414,-0.0287582129240036,-0.2600824236869812,-0.0423712283372879,-0.3046143054962158,-0.05641546845436096,-0.33917051553726196,0.0017000287771224976,-0.1807730793952942,0.011205673217773438,-0.25239020586013794,0.011279866099357605,-0.2986544966697693,0.007744118571281433,-0.33756041526794434,0.02014683187007904,-0.1599637269973755,0.03655581176280975,-0.21017450094223022,0.04104427993297577,-0.2484552264213562,0.04147784411907196,-0.2838362455368042
1,0.0,0.0,-0.04537782073020935,-0.031482040882110596,-0.0751793384552002,-0.08764946460723877,-0.09189631044864655,-0.1269519329071045,-0.11272285878658295,-0.15032953023910522,-0.04630559682846069,-0.1858190894126892,-0.06547179818153381,-0.24682801961898804,-0.07777848839759827,-0.2812991142272949,-0.08901286125183105,-0.3112691044807434,-0.01697450876235962,-0.19462162256240845,-0.024263739585876465,-0.2682231664657593,-0.031197428703308105,-0.3135775327682495,-0.039093196392059326,-0.351579487323761,0.011400163173675537,-0.18317818641662598,0.024830102920532227,-0.25197798013687134,0.033006906509399414,-0.2968131899833679,0.03723570704460144,-0.33644962310791016,0.03567841649055481,-0.15545862913131714,0.057947367429733276,-0.2035776972770691,0.07217156887054443,-0.23590153455734253,0.08233359456062317,-0.2662994861602783
1,0.0,0.0,-0.04754823446273804,-0.04104053974151611,-0.0774279534816742,-0.10201263427734375,-0.09772637486457825,-0.145263671875,-0.12375882267951965,-0.16888046264648438,-0.04165199398994446,-0.19348359107971191,-0.060613006353378296,-0.2576339840888977,-0.07220962643623352,-0.29576587677001953,-0.08213776350021362,-0.32901132106781006,-0.007882952690124512,-0.20204299688339233,-0.011939525604248047,-0.27817559242248535,-0.014969587326049805,-0.32461363077163696,-0.018497824668884277,-0.36254557967185974,0.02391374111175537,-0.18957620859146118,0.04280635714530945,-0.2575232982635498,0.056070178747177124,-0.2986244559288025,0.06501010060310364,-0.3348517417907715,0.05166265368461609,-0.1608976125717163,0.08104011416435242,-0.2053900957107544,0.10014691948890686,-0.23395168781280518,0.11533775925636292,-0.2611701488494873
1,0.0,0.0,-0.0516735315322876,-0.024992555379867554,-0.08397379517555237,-0.07541316747665405,-0.10562640428543091,-0.11025562882423401,-0.12854865193367004,-0.12466216087341309,-0.04811236262321472,-0.1599980890750885,-0.06936904788017273,-0.21469682455062866,-0.0830843448638916,-0.24657058715820312,-0.09431105852127075,-0.27185317873954773,-0.015740275382995605,-0.1711519956588745,-0.024548709392547607,-0.2382747232913971,-0.031876057386398315,-0.2790234237909317,-0.03844636678695679,-0.31132765114307404,0.014573812484741211,-0.16449183225631714,0.028450310230255127,-0.22705397009849548,0.036668598651885986,-0.2655119299888611,0.04223686456680298,-0.2979466915130615,0.040405988693237305,-0.14498397707939148,0.06722867488861084,-0.18994909524917603,0.08296829462051392,-0.21904867887496948,0.09493386745452881,-0.24665707349777222
1,0.0,0.0,-0.046399056911468506,-0.024890661239624023,-0.07886874675750732,-0.07082456350326538,-0.10011625289916992,-0.10298594832420349,-0.12127840518951416,-0.11773470044136047,-0.043036043643951416,-0.1545337736606598,-0.06325095891952515,-0.2081611156463623,-0.07603353261947632,-0.24050959944725037,-0.08518481254577637,-0.2670491188764572,-0.01194065809249878,-0.16644155979156494,-0.020695537328720093,-0.23314279317855835,-0.026769191026687622,-0.27446357905864716,-0.031990885734558105,-0.3075653612613678,0.017649412155151367,-0.16076721251010895,0.031974613666534424,-0.22070744633674622,0.040880024433135986,-0.25809186697006226,0.046703040599823,-0.2889595329761505,0.04313558340072632,-0.1418406069278717,0.07025319337844849,-0.18583744764328003,0.08577758073806763,-0.21507002413272858,0.09726721048355103,-0.24222272634506226
1,0.0,0.0,-0.0447196364402771,-0.027360975742340088,-0.07688412070274353,-0.07637107372283936,-0.09754204750061035,-0.11194080114364624,-0.11914214491844177,-0.12895913422107697,-0.037154436111450195,-0.16404740512371063,-0.05732646584510803,-0.22208386659622192,-0.06990155577659607,-0.25756966322660446,-0.07912355661392212,-0.2870335727930069,-0.005897253751754761,-0.1748979389667511,-0.01265096664428711,-0.24695998430252075,-0.018130183219909668,-0.29224102199077606,-0.022914499044418335,-0.3293195366859436,0.023018956184387207,-0.1677677184343338,0.03840327262878418,-0.23250547051429749,0.04962390661239624,-0.27220092713832855,0.05783519148826599,-0.30407804250717163,0.04746854305267334,-0.1467435210943222,0.07342144846916199,-0.19285640120506287,0.08999845385551453,-0.22215762734413147,0.10272100567817688,-0.24823863804340363
1,0.0,0.0,-0.04493388533592224,-0.026127934455871582,-0.07385256886482239,-0.07364469766616821,-0.09029129147529602,-0.1096629798412323,-0.10888834297657013,-0.1262308657169342,-0.037233978509902954,-0.16699331998825073,-0.056168586015701294,-0.22479978203773499,-0.0681946873664856,-0.259866826236248,-0.07728737592697144,-0.28835688531398773,-0.006967365741729736,-0.1787468045949936,-0.01263454556465149,-0.2516760230064392,-0.017643392086029053,-0.2962881326675415,-0.022699713706970215,-0.33167484402656555,0.02036917209625244,-0.1727086901664734,0.03734239935874939,-0.23968523740768433,0.048375874757766724,-0.280187651515007,0.055369794368743896,-0.31201012432575226,0.04252508282661438,-0.1519983857870102,0.06856167316436768,-0.19856391847133636,0.0837964415550232,-0.22840942442417145,0.09470787644386292,-0.2544143423438072
1,0.0,0.0,-0.04370209574699402,-0.026265859603881836,-0.07033005356788635,-0.07237786054611206,-0.08578431606292725,-0.10634157061576843,-0.10397043824195862,-0.12278139591217041,-0.04023250937461853,-0.16257618367671967,-0.05695846676826477,-0.21916523575782776,-0.06883428990840912,-0.2533947080373764,-0.07810252904891968,-0.2813180983066559,-0.01238986849784851,-0.17484182119369507,-0.01872086524963379,-0.24622811377048492,-0.02564886212348938,-0.2896546423435211,-0.031819432973861694,-0.3248501121997833,0.01373395323753357,-0.17045395076274872,0.029119163751602173,-0.23815858364105225,0.03806063532829285,-0.27981700003147125,0.043737173080444336,-0.3147161900997162,0.03531256318092346,-0.15330462157726288,0.05925089120864868,-0.20181746780872345,0.07288491725921631,-0.23449666798114777,0.08317279815673828,-0.2644494026899338
1,0.0,0.0,-0.03912617266178131,-0.02255234122276306,-0.06014057993888855,-0.06358715891838074,-0.07201877236366272,-0.09272506833076477,-0.0843038558959961,-0.10715445876121521,-0.03300215303897858,-0.15122848749160767,-0.047244638204574585,-0.19951635599136353,-0.05697503685951233,-0.22881287336349487,-0.06468302011489868,-0.2534688413143158,-0.010906815528869629,-0.16291426122188568,-0.016624361276626587,-0.22854432463645935,-0.022873416543006897,-0.26868636906147003,-0.029180124402046204,-0.30024224519729614,0.010471969842910767,-0.15952619910240173,0.026143044233322144,-0.22314339876174927,0.032722920179367065,-0.26328298449516296,0.03625187277793884,-0.29703696072101593,0.027257829904556274,-0.1434788554906845,0.04876929521560669,-0.1909773051738739,0.05992615222930908,-0.2239896059036255,0.06786909699440002,-0.25313618779182434
1,0.0,0.0,-0.03763061761856079,-0.01841270923614502,-0.062368616461753845,-0.05563095211982727,-0.07733049988746643,-0.08376628160476685,-0.09070321917533875,-0.0990050733089447,-0.03234103322029114,-0.13887976109981537,-0.05086752772331238,-0.18701331317424774,-0.06192311644554138,-0.21574634313583374,-0.06974965333938599,-0.23970288038253784,-0.009457588195800781,-0.15272384881973267,-0.019544363021850586,-0.21704986691474915,-0.026020020246505737,-0.25502172112464905,-0.03153422474861145,-0.2853845804929733,0.01350092887878418,-0.1513335108757019,0.027162015438079834,-0.21325743198394775,0.03446006774902344,-0.24964690208435059,0.038503050804138184,-0.27933357656002045,0.033206403255462646,-0.1357380449771881,0.05457735061645508,-0.18061573803424835,0.06614398956298828,-0.20950999855995178,0.07387712597846985,-0.2343951314687729
1,0.0,0.0,-0.04184618592262268,-0.02398782968521118,-0.07182279229164124,-0.06766560673713684,-0.0914827287197113,-0.09883689880371094,-0.11103445291519165,-0.11346554756164551,-0.04081407189369202,-0.14934790134429932,-0.059583187103271484,-0.2027081847190857,-0.07106664776802063,-0.23372912406921387,-0.07921227812767029,-0.25871650129556656,-0.01462504267692566,-0.16136875748634338,-0.02279147505760193,-0.2269018143415451,-0.028144508600234985,-0.26663975417613983,-0.03280460834503174,-0.29778026044368744,0.011183202266693115,-0.15728551149368286,0.025109857320785522,-0.22053216397762299,0.035022735595703125,-0.2563455402851105,0.041574954986572266,-0.28474918007850647,0.03377977013587952,-0.13916359841823578,0.0577521026134491,-0.18019728362560272,0.07123154401779175,-0.20754191279411316,0.08171474933624268,-0.2318626493215561
1,0.0,0.0,-0.041967153549194336,-0.031558066606521606,-0.07834893465042114,-0.08106514811515808,-0.10514849424362183,-0.11770233511924744,-0.13164258003234863,-0.134511798620224,-0.048162758350372314,-0.15352536737918854,-0.07008093595504761,-0.21449720859527588,-0.0837942361831665,-0.251104936003685,-0.09460330009460449,-0.28039486706256866,-0.020080745220184326,-0.16164827346801758,-0.032242536544799805,-0.2300153374671936,-0.038557231426239014,-0.27148157358169556,-0.042600929737091064,-0.3045085668563843,0.00927966833114624,-0.153204545378685,0.0170021653175354,-0.21307560801506042,0.022788643836975098,-0.24654030799865723,0.02698075771331787,-0.27436934411525726,0.037876665592193604,-0.13056156039237976,0.06084167957305908,-0.16858293116092682,0.0755852460861206,-0.19311781227588654,0.08791935443878174,-0.21554043889045715
1,0.0,0.0,-0.03647315502166748,-0.03644084930419922,-0.06803876161575317,-0.08819198608398438,-0.09269744157791138,-0.12601381540298462,-0.11711204051971436,-0.14505869150161743,-0.03953731060028076,-0.14819276332855225,-0.05543416738510132,-0.20992520451545715,-0.06489557027816772,-0.24724480509757996,-0.07174038887023926,-0.27798913419246674,-0.013752281665802002,-0.15161502361297607,-0.020735204219818115,-0.21681201457977295,-0.0233154296875,-0.2575753927230835,-0.02437382936477661,-0.2899230718612671,0.012517213821411133,-0.14016291499137878,0.021809935569763184,-0.19288524985313416,0.02853482961654663,-0.22377654910087585,0.033667802810668945,-0.24926762282848358,0.03766065835952759,-0.11640098690986633,0.057830989360809326,-0.148524671792984,0.07130885124206543,-0.1683424711227417,0.08274227380752563,-0.18666639924049377
1,0.0,0.0,-0.03581130504608154,-0.03738600015640259,-0.06498456001281738,-0.09094023704528809,-0.08770960569381714,-0.1296023428440094,-0.11097270250320435,-0.1497628390789032,-0.034376323223114014,-0.14943665266036987,-0.04766499996185303,-0.21074509620666504,-0.05497562885284424,-0.2484673261642456,-0.05998760461807251,-0.2795224189758301,-0.008811771869659424,-0.1496485471725464,-0.012578427791595459,-0.2117806226015091,-0.013179659843444824,-0.2512535899877548,-0.012835919857025146,-0.282561719417572,0.016543090343475342,-0.13495323061943054,0.027255475521087646,-0.18460775911808014,0.03503406047821045,-0.21437451243400574,0.04096716642379761,-0.23954695463180542,0.04000598192214966,-0.10916483402252197,0.05995619297027588,-0.13901442289352417,0.07321977615356445,-0.15807506442070007,0.08488410711288452,-0.17653003334999084
1,0.0,0.0,-0.03909534215927124,-0.038360416889190674,-0.06832742691040039,-0.0931774377822876,-0.09054279327392578,-0.13462060689926147,-0.11355161666870117,-0.15702909231185913,-0.03493380546569824,-0.15869256854057312,-0.04950529336929321,-0.22197884321212769,-0.057572901248931885,-0.26133906841278076,-0.06319940090179443,-0.2935214042663574,-0.00823962688446045,-0.16177037358283997,-0.012601494789123535,-0.22859042882919312,-0.013467967510223389,-0.2698107957839966,-0.013441681861877441,-0.3028864860534668,0.017597615718841553,-0.14904183149337769,0.02932155132293701,-0.2055356204509735,0.039121031761169434,-0.2400667667388916,0.04695785045623779,-0.26877206563949585,0.040703535079956055,-0.12274911999702454,0.06370466947555542,-0.157475084066391,0.07883214950561523,-0.17994612455368042,0.09210020303726196,-0.20073819160461426
1,0.0,0.0,-0.04170197248458862,-0.03369647264480591,-0.07377272844314575,-0.0892607569694519,-0.09739881753921509,-0.13142794370651245,-0.12163019180297852,-0.15347349643707275,-0.0394250750541687,-0.15828460454940796,-0.0563315749168396,-0.22079205513000488,-0.06627839803695679,-0.25902098417282104,-0.07367050647735596,-0.2903015613555908,-0.011755585670471191,-0.16291862726211548,-0.017480850219726562,-0.22908198833465576,-0.020151078701019287,-0.2704867422580719,-0.02172708511352539,-0.30338412523269653,0.014738976955413818,-0.1519681215286255,0.02545619010925293,-0.20825409889221191,0.03528714179992676,-0.24265313148498535,0.04320269823074341,-0.271514892578125,0.03883391618728638,-0.12830621004104614,0.06224930286407471,-0.16293072700500488,0.07785826921463013,-0.1852087378501892,0.09159499406814575,-0.20610588788986206
1,0.0,0.0,-0.04145801067352295,-0.03316444158554077,-0.07419371604919434,-0.09029632806777954,-0.09839814901351929,-0.13333827257156372,-0.12397217750549316,-0.15715765953063965,-0.04221534729003906,-0.1637279987335205,-0.059027135372161865,-0.22543960809707642,-0.06837332248687744,-0.2631257176399231,-0.07446014881134033,-0.29492634534835815,-0.013962149620056152,-0.16888397932052612,-0.020319759845733643,-0.23492932319641113,-0.02114582061767578,-0.2760084867477417,-0.02032327651977539,-0.3095936179161072,0.013445734977722168,-0.15711241960525513,0.023812830448150635,-0.21289879083633423,0.033811330795288086,-0.24814355373382568,0.041818976402282715,-0.27953046560287476,0.03837382793426514,-0.13256657123565674,0.06016057729721069,-0.1677689552307129,0.07537204027175903,-0.19061565399169922,0.08857059478759766,-0.2137700319290161
1,0.0,0.0,-0.039321839809417725,-0.03873056173324585,-0.07060986757278442,-0.10253506898880005,-0.09295487403869629,-0.1494063138961792,-0.11660647392272949,-0.17944473028182983,-0.03259938955307007,-0.17539191246032715,-0.045217931270599365,-0.2408657670021057,-0.052701354026794434,-0.27969181537628174,-0.05786705017089844,-0.3121919631958008,-0.0033423304557800293,-0.17670589685440063,-0.006222546100616455,-0.24414312839508057,-0.005818188190460205,-0.2856631278991699,-0.004291236400604248,-0.31877613067626953,0.02348560094833374,-0.16124296188354492,0.036635398864746094,-0.21885108947753906,0.047990262508392334,-0.2525101900100708,0.0570451021194458,-0.2823020815849304,0.04739636182785034,-0.133283793926239,0.06988036632537842,-0.16769075393676758,0.08604735136032104,-0.18700844049453735,0.10048794746398926,-0.2066516876220703
1,0.0,0.0,-0.036112844944000244,-0.0328824520111084,-0.06478595733642578,-0.0896003246307373,-0.08614814281463623,-0.13434213399887085,-0.10934871435165405,-0.1639155149459839,-0.02868831157684326,-0.16073834896087646,-0.039650022983551025,-0.22258085012435913,-0.04548925161361694,-0.2610485553741455,-0.048195600509643555,-0.29396873712539673,-0.0009360313415527344,-0.163490891456604,-0.0019099712371826172,-0.22796380519866943,0.0001665353775024414,-0.26863324642181396,0.004037082195281982,-0.3016742467880249,0.024853825569152832,-0.14896011352539062,0.03920024633407593,-0.20300906896591187,0.05032116174697876,-0.23393845558166504,0.05924636125564575,-0.26120203733444214,0.04771143198013306,-0.12176120281219482,0.07075303792953491,-0.15295928716659546,0.08686685562133789,-0.1719629168510437,0.10098534822463989,-0.19115906953811646
1,0.0,0.0,-0.04576164484024048,-0.02516782283782959,-0.07909911870956421,-0.07675766944885254,-0.10453134775161743,-0.11846667528152466,-0.1319962739944458,-0.14096307754516602,-0.0474165678024292,-0.156272292137146,-0.06961840391159058,-0.21688419580459595,-0.08158540725708008,-0.252893328666687,-0.09114307165145874,-0.2852359414100647,-0.01725715398788452,-0.16458159685134888,-0.02499067783355713,-0.2303985357284546,-0.028869926929473877,-0.2705034017562866,-0.0314670205116272,-0.3047984838485718,0.012320280075073242,-0.15374815464019775,0.02432471513748169,-0.21412217617034912,0.03386116027832031,-0.25044316053390503,0.04121696949005127,-0.2837033271789551,0.03965276479721069,-0.12843620777130127,0.06375610828399658,-0.16675186157226562,0.08025586605072021,-0.19133585691452026,0.09402179718017578,-0.21564984321594238
1,0.0,0.0,-0.04612249135971069,-0.023957252502441406,-0.08126318454742432,-0.07708823680877686,-0.10785698890686035,-0.12081742286682129,-0.13663101196289062,-0.14633768796920776,-0.050539374351501465,-0.16197919845581055,-0.07231336832046509,-0.22125273942947388,-0.08499115705490112,-0.2585054636001587,-0.09421616792678833,-0.2912951707839966,-0.018589138984680176,-0.1711658239364624,-0.027366936206817627,-0.23729562759399414,-0.030812323093414307,-0.2787055969238281,-0.03288990259170532,-0.3153494596481323,0.011929214000701904,-0.16112065315246582,0.023085594177246094,-0.22174519300460815,0.03385794162750244,-0.25932443141937256,0.04195886850357056,-0.29470038414001465,0.03955143690109253,-0.13581180572509766,0.06517040729522705,-0.17548906803131104,0.08310222625732422,-0.20025384426116943,0.09736043214797974,-0.22565776109695435
1,0.0,0.0,-0.04679983854293823,-0.023215889930725098,-0.08307290077209473,-0.07655388116836548,-0.1099967360496521,-0.11987578868865967,-0.1387501358985901,-0.14448171854019165,-0.053222596645355225,-0.16206800937652588,-0.07543754577636719,-0.2219696044921875,-0.08818584680557251,-0.2597181797027588,-0.09745979309082031,-0.2929801344871521,-0.021496295928955078,-0.17157089710235596,-0.030336737632751465,-0.23758429288864136,-0.03381580114364624,-0.2791184186935425,-0.03589075803756714,-0.3160180449485779,0.008862972259521484,-0.1620425581932068,0.019551396369934082,-0.2235296368598938,0.029832065105438232,-0.261663556098938,0.03753131628036499,-0.2973293662071228,0.03672140836715698,-0.13738316297531128,0.061539292335510254,-0.17784351110458374,0.07899576425552368,-0.20318615436553955,0.09300225973129272,-0.2289714813232422
1,0.0,0.0,-0.04664623737335205,-0.030910611152648926,-0.0786401629447937,-0.09468108415603638,-0.10134989023208618,-0.14291375875473022,-0.1281965970993042,-0.17200171947479248,-0.03825956583023071,-0.17452383041381836,-0.053088247776031494,-0.24111074209213257,-0.06104308366775513,-0.2818734645843506,-0.06674283742904663,-0.316306471824646,-0.007183969020843506,-0.17918258905410767,-0.007613539695739746,-0.24940448999404907,-0.006288111209869385,-0.29218220710754395,-0.003668665885925293,-0.3285236954689026,0.021930038928985596,-0.16552847623825073,0.037490785121917725,-0.22785931825637817,0.050788044929504395,-0.26200222969055176,0.062040746212005615,-0.29301655292510986,0.048164546489715576,-0.13763535022735596,0.07530361413955688,-0.17463940382003784,0.09398466348648071,-0.19684898853302002,0.10978955030441284,-0.2194610834121704
1,0.0,0.0,-0.046954214572906494,-0.03903543949127197,-0.07861751317977905,-0.10682648420333862,-0.09974169731140137,-0.15856623649597168,-0.12540942430496216,-0.1893296241760254,-0.028050541877746582,-0.18706011772155762,-0.03962177038192749,-0.25720739364624023,-0.04588717222213745,-0.29969555139541626,-0.050427138805389404,-0.3354021906852722,0.007399380207061768,-0.18837010860443115,0.010137438774108887,-0.2631910443305969,0.012369394302368164,-0.30750977993011475,0.014907538890838623,-0.3456422686576843,0.03869861364364624,-0.171086847782135,0.0588231086730957,-0.23175793886184692,0.07483893632888794,-0.2672882676124573,0.08793520927429199,-0.29981160163879395,0.06465333700180054,-0.13948994874954224,0.09445846080780029,-0.17655569314956665,0.11550021171569824,-0.1993105411529541,0.13348805904388428,-0.22220194339752197
1,0.0,0.0,-0.04814708232879639,-0.04113006591796875,-0.07721918821334839,-0.11210459470748901,-0.09519177675247192,-0.1680806279182434,-0.11994630098342896,-0.2010830044746399,-0.023487210273742676,-0.19725066423416138,-0.03652101755142212,-0.27015221118927,-0.04451054334640503,-0.3146541118621826,-0.050553202629089355,-0.3521749973297119,0.013644814491271973,-0.19728416204452515,0.016488313674926758,-0.2752959132194519,0.017854750156402588,-0.3236125707626343,0.018061816692352295,-0.3653620481491089,0.045966506004333496,-0.17697489261627197,0.07101988792419434,-0.2414674162864685,0.08937954902648926,-0.28270137310028076,0.10327303409576416,-0.3203456997871399,0.07157504558563232,-0.14084237813949585,0.10712498426437378,-0.1780652403831482,0.13043951988220215,-0.20258373022079468,0.14964896440505981,-0.22722697257995605
1,0.0,0.0,-0.049878060817718506,-0.03942173719406128,-0.08086541295051575,-0.10729098320007324,-0.09822389483451843,-0.16001826524734497,-0.11910167336463928,-0.19263219833374023,-0.02989998459815979,-0.1965387463569641,-0.046351492404937744,-0.2683141231536865,-0.05673915147781372,-0.31143438816070557,-0.06560075283050537,-0.34782516956329346,0.006066262722015381,-0.20053327083587646,0.0033911466598510742,-0.2809246778488159,0.0008628964424133301,-0.3283718228340149,-0.0023987293243408203,-0.3691245913505554,0.037978529930114746,-0.18331468105316162,0.05947333574295044,-0.2514594793319702,0.07430136203765869,-0.29501497745513916,0.08452683687210083,-0.33491456508636475,0.06388622522354126,-0.14920878410339355,0.09645164012908936,-0.19021427631378174,0.11746710538864136,-0.21734696626663208,0.13410347700119019,-0.24512505531311035
1,0.0,0.0,-0.0491085946559906,-0.03951221704483032,-0.07423579692840576,-0.10681450366973877,-0.08458924293518066,-0.155750572681427,-0.10382962226867676,-0.18309247493743896,-0.029907435178756714,-0.20080947875976562,-0.045578181743621826,-0.267924964427948,-0.057218968868255615,-0.30794429779052734,-0.06840044260025024,-0.3418583273887634,0.003904670476913452,-0.20537620782852173,0.0023490488529205322,-0.28152018785476685,-0.0030642151832580566,-0.3289743661880493,-0.010473579168319702,-0.36900949478149414,0.03382512927055359,-0.19029033184051514,0.05443522334098816,-0.25766223669052124,0.06664755940437317,-0.30167967081069946,0.07405298948287964,-0.341386616230011,0.057237982749938965,-0.1588224172592163,0.08680832386016846,-0.20060360431671143,0.10498631000518799,-0.23016101121902466,0.11907517910003662,-0.25937312841415405
1,0.0,0.0,-0.0440792590379715,-0.027375340461730957,-0.0730433464050293,-0.0835837721824646,-0.0881182998418808,-0.12640100717544556,-0.10437865555286407,-0.15902423858642578,-0.05029769241809845,-0.17740291357040405,-0.0725647360086441,-0.23803263902664185,-0.09028151631355286,-0.27422863245010376,-0.10654298961162567,-0.3058018088340759,-0.023522764444351196,-0.18697518110275269,-0.034792184829711914,-0.25790512561798096,-0.0492822527885437,-0.3016391396522522,-0.06476128101348877,-0.33748215436935425,0.003216087818145752,-0.1776105761528015,0.014081358909606934,-0.24405401945114136,0.01772359013557434,-0.288554847240448,0.017118752002716064,-0.32777857780456543,0.026497989892959595,-0.15164518356323242,0.04528254270553589,-0.19455045461654663,0.05467072129249573,-0.22639977931976318,0.060287684202194214,-0.25777667760849
1,0.0,0.0,-0.041659653186798096,-0.0261688232421875,-0.06903164088726044,-0.07800865173339844,-0.08339059352874756,-0.11914980411529541,-0.09977681934833527,-0.15070688724517822,-0.048218101263046265,-0.17164063453674316,-0.07049854099750519,-0.22975265979766846,-0.08761537075042725,-0.2636409401893616,-0.10339879989624023,-0.2930523157119751,-0.022123366594314575,-0.18226486444473267,-0.03538280725479126,-0.2514297366142273,-0.04980766773223877,-0.2942535877227783,-0.06496438384056091,-0.32911646366119385,0.003994643688201904,-0.1741657257080078,0.011527270078659058,-0.24184542894363403,0.014187157154083252,-0.28618788719177246,0.013199776411056519,-0.32460886240005493,0.02700600028038025,-0.14905709028244019,0.04392257332801819,-0.19281482696533203,0.051066577434539795,-0.2261994481086731,0.0541837215423584,-0.2589501738548279
1,0.0,0.0,-0.04290008544921875,-0.024486839771270752,-0.07035444676876068,-0.07291579246520996,-0.08431801199913025,-0.10977083444595337,-0.0999482274055481,-0.13526606559753418,-0.05369320511817932,-0.16292399168014526,-0.07606452703475952,-0.217262864112854,-0.09227398037910461,-0.24890351295471191,-0.1066952496767044,-0.2766955494880676,-0.02944190800189972,-0.17538154125213623,-0.04317088425159454,-0.24155181646347046,-0.057767391204833984,-0.2829074263572693,-0.07225498557090759,-0.3166908621788025,-0.004882067441940308,-0.16960829496383667,0.0025380849838256836,-0.23442989587783813,0.004228264093399048,-0.27720099687576294,0.002485036849975586,-0.3132016658782959,0.01678791642189026,-0.14746719598770142,0.03419137001037598,-0.19115620851516724,0.04027897119522095,-0.2236919403076172,0.04214131832122803,-0.2543908357620239
1,0.0,0.0,-0.046475306153297424,-0.016056418418884277,-0.08672401309013367,-0.053119778633117676,-0.1189059317111969,-0.08051455020904541,-0.14837202429771423,-0.09339350461959839,-0.06301912665367126,-0.15791332721710205,-0.08891910314559937,-0.21003937721252441,-0.10478506982326508,-0.240736186504364,-0.11761035025119781,-0.2683185338973999,-0.036963000893592834,-0.1743183732032776,-0.04857434332370758,-0.23922765254974365,-0.05868147313594818,-0.2791088819503784,-0.06861338019371033,-0.31170815229415894,-0.010735005140304565,-0.17322033643722534,-0.0010389387607574463,-0.23779720067977905,0.0020085126161575317,-0.27873319387435913,0.0019520670175552368,-0.31378835439682007,0.012264475226402283,-0.15656471252441406,0.02938733994960785,-0.20574438571929932,0.03833566606044769,-0.23894470930099487,0.0446457713842392,-0.2695786952972412
1,0.0,0.0,-0.04701448976993561,-0.015284597873687744,-0.08876876533031464,-0.051404476165771484,-0.12364381551742554,-0.07962661981582642,-0.15474610030651093,-0.09402120113372803,-0.06375741958618164,-0.1604677438735962,-0.08954188227653503,-0.21277940273284912,-0.1063513308763504,-0.24389469623565674,-0.12054447829723358,-0.2716091275215149,-0.0367904007434845,-0.17683035135269165,-0.04859013855457306,-0.24290180206298828,-0.059777215123176575,-0.28289520740509033,-0.07094244658946991,-0.3155065178871155,-0.00965745747089386,-0.17462420463562012,0.0010903477668762207,-0.2400292158126831,0.004433691501617432,-0.28169363737106323,0.004200562834739685,-0.3176068067550659,0.014387190341949463,-0.15625429153442383,0.03327491879463196,-0.20587849617004395,0.0424918532371521,-0.23966771364212036,0.0487082302570343,-0.27110445499420166
1,0.0,0.0,-0.04733520746231079,-0.01914292573928833,-0.08612747490406036,-0.06260651350021362,-0.1139369010925293,-0.09907382726669312,-0.14003344625234604,-0.12517130374908447,-0.059316858649253845,-0.16593486070632935,-0.08432167768478394,-0.22173577547073364,-0.10067738592624664,-0.25405633449554443,-0.11476539075374603,-0.28380173444747925,-0.03135517239570618,-0.1804174780845642,-0.043275684118270874,-0.24790161848068237,-0.05461740493774414,-0.2899464964866638,-0.06639246642589569,-0.32584279775619507,-0.003980383276939392,-0.1759302020072937,0.008000612258911133,-0.24085038900375366,0.012488096952438354,-0.2836499810218811,0.013196796178817749,-0.32163041830062866,0.019936829805374146,-0.15482932329177856,0.040370047092437744,-0.20289289951324463,0.05176675319671631,-0.23573213815689087,0.0595097541809082,-0.26676398515701294
1,0.0,0.0,-0.04644925892353058,-0.029540657997131348,-0.08029627799987793,-0.08212995529174805,-0.10477158427238464,-0.12215310335159302,-0.12916094064712524,-0.15277665853500366,-0.04644651710987091,-0.17350953817367554,-0.06804583966732025,-0.23388785123825073,-0.08253912627696991,-0.26920801401138306,-0.09500259160995483,-0.3011823892593384,-0.01713421940803528,-0.1826733946800232,-0.025832176208496094,-0.2541772127151489,-0.03463095426559448,-0.2986599802970886,-0.04494622349739075,-0.3373361825942993,0.011036545038223267,-0.17313247919082642,0.024849355220794678,-0.24054992198944092,0.03154429793357849,-0.28461992740631104,0.03374272584915161,-0.32484692335128784,0.03507605195045471,-0.14786338806152344,0.05854269862174988,-0.19556313753128052,0.07302111387252808,-0.2281944751739502,0.08305978775024414,-0.25961077213287354
1,0.0,0.0,-0.045515626668930054,-0.03949999809265137,-0.07343712449073792,-0.09972125291824341,-0.09168088436126709,-0.14516639709472656,-0.11420217156410217,-0.17293202877044678,-0.03334176540374756,-0.18649333715438843,-0.05056694149971008,-0.25149381160736084,-0.06210511922836304,-0.28927087783813477,-0.07195952534675598,-0.3221246600151062,-0.0007807612419128418,-0.19225668907165527,-0.0026422739028930664,-0.26690489053726196,-0.0072106122970581055,-0.3126065135002136,-0.013296723365783691,-0.351356565952301,0.02883121371269226,-0.1786823868751526,0.04869270324707031,-0.24537986516952515,0.058560848236083984,-0.2868052124977112,0.06365841627120972,-0.3235120177268982,0.05268073081970215,-0.1497814655303955,0.08202266693115234,-0.19368213415145874,0.09885537624359131,-0.22440624237060547,0.11159396171569824,-0.25405198335647583
1,0.0,0.0,-0.043087154626846313,-0.04935961961746216,-0.067710280418396,-0.11505270004272461,-0.08166038990020752,-0.16624921560287476,-0.10233721137046814,-0.1989942193031311,-0.021499335765838623,-0.19196033477783203,-0.031554847955703735,-0.2614196538925171,-0.03994959592819214,-0.3029540777206421,-0.047359585762023926,-0.3398367762565613,0.013131678104400635,-0.19154489040374756,0.015987694263458252,-0.26831644773483276,0.01667630672454834,-0.31537848711013794,0.016925275325775146,-0.3553403615951538,0.0431097149848938,-0.1709820032119751,0.06826990842819214,-0.23446953296661377,0.0836644172668457,-0.27427077293395996,0.0947566032409668,-0.3095328211784363,0.06655073165893555,-0.13484472036361694,0.1001739501953125,-0.17422324419021606,0.12126398086547852,-0.2010539174079895,0.13818544149398804,-0.22753578424453735
1,0.0,0.0,-0.04829448461532593,-0.04402261972427368,-0.07594281435012817,-0.11380881071090698,-0.09181016683578491,-0.167885422706604,-0.11496222019195557,-0.20142346620559692,-0.02203822135925293,-0.18787986040115356,-0.03498798608779907,-0.2597649097442627,-0.04290437698364258,-0.30437445640563965,-0.048047542572021484,-0.3422653079032898,0.014901280403137207,-0.1869794726371765,0.018863439559936523,-0.264565110206604,0.021579205989837646,-0.31381380558013916,0.02325141429901123,-0.3573414981365204,0.046663880348205566,-0.1667000651359558,0.07201588153839111,-0.23160260915756226,0.09060448408126831,-0.27370548248291016,0.10461187362670898,-0.31319868564605713,0.07189160585403442,-0.13149350881576538,0.10946965217590332,-0.16805380582809448,0.13401514291763306,-0.1938314437866211,0.15389209985733032,-0.22101861238479614
1,0.0,0.0,-0.04778212308883667,-0.04119598865509033,-0.07782840728759766,-0.10970193147659302,-0.09695124626159668,-0.1629805564880371,-0.12199050188064575,-0.194699227809906,-0.028014421463012695,-0.18585020303726196,-0.04230588674545288,-0.25702834129333496,-0.05037587881088257,-0.3007434606552124,-0.05547899007797241,-0.3376234769821167,0.007979631423950195,-0.18730908632278442,0.008845329284667969,-0.2642149329185486,0.010827302932739258,-0.31287139654159546,0.012612521648406982,-0.3541772663593292,0.04035979509353638,-0.16955703496932983,0.06219935417175293,-0.23491930961608887,0.07855528593063354,-0.275884747505188,0.09080976247787476,-0.31275445222854614,0.06725233793258667,-0.13675230741500854,0.10189902782440186,-0.1750016212463379,0.12497842311859131,-0.20068877935409546,0.14358407258987427,-0.22635126113891602
1,0.0,0.0,-0.04596900939941406,-0.03472810983657837,-0.07681763172149658,-0.09839397668838501,-0.09702324867248535,-0.15125387907028198,-0.12274408340454102,-0.18462014198303223,-0.029278814792633057,-0.18103212118148804,-0.04220694303512573,-0.24943971633911133,-0.048516035079956055,-0.29244422912597656,-0.0515822172164917,-0.3287653923034668,0.004825413227081299,-0.18474137783050537,0.005697309970855713,-0.2585214376449585,0.008866965770721436,-0.30304551124572754,0.013553023338317871,-0.340490460395813,0.03514301776885986,-0.16944760084152222,0.05162703990936279,-0.23405033349990845,0.06606400012969971,-0.2713543176651001,0.07822656631469727,-0.30519652366638184,0.061642467975616455,-0.13939028978347778,0.08937865495681763,-0.17934012413024902,0.1093895435333252,-0.20285677909851074,0.1266067624092102,-0.22587502002716064
1,0.0,0.0,-0.04751688241958618,-0.03272426128387451,-0.07770812511444092,-0.09017521142959595,-0.09847497940063477,-0.13851302862167358,-0.12333744764328003,-0.17111623287200928,-0.025013625621795654,-0.17500275373458862,-0.037108421325683594,-0.24402588605880737,-0.044298648834228516,-0.2859572172164917,-0.049646973609924316,-0.32171177864074707,0.010301172733306885,-0.17663812637329102,0.011613309383392334,-0.25071585178375244,0.013234853744506836,-0.29572343826293945,0.015974342823028564,-0.3336440920829773,0.041501760482788086,-0.1589566469192505,0.05998384952545166,-0.22297996282577515,0.07401901483535767,-0.2622804045677185,0.08536034822463989,-0.29721754789352417,0.06774622201919556,-0.127591073513031,0.09829068183898926,-0.1683748960494995,0.11907970905303955,-0.19335806369781494,0.13602828979492188,-0.2173505425453186
1,0.0,0.0,-0.04069302976131439,-0.026682019233703613,-0.06886187195777893,-0.07965004444122314,-0.08515042066574097,-0.12019717693328857,-0.10335192084312439,-0.14987558126449585,-0.05015262961387634,-0.17416518926620483,-0.0698556900024414,-0.23670387268066406,-0.08349683880805969,-0.2743724584579468,-0.09538722038269043,-0.30647599697113037,-0.023495912551879883,-0.18404453992843628,-0.030054181814193726,-0.25736063718795776,-0.03954170644283295,-0.30299174785614014,-0.05014103651046753,-0.34036684036254883,0.0021237432956695557,-0.1764209270477295,0.015164077281951904,-0.24695181846618652,0.02009722590446472,-0.29191040992736816,0.021095186471939087,-0.33014386892318726,0.024299979209899902,-0.15232795476913452,0.04793977737426758,-0.19782888889312744,0.05920112133026123,-0.23200440406799316,0.06630277633666992,-0.2642301917076111
1,0.0,0.0,-0.04252713918685913,-0.026949822902679443,-0.06881119310855865,-0.08140116930007935,-0.08334533870220184,-0.12161219120025635,-0.09949979186058044,-0.14925867319107056,-0.053209200501441956,-0.17473304271697998,-0.07034380733966827,-0.23438048362731934,-0.08363902568817139,-0.2694486975669861,-0.09704695641994476,-0.30045485496520996,-0.027616426348686218,-0.18439549207687378,-0.031802013516426086,-0.2556774616241455,-0.04288820922374725,-0.29976940155029297,-0.05650739371776581,-0.33579355478286743,-0.0041550397872924805,-0.17606031894683838,0.009434565901756287,-0.24590128660202026,0.012052968144416809,-0.2924325466156006,0.010247364640235901,-0.33237195014953613,0.014848902821540833,-0.15146148204803467,0.036377325654029846,-0.19911956787109375,0.0464334636926651,-0.23483556509017944,0.05245967209339142,-0.2676238417625427
1,0.0,0.0,-0.04702603816986084,-0.02248358726501465,-0.07931959629058838,-0.06887286901473999,-0.10149815678596497,-0.1072462797164917,-0.12608999013900757,-0.13737481832504272,-0.05054974555969238,-0.1576346755027771,-0.07399621605873108,-0.22336679697036743,-0.08935430645942688,-0.26172834634780884,-0.10376414656639099,-0.29590922594070435,-0.01374661922454834,-0.16705036163330078,-0.022221684455871582,-0.24096620082855225,-0.03117343783378601,-0.2852966785430908,-0.041571348905563354,-0.3242499828338623,0.022154957056045532,-0.15342199802398682,0.03350573778152466,-0.2238186001777649,0.039427250623703,-0.2666497826576233,0.041151225566864014,-0.307794451713562,0.05459699034690857,-0.1215900182723999,0.07613924145698547,-0.16482418775558472,0.08803251385688782,-0.19370383024215698,0.09599614143371582,-0.2234492301940918
1,0.0,0.0,-0.04682666063308716,-0.03988075256347656,-0.07628795504570007,-0.09718084335327148,-0.09112221002578735,-0.14731824398040771,-0.11031052470207214,-0.1821824312210083,-0.030621051788330078,-0.18936467170715332,-0.049021393060684204,-0.26088541746139526,-0.06183892488479614,-0.30254262685775757,-0.07367521524429321,-0.3385438919067383,0.00641477108001709,-0.19497156143188477,0.004096925258636475,-0.27281129360198975,-0.000567317008972168,-0.32062989473342896,-0.005739867687225342,-0.3609844446182251,0.04057067632675171,-0.17849111557006836,0.058560073375701904,-0.2497360110282898,0.07004779577255249,-0.2935273051261902,0.0784955620765686,-0.331661581993103,0.07019567489624023,-0.14483052492141724,0.10055500268936157,-0.1856575608253479,0.12066584825515747,-0.21376168727874756,0.13738948106765747,-0.239737868309021
1,0.0,0.0,-0.045120835304260254,-0.042661428451538086,-0.07437896728515625,-0.11187183856964111,-0.09372705221176147,-0.1656280755996704,-0.11873286962509155,-0.1997694969177246,-0.023031175136566162,-0.18846362829208374,-0.03818166255950928,-0.2608017921447754,-0.0472293496131897,-0.3049255609512329,-0.05364185571670532,-0.34291285276412964,0.0127638578414917,-0.18878179788589478,0.013605654239654541,-0.2659013271331787,0.015337169170379639,-0.3127173185348511,0.01714181900024414,-0.3525625467300415,0.04442721605300903,-0.16999733448028564,0.06636476516723633,-0.2357603907585144,0.08161318302154541,-0.2752618193626404,0.093192458152771,-0.31145942211151123,0.07100862264633179,-0.13601148128509521,0.10400032997131348,-0.1746411919593811,0.12654179334640503,-0.19905900955200195,0.14498573541641235,-0.22359633445739746
1,0.0,0.0,-0.04492342472076416,-0.03895139694213867,-0.07608234882354736,-0.10403460264205933,-0.09782177209854126,-0.15557903051376343,-0.12291795015335083,-0.189527690410614,-0.027485370635986328,-0.18125855922698975,-0.0433768630027771,-0.2520655393600464,-0.05237770080566406,-0.2958275079727173,-0.058161020278930664,-0.33326268196105957,0.006410777568817139,-0.1828668713569641,0.006043672561645508,-0.2578839659690857,0.008062183856964111,-0.304587721824646,0.010659217834472656,-0.3445141315460205,0.0375027060508728,-0.16521239280700684,0.05631953477859497,-0.23053419589996338,0.07118338346481323,-0.26983392238616943,0.0828772783279419,-0.3061002492904663,0.06480562686920166,-0.13265424966812134,0.09560030698776245,-0.17182433605194092,0.11693662405014038,-0.19667112827301025,0.1344638466835022,-0.22169464826583862
1,0.0,0.0,-0.047539591789245605,-0.034855782985687256,-0.0786084532737732,-0.09742134809494019,-0.10076820850372314,-0.1501644253730774,-0.12818855047225952,-0.18485045433044434,-0.03065347671508789,-0.18199265003204346,-0.047282874584198,-0.2517138719558716,-0.056903958320617676,-0.2958182096481323,-0.06252473592758179,-0.3339141011238098,0.0045136213302612305,-0.1862824559211731,0.003756225109100342,-0.2613406181335449,0.005139172077178955,-0.3084573745727539,0.007559299468994141,-0.35019123554229736,0.036093056201934814,-0.1705493927001953,0.05350041389465332,-0.2363482117652893,0.06849730014801025,-0.27726995944976807,0.08068329095840454,-0.31566816568374634,0.06355667114257812,-0.13911527395248413,0.0944715142250061,-0.1786181926727295,0.11588239669799805,-0.2039821743965149,0.13363957405090332,-0.22978782653808594
1,0.0,0.0,-0.049165308475494385,-0.04375612735748291,-0.07855814695358276,-0.11149865388870239,-0.10079836845397949,-0.16189634799957275,-0.12693250179290771,-0.19104087352752686,-0.030871331691741943,-0.19157058000564575,-0.047202229499816895,-0.25985026359558105,-0.05739855766296387,-0.30375540256500244,-0.06446957588195801,-0.33938223123550415,0.005349397659301758,-0.1952267289161682,0.004549384117126465,-0.27311766147613525,0.005303621292114258,-0.32084333896636963,0.006462156772613525,-0.3600192070007324,0.039232075214385986,-0.17840313911437988,0.058327674865722656,-0.24806201457977295,0.07310646772384644,-0.28954923152923584,0.08552992343902588,-0.3272690773010254,0.06851422786712646,-0.1456676721572876,0.10221493244171143,-0.1870788335800171,0.12406671047210693,-0.21393030881881714,0.14237678050994873,-0.2403860092163086
1,0.0,0.0,-0.05158495903015137,-0.05182242393493652,-0.08224523067474365,-0.12098664045333862,-0.10421043634414673,-0.17094701528549194,-0.13055109977722168,-0.19837862253189087,-0.03090912103652954,-0.2031267285346985,-0.04691779613494873,-0.2708848714828491,-0.05604708194732666,-0.31695759296417236,-0.06175637245178223,-0.3551179766654968,0.00752413272857666,-0.20637869834899902,0.008145034313201904,-0.283565878868103,0.011331558227539062,-0.33225125074386597,0.014905750751495361,-0.37227192521095276,0.042225003242492676,-0.18915385007858276,0.06382125616073608,-0.2539178133010864,0.08012896776199341,-0.2956172227859497,0.09344661235809326,-0.33301615715026855,0.07182687520980835,-0.1566755771636963,0.10579514503479004,-0.19701355695724487,0.12837761640548706,-0.22182422876358032,0.14720511436462402,-0.24647140502929688
1,0.0,0.0,-0.04823356866836548,-0.03955578804016113,-0.07885909080505371,-0.10088923573493958,-0.09611153602600098,-0.14625582098960876,-0.12023067474365234,-0.16745668649673462,-0.03502434492111206,-0.19231078028678894,-0.0523315966129303,-0.2603185772895813,-0.06405666470527649,-0.30243319272994995,-0.07263025641441345,-0.33796326816082,0.0016239285469055176,-0.20286381244659424,-0.0007103681564331055,-0.2845408618450165,-0.0038765668869018555,-0.3349364250898361,-0.006397604942321777,-0.3765000253915787,0.035175859928131104,-0.1921827793121338,0.05759483575820923,-0.26667848229408264,0.07225525379180908,-0.3109755516052246,0.08312612771987915,-0.3493271768093109,0.06377816200256348,-0.16421765089035034,0.09681171178817749,-0.21584418416023254,0.11891835927963257,-0.2488735020160675,0.13707488775253296,-0.2798704504966736
1,0.0,0.0,-0.045443594455718994,-0.032704055309295654,-0.07230040431022644,-0.0816396176815033,-0.08708059787750244,-0.11920765042304993,-0.10603362321853638,-0.14395847916603088,-0.03853657841682434,-0.1806269884109497,-0.05563652515411377,-0.2437106966972351,-0.06795984506607056,-0.2829063832759857,-0.07698804140090942,-0.3163333833217621,-0.0073449015617370605,-0.19258442521095276,-0.010176420211791992,-0.27121925354003906,-0.016003727912902832,-0.31943321228027344,-0.022260725498199463,-0.3581092059612274,0.022428303956985474,-0.18517696857452393,0.04111960530281067,-0.2606348395347595,0.051597028970718384,-0.30563628673553467,0.05794203281402588,-0.3426865190267563,0.04840543866157532,-0.1612018644809723,0.07733941078186035,-0.21704158186912537,0.09383359551429749,-0.2522020936012268,0.10571745038032532,-0.2840625047683716
1,0.0,0.0,-0.04278859496116638,-0.026019036769866943,-0.06668931245803833,-0.06991791725158691,-0.07924887537956238,-0.10020089149475098,-0.09294304251670837,-0.11493974924087524,-0.052367642521858215,-0.1678491234779358,-0.06974668800830841,-0.219479501247406,-0.08427979052066803,-0.24871721863746643,-0.09829121828079224,-0.2735198736190796,-0.0293806791305542,-0.182705819606781,-0.03923487663269043,-0.2535299062728882,-0.05342996120452881,-0.29572123289108276,-0.0678703784942627,-0.32853996753692627,-0.005974292755126953,-0.18068188428878784,0.0043363869190216064,-0.2532670199871063,0.0037901699542999268,-0.2991396486759186,0.0001239180564880371,-0.33805274963378906,0.014293462038040161,-0.16286298632621765,0.032092541456222534,-0.21748870611190796,0.038161277770996094,-0.2573162317276001,0.040667325258255005,-0.29340749979019165
1,0.0,0.0,-0.04902994632720947,-0.033110857009887695,-0.08009260892868042,-0.0875285267829895,-0.10077130794525146,-0.1281799077987671,-0.12403887510299683,-0.14893129467964172,-0.03815549612045288,-0.16569647192955017,-0.05590188503265381,-0.22669166326522827,-0.06613010168075562,-0.26493656635284424,-0.073353111743927,-0.2977612614631653,-0.004525721073150635,-0.1729380488395691,-0.007607161998748779,-0.24391034245491028,-0.00991523265838623,-0.28768330812454224,-0.011542320251464844,-0.32535961270332336,0.026199162006378174,-0.16202136874198914,0.04246717691421509,-0.22505760192871094,0.05449855327606201,-0.263039767742157,0.06394296884536743,-0.2965840697288513,0.05247914791107178,-0.13688820600509644,0.08165735006332397,-0.17937302589416504,0.10034286975860596,-0.20644685626029968,0.11535191535949707,-0.23301997780799866
1,0.0,0.0,-0.049271345138549805,-0.02699887752532959,-0.08115965127944946,-0.08214876055717468,-0.10133540630340576,-0.12483859062194824,-0.1252925992012024,-0.1438520848751068,-0.0409054160118103,-0.16716161370277405,-0.06026482582092285,-0.22910767793655396,-0.07212579250335693,-0.26671749353408813,-0.08114504814147949,-0.29815012216567993,-0.007268309593200684,-0.17688512802124023,-0.011154651641845703,-0.24840271472930908,-0.01576894521713257,-0.29288336634635925,-0.020102202892303467,-0.330310195684433,0.0238802433013916,-0.16736173629760742,0.041146695613861084,-0.23488861322402954,0.052366435527801514,-0.2756478786468506,0.06028777360916138,-0.3100731372833252,0.05013227462768555,-0.1430651843547821,0.07939982414245605,-0.1890796720981598,0.09790503978729248,-0.21792817115783691,0.11218005418777466,-0.24476352334022522
1,0.0,0.0,-0.04890787601470947,-0.021762847900390625,-0.08533921837806702,-0.07221919298171997,-0.10690397024154663,-0.11187544465065002,-0.1302351951599121,-0.1290956735610962,-0.05813413858413696,-0.1651439368724823,-0.08319735527038574,-0.2256394326686859,-0.09975683689117432,-0.2621183395385742,-0.11367347836494446,-0.29144564270973206,-0.026507049798965454,-0.17951250076293945,-0.039475083351135254,-0.25400272011756897,-0.04982677102088928,-0.3007535934448242,-0.06143641471862793,-0.3391782194375992,0.004580497741699219,-0.17535468935966492,0.01401972770690918,-0.24622690677642822,0.019353091716766357,-0.2930397689342499,0.020269811153411865,-0.3327704519033432,0.03248804807662964,-0.15584686398506165,0.05571621656417847,-0.20806342363357544,0.06974947452545166,-0.24282768368721008,0.07949960231781006,-0.27389997243881226
1,0.0,0.0,-0.04995065927505493,-0.022473514080047607,-0.08737504482269287,-0.07448387145996094,-0.10935795307159424,-0.11594876646995544,-0.13298848271369934,-0.13401645421981812,-0.061621397733688354,-0.16629043221473694,-0.08694115281105042,-0.22677209973335266,-0.10297036170959473,-0.2646317183971405,-0.11614644527435303,-0.29584115743637085,-0.02904820442199707,-0.18117910623550415,-0.042788028717041016,-0.255329966545105,-0.05269518494606018,-0.3025071620941162,-0.06322276592254639,-0.3412471115589142,0.0027655959129333496,-0.1769373118877411,0.011474430561065674,-0.24826332926750183,0.01780158281326294,-0.29448315501213074,0.019856691360473633,-0.33373358845710754,0.03097522258758545,-0.15705925226211548,0.05320727825164795,-0.21000456809997559,0.06715846061706543,-0.24561801552772522,0.07707512378692627,-0.2779328227043152
1,0.0,0.0,-0.05141031742095947,-0.02156805992126465,-0.09106594324111938,-0.07520288228988647,-0.11584854125976562,-0.11813041567802429,-0.14181393384933472,-0.13797393441200256,-0.06572294235229492,-0.170490562915802,-0.09266477823257446,-0.23144406080245972,-0.11024254560470581,-0.2685815691947937,-0.12475782632827759,-0.2989611327648163,-0.033417463302612305,-0.18695801496505737,-0.04829162359237671,-0.26279252767562866,-0.05961298942565918,-0.3106660842895508,-0.07151514291763306,-0.3500382602214813,-0.0010516643524169922,-0.183287113904953,0.007221043109893799,-0.2574109733104706,0.012192189693450928,-0.3071157932281494,0.012900948524475098,-0.35022348165512085,0.0285261869430542,-0.16325825452804565,0.05094099044799805,-0.21845903992652893,0.06489938497543335,-0.2558201551437378,0.07474148273468018,-0.29003503918647766
1,0.0,0.0,-0.052429139614105225,-0.021829307079315186,-0.09312617778778076,-0.0742945671081543,-0.11879557371139526,-0.1167028546333313,-0.14535248279571533,-0.1379462480545044,-0.0697026252746582,-0.17047077417373657,-0.09795194864273071,-0.23023012280464172,-0.11694782972335815,-0.26613378524780273,-0.13359680771827698,-0.2951357960700989,-0.03772413730621338,-0.18830689787864685,-0.054820120334625244,-0.2629144787788391,-0.06826514005661011,-0.30952784419059753,-0.08239293098449707,-0.34744057059288025,-0.005523979663848877,-0.185770183801651,-0.0006614923477172852,-0.260111540555954,0.0008993744850158691,-0.30967897176742554,-0.0012597441673278809,-0.35252174735069275,0.024439752101898193,-0.16663753986358643,0.040105462074279785,-0.22293633222579956,0.04870802164077759,-0.2611086368560791,0.05345511436462402,-0.29683738946914673
1,0.0,0.0,-0.053478896617889404,-0.023034751415252686,-0.09362077713012695,-0.07752734422683716,-0.11919498443603516,-0.12153047323226929,-0.14550384879112244,-0.14503678679466248,-0.06768167018890381,-0.17253708839416504,-0.0957680344581604,-0.2332361936569214,-0.11397731304168701,-0.27001097798347473,-0.1291256546974182,-0.30151206254959106,-0.03507804870605469,-0.18987444043159485,-0.0509677529335022,-0.26490411162376404,-0.0634649395942688,-0.311690092086792,-0.07641559839248657,-0.35123300552368164,-0.0021488070487976074,-0.18629810214042664,0.005009293556213379,-0.2608222961425781,0.007514536380767822,-0.31043699383735657,0.0060683488845825195,-0.3539995551109314,0.028272688388824463,-0.16617995500564575,0.04831176996231079,-0.22275400161743164,0.059466004371643066,-0.2609025537967682,0.0661916732788086,-0.2970566749572754
1,0.0,0.0,-0.05379617214202881,-0.023755013942718506,-0.0936737060546875,-0.08071869611740112,-0.11759841442108154,-0.1262226104736328,-0.1432151198387146,-0.1492762565612793,-0.0641295313835144,-0.17359378933906555,-0.0909082293510437,-0.23590856790542603,-0.10801082849502563,-0.2741491198539734,-0.122111976146698,-0.3067915737628937,-0.03072720766067505,-0.1894376277923584,-0.04461872577667236,-0.2647177577018738,-0.0559425950050354,-0.3119998574256897,-0.06807047128677368,-0.3526042699813843,0.0022228360176086426,-0.18480148911476135,0.011070668697357178,-0.2582702040672302,0.015366733074188232,-0.3080885410308838,0.015340030193328857,-0.35259801149368286,0.032364070415496826,-0.1640285849571228,0.054319918155670166,-0.2194700837135315,0.06701213121414185,-0.2568912208080292,0.07514727115631104,-0.2929334044456482
0,0.0,0.0,-0.07982802391052246,-0.03279668092727661,-0.1556030511856079,-0.12712091207504272,-0.15922081470489502,-0.23436224460601807,-0.0986706018447876,-0.2698759436607361,-0.1290178894996643,-0.25310903787612915,-0.14437437057495117,-0.3201524317264557,-0.1300249695777893,-0.22881251573562622,-0.12042653560638428,-0.21440929174423218,-0.07626926898956299,-0.2602939009666443,-0.08780717849731445,-0.32172107696533203,-0.0823851227760315,-0.20729362964630127,-0.08006173372268677,-0.20649170875549316,-0.023270487785339355,-0.2549452781677246,-0.030454277992248535,-0.3105344772338867,-0.034337759017944336,-0.1974664330482483,-0.034831345081329346,-0.19150322675704956,0.034404456615448,-0.24261903762817383,0.020406603813171387,-0.28754907846450806,0.009985566139221191,-0.2093874216079712,0.009748101234436035,-0.1945592164993286
0,0.0,0.0,-0.07893264293670654,-0.03273719549179077,-0.15469622611999512,-0.12642329931259155,-0.16019046306610107,-0.23595130443572998,-0.09956014156341553,-0.2761722803115845,-0.13046759366989136,-0.25662297010421753,-0.14720380306243896,-0.32352563738822937,-0.12953877449035645,-0.231644868850708,-0.1197693943977356,-0.22175925970077515,-0.07713508605957031,-0.2638310194015503,-0.0883263349533081,-0.32482630014419556,-0.08083820343017578,-0.2083718180656433,-0.0814407467842102,-0.21266275644302368,-0.023535490036010742,-0.25824713706970215,-0.030436575412750244,-0.31018155813217163,-0.031824588775634766,-0.1949276328086853,-0.03364396095275879,-0.19478237628936768,0.0346372127532959,-0.2464420199394226,0.021605193614959717,-0.28765153884887695,0.012700498104095459,-0.20784741640090942,0.011589586734771729,-0.19643747806549072
0,0.0,0.0,-0.07908135652542114,-0.032380759716033936,-0.15452945232391357,-0.12671935558319092,-0.15967077016830444,-0.23567163944244385,-0.09893941879272461,-0.27485591173171997,-0.1290767788887024,-0.25522345304489136,-0.14634579420089722,-0.3232530951499939,-0.1293131709098816,-0.23005855083465576,-0.11914259195327759,-0.2189916968345642,-0.07576656341552734,-0.26214319467544556,-0.08776140213012695,-0.3244904577732086,-0.08109009265899658,-0.20779573917388916,-0.08023655414581299,-0.21058213710784912,-0.022305786609649658,-0.2565203905105591,-0.029899120330810547,-0.3105430006980896,-0.03192496299743652,-0.19467568397521973,-0.03219282627105713,-0.19273990392684937,0.03592640161514282,-0.24488860368728638,0.021948635578155518,-0.28759562969207764,0.012624084949493408,-0.2073765993118286,0.01263517141342163,-0.1948314905166626
0,0.0,0.0,-0.07852005958557129,-0.033154845237731934,-0.15429407358169556,-0.1259729266166687,-0.16118961572647095,-0.234907329082489,-0.10115277767181396,-0.276491641998291,-0.1297408938407898,-0.2561625838279724,-0.14788949489593506,-0.3240780830383301,-0.13015538454055786,-0.23241573572158813,-0.11910712718963623,-0.2213260531425476,-0.07663822174072266,-0.26395338773727417,-0.08870023488998413,-0.32518431544303894,-0.08147686719894409,-0.20928841829299927,-0.0808064341545105,-0.21252429485321045,-0.023052334785461426,-0.2583532929420471,-0.030748426914215088,-0.31121015548706055,-0.03266870975494385,-0.19648009538650513,-0.03380751609802246,-0.19563543796539307,0.03538322448730469,-0.24622774124145508,0.021172821521759033,-0.2884385585784912,0.011990964412689209,-0.20874625444412231,0.011463165283203125,-0.1967596411705017
0,0.0,0.0,-0.07820147275924683,-0.03134441375732422,-0.1539018154144287,-0.1250097155570984,-0.16133880615234375,-0.23415154218673706,-0.10135316848754883,-0.27499520778656006,-0.12855422496795654,-0.2533641457557678,-0.14780819416046143,-0.32378092408180237,-0.13096779584884644,-0.2303551435470581,-0.12033355236053467,-0.2190912365913391,-0.07522940635681152,-0.2613862156867981,-0.08887022733688354,-0.3243139684200287,-0.08193725347518921,-0.20728367567062378,-0.07952821254730225,-0.20963096618652344,-0.021721363067626953,-0.256056010723114,-0.031092166900634766,-0.30883321166038513,-0.03274637460708618,-0.19396209716796875,-0.030969858169555664,-0.19265025854110718,0.03672915697097778,-0.24444562196731567,0.02111339569091797,-0.28652966022491455,0.0118446946144104,-0.20783329010009766,0.013177335262298584,-0.19544541835784912
0,0.0,0.0,-0.07917517423629761,-0.03223538398742676,-0.1554926633834839,-0.1271677017211914,-0.16311103105545044,-0.2355024218559265,-0.1023935079574585,-0.27280741930007935,-0.1292022466659546,-0.2545098066329956,-0.14955073595046997,-0.3242853581905365,-0.13166552782058716,-0.23083990812301636,-0.12041598558425903,-0.21909761428833008,-0.0759618878364563,-0.2623997926712036,-0.09007441997528076,-0.32389897108078003,-0.08237534761428833,-0.20703691244125366,-0.07998937368392944,-0.20945954322814941,-0.022528111934661865,-0.2569485306739807,-0.032560527324676514,-0.3087891936302185,-0.03353065252304077,-0.19397109746932983,-0.03165048360824585,-0.19295305013656616,0.03594082593917847,-0.24532651901245117,0.020196378231048584,-0.2869528532028198,0.01138448715209961,-0.20831912755966187,0.013071238994598389,-0.19635993242263794
0,0.0,0.0,-0.07903558015823364,-0.032334744930267334,-0.1557215452194214,-0.1286846399307251,-0.164517343044281,-0.2373993992805481,-0.10444021224975586,-0.2730245590209961,-0.12939471006393433,-0.25540482997894287,-0.1498296856880188,-0.3258165121078491,-0.1323367953300476,-0.23296326398849487,-0.1211288571357727,-0.22024089097976685,-0.07650071382522583,-0.2636931538581848,-0.09033918380737305,-0.32511091232299805,-0.08284050226211548,-0.20869094133377075,-0.08111315965652466,-0.21102464199066162,-0.023061096668243408,-0.2584335207939148,-0.033171653747558594,-0.31060582399368286,-0.03403562307357788,-0.19638216495513916,-0.03287440538406372,-0.195389986038208,0.03532886505126953,-0.24705350399017334,0.019378483295440674,-0.2891716957092285,0.010900020599365234,-0.21037262678146362,0.012441933155059814,-0.19830572605133057
0,0.0,0.0,-0.07924067974090576,-0.0313793420791626,-0.15613222122192383,-0.12731462717056274,-0.16456997394561768,-0.23611897230148315,-0.10406643152236938,-0.2718327045440674,-0.12928014993667603,-0.2525407075881958,-0.14919161796569824,-0.32432377338409424,-0.1319957971572876,-0.2312544584274292,-0.12140947580337524,-0.21716398000717163,-0.07645857334136963,-0.2611433267593384,-0.09028136730194092,-0.3234555721282959,-0.08261340856552124,-0.20784932374954224,-0.08098304271697998,-0.20901155471801758,-0.02333652973175049,-0.2564612030982971,-0.03373140096664429,-0.30910539627075195,-0.03422635793685913,-0.19533413648605347,-0.03320688009262085,-0.193426251411438,0.03478848934173584,-0.24570590257644653,0.018284261226654053,-0.28742408752441406,0.009980440139770508,-0.20847177505493164,0.011391997337341309,-0.19555819034576416
0,0.0,0.0,-0.07909578084945679,-0.03199833631515503,-0.15595906972885132,-0.12915349006652832,-0.1628146767616272,-0.23843377828598022,-0.10143369436264038,-0.27222561836242676,-0.12825018167495728,-0.25296610593795776,-0.14785540103912354,-0.32433435320854187,-0.13103890419006348,-0.23113280534744263,-0.1203467845916748,-0.21698719263076782,-0.07519054412841797,-0.2611306309700012,-0.08904379606246948,-0.3242605924606323,-0.0818910002708435,-0.20845860242843628,-0.07981115579605103,-0.20878732204437256,-0.021959245204925537,-0.25588321685791016,-0.0320853590965271,-0.30959004163742065,-0.0332188606262207,-0.19569718837738037,-0.03187680244445801,-0.19261759519577026,0.03618288040161133,-0.24422109127044678,0.020044684410095215,-0.28702956438064575,0.01108628511428833,-0.20837336778640747,0.012287437915802002,-0.19465738534927368
0,0.0,0.0,-0.07872086763381958,-0.03233194351196289,-0.15611696243286133,-0.13089066743850708,-0.16431158781051636,-0.2398608922958374,-0.10278159379959106,-0.27350878715515137,-0.12896203994750977,-0.2549705505371094,-0.14859825372695923,-0.3267689049243927,-0.13167262077331543,-0.23236554861068726,-0.12128961086273193,-0.21917301416397095,-0.07583975791931152,-0.2632710337638855,-0.08978807926177979,-0.3259519040584564,-0.08278799057006836,-0.20901668071746826,-0.08114379644393921,-0.211367666721344,-0.022545576095581055,-0.25814270973205566,-0.03305625915527344,-0.31061244010925293,-0.033845365047454834,-0.19613432884216309,-0.031899213790893555,-0.19510161876678467,0.03565722703933716,-0.24753940105438232,0.01916360855102539,-0.28886890411376953,0.010630905628204346,-0.21011477708816528,0.01267385482788086,-0.19799906015396118
0,0.0,0.0,-0.08089911937713623,-0.031787097454071045,-0.1587277054786682,-0.13141179084777832,-0.16652286052703857,-0.23910647630691528,-0.10513508319854736,-0.2711450457572937,-0.12924355268478394,-0.2507232427597046,-0.15013939142227173,-0.32158565521240234,-0.13331085443496704,-0.22791212797164917,-0.1226760745048523,-0.21550333499908447,-0.07532483339309692,-0.25956106185913086,-0.0918627381324768,-0.31992268562316895,-0.08398407697677612,-0.20344996452331543,-0.07921820878982544,-0.204828143119812,-0.021889805793762207,-0.25541841983795166,-0.036489009857177734,-0.30359160900115967,-0.03559762239456177,-0.1899295449256897,-0.02996760606765747,-0.1897505521774292,0.0363350510597229,-0.24618881940841675,0.015383720397949219,-0.28298306465148926,0.008434951305389404,-0.2049729824066162,0.01422739028930664,-0.19498318433761597
0,0.0,0.0,-0.08813339471817017,-0.03339517116546631,-0.16874200105667114,-0.1331017017364502,-0.1762322187423706,-0.2379235029220581,-0.11436158418655396,-0.2512516975402832,-0.1317920684814453,-0.23895162343978882,-0.15482163429260254,-0.30172300338745117,-0.1373755931854248,-0.20940417051315308,-0.12718117237091064,-0.20167553424835205,-0.07724416255950928,-0.2487860918045044,-0.09737658500671387,-0.29910027980804443,-0.08658427000045776,-0.18662947416305542,-0.08006620407104492,-0.19059866666793823,-0.023967087268829346,-0.2473238706588745,-0.043860673904418945,-0.29308849573135376,-0.03943902254104614,-0.18151366710662842,-0.03066807985305786,-0.1822795867919922,0.033680737018585205,-0.24081844091415405,0.007442116737365723,-0.27515268325805664,0.0035622715950012207,-0.1974760890007019,0.013227701187133789,-0.18720287084579468
0,0.0,0.0,-0.0892409086227417,-0.03137141466140747,-0.1706240177154541,-0.12941747903823853,-0.18133419752120972,-0.23091262578964233,-0.12096929550170898,-0.23455923795700073,-0.13482505083084106,-0.22571271657943726,-0.16057920455932617,-0.2839188575744629,-0.14204096794128418,-0.19696247577667236,-0.1305149793624878,-0.18744635581970215,-0.08157157897949219,-0.23614436388015747,-0.10457998514175415,-0.28003162145614624,-0.09207314252853394,-0.1729598045349121,-0.08436882495880127,-0.17464733123779297,-0.02990102767944336,-0.23583006858825684,-0.0536038875579834,-0.2724653482437134,-0.046955764293670654,-0.1677303910255432,-0.03714543581008911,-0.16852957010269165,0.024956047534942627,-0.23112934827804565,-0.005210995674133301,-0.25527065992355347,-0.006144523620605469,-0.18335705995559692,0.006596028804779053,-0.17628681659698486
0,0.0,0.0,-0.08765411376953125,-0.028166770935058594,-0.1689203977584839,-0.1269909143447876,-0.18094402551651,-0.22857224941253662,-0.12161314487457275,-0.23234045505523682,-0.13465803861618042,-0.22943347692489624,-0.16203296184539795,-0.2815217971801758,-0.14222538471221924,-0.19771069288253784,-0.12820637226104736,-0.18687444925308228,-0.08230596780776978,-0.24071365594863892,-0.10617685317993164,-0.27821028232574463,-0.09311157464981079,-0.1729428768157959,-0.08361154794692993,-0.17339569330215454,-0.0312732458114624,-0.2386312484741211,-0.0550883412361145,-0.2675732970237732,-0.048643290996551514,-0.16451817750930786,-0.03841805458068848,-0.1652502417564392,0.023235619068145752,-0.23118364810943604,-0.008216619491577148,-0.2492811679840088,-0.009274482727050781,-0.17777693271636963,0.003026604652404785,-0.170956552028656
0,0.0,0.0,-0.0859602689743042,-0.02681112289428711,-0.16708225011825562,-0.1277969479560852,-0.17902547121047974,-0.23044174909591675,-0.12059324979782104,-0.23447751998901367,-0.1321580410003662,-0.23023200035095215,-0.16000956296920776,-0.2832385301589966,-0.14016717672348022,-0.19865792989730835,-0.12626338005065918,-0.1883525848388672,-0.07949471473693848,-0.24107521772384644,-0.10397160053253174,-0.27980655431747437,-0.0911097526550293,-0.1736277937889099,-0.08157974481582642,-0.17428797483444214,-0.02862560749053955,-0.23890584707260132,-0.05289328098297119,-0.26871389150619507,-0.046526551246643066,-0.1650632619857788,-0.035569965839385986,-0.16561907529830933,0.025460004806518555,-0.2318580150604248,-0.0056056976318359375,-0.24855124950408936,-0.0070702433586120605,-0.17680221796035767,0.0051680803298950195,-0.17021244764328003
0,0.0,0.0,-0.07806295156478882,-0.04501926898956299,-0.1469719409942627,-0.14710313081741333,-0.16291332244873047,-0.2593075633049011,-0.1081344485282898,-0.30492299795150757,-0.11990278959274292,-0.2718365788459778,-0.13216960430145264,-0.35557591915130615,-0.12019044160842896,-0.2636597752571106,-0.11235088109970093,-0.23289918899536133,-0.06489366292953491,-0.27704930305480957,-0.07305169105529785,-0.35523757338523865,-0.06804347038269043,-0.23823702335357666,-0.06648910045623779,-0.21545588970184326,-0.009045541286468506,-0.26890623569488525,-0.01542884111404419,-0.3404306173324585,-0.018743813037872314,-0.22277134656906128,-0.018963992595672607,-0.19081813097000122,0.05035513639450073,-0.24976712465286255,0.03740334510803223,-0.3075280487537384,0.02526533603668213,-0.22953271865844727,0.02104431390762329,-0.19840025901794434
0,0.0,0.0,-0.0792890191078186,-0.04596388339996338,-0.14764171838760376,-0.1461450457572937,-0.16251587867736816,-0.2569029927253723,-0.1085241436958313,-0.30353283882141113,-0.11892867088317871,-0.2722010612487793,-0.13112807273864746,-0.35527005791664124,-0.11972343921661377,-0.26242583990097046,-0.11240518093109131,-0.2315986156463623,-0.06358033418655396,-0.2757784128189087,-0.07208150625228882,-0.3533110022544861,-0.06818807125091553,-0.2350754737854004,-0.0670284628868103,-0.2122463583946228,-0.007603764533996582,-0.26680827140808105,-0.01441335678100586,-0.33821073174476624,-0.018667638301849365,-0.21951282024383545,-0.018773913383483887,-0.18770617246627808,0.051867544651031494,-0.2470117211341858,0.038364946842193604,-0.3046090006828308,0.025735974311828613,-0.22643691301345825,0.02177596092224121,-0.1962728500366211
0,0.0,0.0,-0.08767938613891602,-0.09772944450378418,-0.1339682936668396,-0.17510443925857544,-0.16708320379257202,-0.23621094226837158,-0.16002988815307617,-0.3003399968147278,-0.02503257989883423,-0.30954766273498535,-0.1151692271232605,-0.35436487197875977,-0.1265336275100708,-0.2715817093849182,-0.10308361053466797,-0.23496800661087036,-0.0023876428604125977,-0.30807042121887207,-0.11287862062454224,-0.357488214969635,-0.12674176692962646,-0.2618257999420166,-0.09109723567962646,-0.23179692029953003,0.007950961589813232,-0.2941432595252991,-0.10579222440719604,-0.33792242407798767,-0.11954331398010254,-0.24486058950424194,-0.08185166120529175,-0.21822768449783325,0.003589630126953125,-0.2662732005119324,-0.09085434675216675,-0.29611772298812866,-0.10437345504760742,-0.22896212339401245,-0.07183438539505005,-0.19890308380126953
0,0.0,0.0,0.0357784628868103,-0.09783905744552612,0.02564173936843872,-0.18173307180404663,-0.006852269172668457,-0.23156410455703735,-0.040168702602386475,-0.23362314701080322,0.02971547842025757,-0.2587701082229614,-0.029958367347717285,-0.3023962378501892,-0.03856605291366577,-0.2620313763618469,-0.02806246280670166,-0.23539263010025024,-0.018372178077697754,-0.24907106161117554,-0.07089865207672119,-0.2795373797416687,-0.0761365294456482,-0.23932814598083496,-0.06041759252548218,-0.21299755573272705,-0.06473922729492188,-0.2206254005432129,-0.10249781608581543,-0.24254989624023438,-0.10095512866973877,-0.20344024896621704,-0.08448255062103271,-0.18055027723312378,-0.10646790266036987,-0.1829165816307068,-0.12524515390396118,-0.19747060537338257,-0.1164400577545166,-0.16236865520477295,-0.10082614421844482,-0.13897496461868286
0,0.0,0.0,0.044339001178741455,-0.09348124265670776,0.03851354122161865,-0.18055570125579834,0.007761359214782715,-0.2362721562385559,-0.026531457901000977,-0.24308758974075317,0.04621964693069458,-0.25871312618255615,-0.011548519134521484,-0.31505632400512695,-0.021563172340393066,-0.2742841839790344,-0.012009978294372559,-0.2437308430671692,-0.004464209079742432,-0.2517298460006714,-0.05486577749252319,-0.2900907099246979,-0.06129962205886841,-0.25000476837158203,-0.047188520431518555,-0.22140657901763916,-0.05445581674575806,-0.22624224424362183,-0.08953654766082764,-0.25721895694732666,-0.08968985080718994,-0.2173149585723877,-0.07568681240081787,-0.19083452224731445,-0.10027766227722168,-0.1929050087928772,-0.11529666185379028,-0.2160530686378479,-0.1080700159072876,-0.17848986387252808,-0.09476053714752197,-0.15143615007400513
0,0.0,0.0,0.04278397560119629,-0.09488368034362793,0.03854715824127197,-0.18206572532653809,0.008514583110809326,-0.23736625909805298,-0.025380969047546387,-0.24616020917892456,0.049492835998535156,-0.2579786777496338,-0.011257588863372803,-0.31126827001571655,-0.02262789011001587,-0.27088573575019836,-0.012703180313110352,-0.24099647998809814,-0.0005499124526977539,-0.25187385082244873,-0.05443328619003296,-0.28822803497314453,-0.061815083026885986,-0.24780488014221191,-0.04681694507598877,-0.22031158208847046,-0.050432682037353516,-0.2279033064842224,-0.08993595838546753,-0.25623074173927307,-0.09108942747116089,-0.21600127220153809,-0.07622390985488892,-0.191259503364563,-0.09671676158905029,-0.19592756032943726,-0.11678433418273926,-0.21926581859588623,-0.11097860336303711,-0.18172842264175415,-0.09742951393127441,-0.15509289503097534
0,0.0,0.0,0.034542202949523926,-0.0964210033416748,0.03229343891143799,-0.18839067220687866,0.003448963165283203,-0.2455114722251892,-0.03356742858886719,-0.2549164891242981,0.050223708152770996,-0.263883113861084,-0.01851058006286621,-0.3137460947036743,-0.03269636631011963,-0.2701475918292999,-0.025131821632385254,-0.24352985620498657,0.005224466323852539,-0.25722384452819824,-0.06120169162750244,-0.29240307211875916,-0.06760990619659424,-0.246426522731781,-0.05148756504058838,-0.2179265022277832,-0.04256194829940796,-0.2345280647277832,-0.09389150142669678,-0.2578282952308655,-0.09335368871688843,-0.21375203132629395,-0.07714623212814331,-0.19165146350860596,-0.09111529588699341,-0.206121563911438,-0.11850923299789429,-0.22232693433761597,-0.11232101917266846,-0.1823796033859253,-0.09874963760375977,-0.1580348014831543
0,0.0,0.0,0.006336808204650879,-0.10042351484298706,-0.009345412254333496,-0.18999755382537842,-0.04066669940948486,-0.24259668588638306,-0.07618075609207153,-0.2601480484008789,0.02320849895477295,-0.26932764053344727,-0.07626616954803467,-0.3072764277458191,-0.08530282974243164,-0.2515321373939514,-0.0670926570892334,-0.2168666124343872,0.0021477341651916504,-0.2639538049697876,-0.10194385051727295,-0.296091228723526,-0.10165923833847046,-0.23836946487426758,-0.07748985290527344,-0.20974725484848022,-0.026713430881500244,-0.24551469087600708,-0.12386667728424072,-0.2706584632396698,-0.12042653560638428,-0.21131712198257446,-0.09534859657287598,-0.18863743543624878,-0.06106036901473999,-0.2183796763420105,-0.13619381189346313,-0.2333659529685974,-0.13167595863342285,-0.18606233596801758,-0.10887044668197632,-0.1643986701965332
0,0.0,0.0,-0.07462507486343384,-0.04753756523132324,-0.1333252191543579,-0.14771878719329834,-0.1424187421798706,-0.24743515253067017,-0.09394228458404541,-0.28473687171936035,-0.0782477855682373,-0.25769972801208496,-0.1023760437965393,-0.3321518301963806,-0.10981720685958862,-0.2506406307220459,-0.09651315212249756,-0.20757544040679932,-0.03611022233963013,-0.2568936347961426,-0.06310546398162842,-0.3319627344608307,-0.07454979419708252,-0.22975820302963257,-0.0563129186630249,-0.1894053816795349,0.007613658905029297,-0.24395543336868286,-0.02618229389190674,-0.30731311440467834,-0.040783703327178955,-0.20507311820983887,-0.02370905876159668,-0.16180241107940674,0.055159568786621094,-0.2187875509262085,0.010679543018341064,-0.27264487743377686,-0.006332337856292725,-0.2065945267677307,0.00813382863998413,-0.16689199209213257
0,0.0,0.0,-0.07833647727966309,-0.05504649877548218,-0.13822484016418457,-0.15301746129989624,-0.14057087898254395,-0.25888997316360474,-0.09092497825622559,-0.31345510482788086,-0.1138983964920044,-0.263450562953949,-0.12779933214187622,-0.35715556144714355,-0.12199652194976807,-0.2761257290840149,-0.11316555738449097,-0.23180031776428223,-0.06501948833465576,-0.2678802013397217,-0.07335704565048218,-0.35755693912506104,-0.07566714286804199,-0.2513987421989441,-0.07222247123718262,-0.2125799059867859,-0.014012813568115234,-0.26200318336486816,-0.021446406841278076,-0.3441017270088196,-0.032794177532196045,-0.2349211573600769,-0.03362530469894409,-0.18401634693145752,0.04103940725326538,-0.24490469694137573,0.024512410163879395,-0.31851476430892944,0.007167398929595947,-0.2488303780555725,0.00296175479888916,-0.20171266794204712
0,0.0,0.0,-0.07533657550811768,-0.060606181621551514,-0.12805789709091187,-0.158919095993042,-0.12704700231552124,-0.26159822940826416,-0.08288002014160156,-0.32027050852775574,-0.1131780743598938,-0.2696536183357239,-0.12198257446289062,-0.3637598156929016,-0.11625677347183228,-0.290133535861969,-0.10917925834655762,-0.23991316556930542,-0.06307709217071533,-0.2750483751296997,-0.06579196453094482,-0.3690871000289917,-0.06800729036331177,-0.26701903343200684,-0.06752973794937134,-0.2191934585571289,-0.010939478874206543,-0.26941561698913574,-0.012094974517822266,-0.35346391797065735,-0.023721396923065186,-0.2499525547027588,-0.028002262115478516,-0.193956196308136,0.04297429323196411,-0.2515438199043274,0.03396284580230713,-0.3307303190231323,0.017086327075958252,-0.26636409759521484,0.009643614292144775,-0.21720266342163086
0,0.0,0.0,-0.07510310411453247,-0.0649452805519104,-0.12348437309265137,-0.1674816608428955,-0.12260574102401733,-0.27035385370254517,-0.08739376068115234,-0.34003642201423645,-0.11628645658493042,-0.27076995372772217,-0.12942039966583252,-0.3681178092956543,-0.11936300992965698,-0.2929707169532776,-0.10981416702270508,-0.24237513542175293,-0.06784909963607788,-0.2808481454849243,-0.07376545667648315,-0.381899893283844,-0.07292896509170532,-0.28195691108703613,-0.06988519430160522,-0.23615896701812744,-0.016269266605377197,-0.27865004539489746,-0.01970672607421875,-0.3700426518917084,-0.029308199882507324,-0.2652454376220703,-0.030733823776245117,-0.20721018314361572,0.03710371255874634,-0.2648887038230896,0.02675527334213257,-0.3465884029865265,0.010703861713409424,-0.28332602977752686,0.00467759370803833,-0.2347429394721985
0,0.0,0.0,-0.07601922750473022,-0.06453859806060791,-0.12492561340332031,-0.16570621728897095,-0.12278306484222412,-0.2690911889076233,-0.08708971738815308,-0.3391251266002655,-0.11565452814102173,-0.27253228425979614,-0.12573647499084473,-0.3698400557041168,-0.11797589063644409,-0.2966683506965637,-0.10933709144592285,-0.24266308546066284,-0.06626754999160767,-0.28139275312423706,-0.07057267427444458,-0.3814274072647095,-0.07134836912155151,-0.28316569328308105,-0.06888675689697266,-0.2332366704940796,-0.014383912086486816,-0.2782789468765259,-0.01704174280166626,-0.3678264021873474,-0.028197109699249268,-0.2647203207015991,-0.030845999717712402,-0.20423048734664917,0.03878253698348999,-0.26318246126174927,0.029265165328979492,-0.3446469306945801,0.012709259986877441,-0.2819114327430725,0.005906403064727783,-0.2318248748779297
0,0.0,0.0,-0.07565099000930786,-0.06060934066772461,-0.12665414810180664,-0.15924733877182007,-0.12334603071212769,-0.2613492012023926,-0.08544921875,-0.32914578914642334,-0.11564260721206665,-0.2732762098312378,-0.12530463933944702,-0.3700266480445862,-0.11867886781692505,-0.29122209548950195,-0.11244422197341919,-0.23848313093185425,-0.06498140096664429,-0.2813013195991516,-0.06894141435623169,-0.38253968954086304,-0.07046610116958618,-0.27904367446899414,-0.07003718614578247,-0.22988122701644897,-0.012174546718597412,-0.2769467830657959,-0.013424098491668701,-0.367561399936676,-0.024312317371368408,-0.26166003942489624,-0.028721392154693604,-0.20332574844360352,0.042166173458099365,-0.26001161336898804,0.034168243408203125,-0.3434264063835144,0.01771092414855957,-0.27964484691619873,0.009458482265472412,-0.23090463876724243
0,0.0,0.0,-0.0758177638053894,-0.049093425273895264,-0.13616174459457397,-0.14644521474838257,-0.13313502073287964,-0.2505609393119812,-0.08323943614959717,-0.30670365691185,-0.118416428565979,-0.2687338590621948,-0.1306818723678589,-0.35886234045028687,-0.1219940185546875,-0.27102744579315186,-0.11374390125274658,-0.22827279567718506,-0.06569749116897583,-0.2754896283149719,-0.071868896484375,-0.36702150106430054,-0.07280176877975464,-0.25586915016174316,-0.07235747575759888,-0.2192755937576294,-0.011426210403442383,-0.2701125144958496,-0.015233635902404785,-0.3472713828086853,-0.024918198585510254,-0.2347193956375122,-0.028803884983062744,-0.18975621461868286,0.046085894107818604,-0.25317639112472534,0.03433316946029663,-0.32554686069488525,0.018829405307769775,-0.25437188148498535,0.012150108814239502,-0.21168434619903564
0,0.0,0.0,-0.07797598838806152,-0.04558783769607544,-0.1463187336921692,-0.1396580934524536,-0.16153377294540405,-0.2454078197479248,-0.11167800426483154,-0.2997097671031952,-0.11581724882125854,-0.2668576240539551,-0.13827723264694214,-0.3571818470954895,-0.1387895941734314,-0.27654337882995605,-0.12770169973373413,-0.23105388879776,-0.06689870357513428,-0.2743070125579834,-0.0843043327331543,-0.3689934015274048,-0.09249013662338257,-0.26438605785369873,-0.08568662405014038,-0.2165522575378418,-0.015741169452667236,-0.2685827612876892,-0.03522616624832153,-0.3534931540489197,-0.047787487506866455,-0.2467150092124939,-0.04184138774871826,-0.19178062677383423,0.03879249095916748,-0.24980521202087402,0.010852456092834473,-0.32321062684059143,-0.0064775943756103516,-0.25363630056381226,-0.003313302993774414,-0.2040083408355713
0,0.0,0.0,-0.08403944969177246,-0.06810277700424194,-0.14251524209976196,-0.15870153903961182,-0.17366069555282593,-0.23461270332336426,-0.15213733911514282,-0.2877570390701294,-0.05864393711090088,-0.3036632239818573,-0.1234121322631836,-0.35888373851776123,-0.1288231611251831,-0.2725527882575989,-0.10358953475952148,-0.2329787015914917,-0.025418341159820557,-0.3056181073188782,-0.10101950168609619,-0.35970014333724976,-0.10817289352416992,-0.24851787090301514,-0.07445305585861206,-0.22175192832946777,0.005595028400421143,-0.2940930724143982,-0.07949864864349365,-0.33827319741249084,-0.09002888202667236,-0.22849929332733154,-0.05623883008956909,-0.19919443130493164,0.02907472848892212,-0.26478832960128784,-0.05104726552963257,-0.3036210238933563,-0.06714779138565063,-0.22892433404922485,-0.039426207542419434,-0.19533658027648926
0,0.0,0.0,-0.0767638087272644,-0.10681390762329102,-0.1116478443145752,-0.1949107050895691,-0.1515687108039856,-0.2578686475753784,-0.1733199954032898,-0.3065448999404907,0.01710265874862671,-0.3248288035392761,-0.09069842100143433,-0.3812907934188843,-0.1063200831413269,-0.30180346965789795,-0.08506685495376587,-0.2620144486427307,0.015204071998596191,-0.3161018490791321,-0.11392050981521606,-0.37258997559547424,-0.12496936321258545,-0.2914270758628845,-0.09228211641311646,-0.25861597061157227,-0.0068343281745910645,-0.2906005382537842,-0.12782561779022217,-0.34678933024406433,-0.131400465965271,-0.2656601667404175,-0.0949813723564148,-0.23477721214294434,-0.043244004249572754,-0.26078248023986816,-0.13865435123443604,-0.3003389835357666,-0.14452379941940308,-0.24072301387786865,-0.11654716730117798,-0.20611423254013062
0,0.0,0.0,-0.0009187459945678711,-0.13477188348770142,-0.01917785406112671,-0.251456081867218,-0.06284868717193604,-0.3180411458015442,-0.10895431041717529,-0.34175872802734375,0.021239638328552246,-0.338223934173584,-0.07927781343460083,-0.38999274373054504,-0.093971848487854,-0.32728350162506104,-0.08216464519500732,-0.30195629596710205,-0.010518491268157959,-0.3159326910972595,-0.1137201189994812,-0.3711163401603699,-0.11787045001983643,-0.2989351153373718,-0.09339720010757446,-0.27019667625427246,-0.05260586738586426,-0.28351277112960815,-0.14175361394882202,-0.33061352372169495,-0.13775348663330078,-0.2651238441467285,-0.11167562007904053,-0.2413644790649414,-0.10486215353012085,-0.24797433614730835,-0.16413897275924683,-0.2940886616706848,-0.15681463479995728,-0.24345070123672485,-0.1384454369544983,-0.21109074354171753
0,0.0,0.0,0.03616458177566528,-0.11824840307235718,0.030604898929595947,-0.2235194444656372,-0.0033947229385375977,-0.28684496879577637,-0.04543721675872803,-0.29889050126075745,0.042705237865448,-0.3193710148334503,-0.030530929565429688,-0.38087621331214905,-0.041719675064086914,-0.3266887068748474,-0.030356645584106445,-0.2968890368938446,-0.008924603462219238,-0.30259668827056885,-0.07820260524749756,-0.3538968861103058,-0.08439570665359497,-0.29929041862487793,-0.06585866212844849,-0.2666081190109253,-0.06261366605758667,-0.26828283071517944,-0.1160460114479065,-0.3206949234008789,-0.1153528094291687,-0.26618248224258423,-0.0974929928779602,-0.235234797000885,-0.11615365743637085,-0.22464853525161743,-0.14677518606185913,-0.2802649140357971,-0.14002090692520142,-0.2346835732460022,-0.12461060285568237,-0.1992313265800476
0,0.0,0.0,-0.08437401056289673,-0.042513132095336914,-0.15056103467941284,-0.11401522159576416,-0.16464316844940186,-0.20883411169052124,-0.12002813816070557,-0.26827675104141235,-0.11937350034713745,-0.21394073963165283,-0.1431172490119934,-0.29072755575180054,-0.1412421464920044,-0.2236514687538147,-0.1300787329673767,-0.17974600195884705,-0.0755494236946106,-0.22835442423820496,-0.09689730405807495,-0.314248651266098,-0.09847754240036011,-0.22381028532981873,-0.08654069900512695,-0.17360249161720276,-0.027824223041534424,-0.23390120267868042,-0.05030900239944458,-0.3127450942993164,-0.05767405033111572,-0.21822085976600647,-0.048338115215301514,-0.15878507494926453,0.025634765625,-0.22697603702545166,-0.0038909912109375,-0.2988754212856293,-0.01785898208618164,-0.23515653610229492,-0.01339644193649292,-0.18049663305282593
0,0.0,0.0,-0.07544171810150146,-0.047922372817993164,-0.12050747871398926,-0.13463091850280762,-0.10997474193572998,-0.2345489263534546,-0.0821465253829956,-0.2952578365802765,-0.1407802700996399,-0.21901866793632507,-0.13864487409591675,-0.3163263201713562,-0.11632555723190308,-0.24083223938941956,-0.11085343360900879,-0.1924537867307663,-0.08794355392456055,-0.23518726229667664,-0.07940065860748291,-0.32592642307281494,-0.0643879771232605,-0.2275233268737793,-0.07081276178359985,-0.1905854344367981,-0.03723424673080444,-0.2430042028427124,-0.025848686695098877,-0.31988437473773956,-0.01991027593612671,-0.2166118621826172,-0.02780669927597046,-0.16984456777572632,0.01274329423904419,-0.24135328829288483,0.017588794231414795,-0.3120709955692291,0.016527533531188965,-0.24810852110385895,0.0083465576171875,-0.20641839504241943
0,0.0,0.0,-0.07013195753097534,-0.05785813927650452,-0.10500431060791016,-0.1496751606464386,-0.09328877925872803,-0.24827545881271362,-0.06701898574829102,-0.30907266587018967,-0.12532341480255127,-0.2381502389907837,-0.1158798336982727,-0.3370901122689247,-0.09556591510772705,-0.2611401826143265,-0.09173119068145752,-0.21250617504119873,-0.07195800542831421,-0.24730351567268372,-0.05848550796508789,-0.337390199303627,-0.04787200689315796,-0.23891742527484894,-0.05517888069152832,-0.20042820274829865,-0.02026146650314331,-0.24954524636268616,-0.004603147506713867,-0.32694775611162186,-0.006410539150238037,-0.22459155321121216,-0.01757204532623291,-0.17484527826309204,0.028820455074310303,-0.24220624566078186,0.03753530979156494,-0.3141944780945778,0.030272960662841797,-0.2523423433303833,0.018863320350646973,-0.2084985226392746
0,0.0,0.0,-0.07115912437438965,-0.08197516202926636,-0.10159099102020264,-0.1920401155948639,-0.08006834983825684,-0.2935061901807785,-0.02904409170150757,-0.33701077103614807,-0.0979306697845459,-0.27462029457092285,-0.0892561674118042,-0.3838343620300293,-0.07544434070587158,-0.2971268743276596,-0.07255572080612183,-0.24248914420604706,-0.04743075370788574,-0.2765215337276459,-0.029870927333831787,-0.37737585604190826,-0.029149353504180908,-0.2723412811756134,-0.037781357765197754,-0.2270452082157135,0.0031481385231018066,-0.27044838666915894,0.02352595329284668,-0.35076340287923813,0.009765803813934326,-0.24736563861370087,-0.00448298454284668,-0.19216221570968628,0.05218243598937988,-0.2547861188650131,0.06578189134597778,-0.33130524307489395,0.050520479679107666,-0.2725922763347626,0.03593665361404419,-0.22409570217132568
0,0.0,0.0,-0.07735759019851685,-0.06835982203483582,-0.12008863687515259,-0.17610467970371246,-0.10259866714477539,-0.2847999781370163,-0.050881147384643555,-0.3322043940424919,-0.08617371320724487,-0.27624577283859253,-0.08195751905441284,-0.3766312450170517,-0.08358854055404663,-0.3000945672392845,-0.08172827959060669,-0.2464705854654312,-0.03732341527938843,-0.2760596126317978,-0.02555781602859497,-0.3702848255634308,-0.03460693359375,-0.2658907175064087,-0.03728371858596802,-0.21276965737342834,0.01135021448135376,-0.26786601543426514,0.02318781614303589,-0.35083335638046265,0.002393066883087158,-0.2477138340473175,-0.007410585880279541,-0.185679093003273,0.06123077869415283,-0.2485671192407608,0.06716841459274292,-0.33050666749477386,0.045710861682891846,-0.2714761048555374,0.032150208950042725,-0.2210097461938858
0,0.0,0.0,-0.07932227849960327,-0.06427299976348877,-0.1327381730079651,-0.1654702126979828,-0.1362515687942505,-0.2730742543935776,-0.08728742599487305,-0.31317826360464096,-0.08973503112792969,-0.27553705871105194,-0.09549188613891602,-0.37162014842033386,-0.09554454684257507,-0.3024989888072014,-0.08584913611412048,-0.24513010680675507,-0.04155224561691284,-0.278581440448761,-0.04347634315490723,-0.37168487906455994,-0.050975024700164795,-0.2704664468765259,-0.04362988471984863,-0.205353781580925,0.006512463092803955,-0.2726097106933594,0.0026872754096984863,-0.3585648834705353,-0.014816045761108398,-0.2599559724330902,-0.013863921165466309,-0.1889313906431198,0.05673950910568237,-0.25325870513916016,0.05051743984222412,-0.3390830084681511,0.025866329669952393,-0.2804257869720459,0.015522480010986328,-0.22045406699180603
0,0.0,0.0,-0.07926714420318604,-0.056729525327682495,-0.13231585919857025,-0.1436586081981659,-0.1557851880788803,-0.22126343846321106,-0.15750451385974884,-0.2690507024526596,-0.09264063835144043,-0.2254617065191269,-0.10906064510345459,-0.30247145891189575,-0.13034331798553467,-0.27654531598091125,-0.13385995477437973,-0.23585891723632812,-0.059803903102874756,-0.2353251874446869,-0.08298738300800323,-0.3183226063847542,-0.0931529700756073,-0.2504563182592392,-0.0779477059841156,-0.18855303525924683,-0.020688921213150024,-0.2384718656539917,-0.04913778603076935,-0.31754134595394135,-0.0610794872045517,-0.24401336908340454,-0.0464940071105957,-0.17863890528678894,0.024330437183380127,-0.2330176830291748,-0.008947521448135376,-0.30531105399131775,-0.031230837106704712,-0.25822262465953827,-0.027129411697387695,-0.20075055956840515
0,0.0,0.0,-0.07584469765424728,-0.055634498596191406,-0.13131149858236313,-0.1408875584602356,-0.1555812582373619,-0.2209649533033371,-0.1332942172884941,-0.2819492518901825,-0.07794573903083801,-0.23340818285942078,-0.10270705819129944,-0.30395787954330444,-0.11471515893936157,-0.23654887080192566,-0.10094955563545227,-0.18181094527244568,-0.048587143421173096,-0.24004101753234863,-0.08134643733501434,-0.3221624791622162,-0.09242426604032516,-0.235096275806427,-0.07147122174501419,-0.1735663115978241,-0.013948306441307068,-0.2408144176006317,-0.05484125763177872,-0.31551453471183777,-0.06722701340913773,-0.23102200031280518,-0.046796202659606934,-0.16473418474197388,0.0225534588098526,-0.23239466547966003,-0.023396506905555725,-0.29808178544044495,-0.04088422656059265,-0.24628494679927826,-0.027897030115127563,-0.19035828113555908
0,0.0,0.0,-0.08737301081418991,-0.035318583250045776,-0.1541604958474636,-0.11937001347541809,-0.1806693896651268,-0.20076468586921692,-0.16331858932971954,-0.2685277611017227,-0.127022422850132,-0.21469783782958984,-0.1660105511546135,-0.2767149806022644,-0.15911170840263367,-0.2076302170753479,-0.134914580732584,-0.15999791026115417,-0.09512577950954437,-0.23013350367546082,-0.13735681027173996,-0.3052429109811783,-0.12572439014911652,-0.21305114030838013,-0.09646447747945786,-0.16045406460762024,-0.05580104887485504,-0.2397540956735611,-0.10554888099431992,-0.30822938680648804,-0.09639322757720947,-0.2162850797176361,-0.06665056943893433,-0.15940165519714355,-0.011184543371200562,-0.23946696519851685,-0.06364874541759491,-0.2913990616798401,-0.06698444485664368,-0.23468655347824097,-0.043692439794540405,-0.19058939814567566
0,0.0,0.0,-0.08389922976493835,-0.04391568899154663,-0.15796247124671936,-0.11898428201675415,-0.19418033957481384,-0.20822617411613464,-0.16687417030334473,-0.27814194560050964,-0.1291658580303192,-0.21990102529525757,-0.16225893795490265,-0.2971976399421692,-0.15901324152946472,-0.2269393503665924,-0.1373463124036789,-0.179080992937088,-0.0955674797296524,-0.23711875081062317,-0.13036906719207764,-0.3253350108861923,-0.12552066147327423,-0.22728335857391357,-0.09832563996315002,-0.17090970277786255,-0.05595660209655762,-0.24694612622261047,-0.09569209814071655,-0.32502521574497223,-0.094195157289505,-0.2274533212184906,-0.06718242168426514,-0.1656200885772705,-0.010372251272201538,-0.24512583017349243,-0.05426749587059021,-0.31366199254989624,-0.06343594193458557,-0.2506142109632492,-0.04425323009490967,-0.19784227013587952
0,0.0,0.0,-0.07807877659797668,-0.025957822799682617,-0.15112227201461792,-0.09331706166267395,-0.1881142109632492,-0.1787029504776001,-0.1568942368030548,-0.24304121732711792,-0.11975550651550293,-0.20602455735206604,-0.15638816356658936,-0.2786368131637573,-0.1536092758178711,-0.20772352814674377,-0.13196013867855072,-0.16352280974388123,-0.0852009654045105,-0.2221032977104187,-0.12511467933654785,-0.3088313788175583,-0.1210281252861023,-0.21145638823509216,-0.09418058395385742,-0.15874585509300232,-0.04606366157531738,-0.23006987571716309,-0.0909440815448761,-0.30798186361789703,-0.08883649110794067,-0.20807009935379028,-0.06198856234550476,-0.14850056171417236,-0.0007970035076141357,-0.22835823893547058,-0.05054408311843872,-0.2919484078884125,-0.057670801877975464,-0.22701841592788696,-0.037500351667404175,-0.17462143301963806
0,0.0,0.0,-0.07408365607261658,-0.03174114227294922,-0.14414992928504944,-0.10266637802124023,-0.17815452814102173,-0.18701016902923584,-0.14812281727790833,-0.24889063835144043,-0.12066304683685303,-0.20818868279457092,-0.15298068523406982,-0.2844763696193695,-0.14656966924667358,-0.21293038129806519,-0.12612926959991455,-0.16882234811782837,-0.08614656329154968,-0.22175905108451843,-0.11961299180984497,-0.3026898205280304,-0.11216101050376892,-0.2080816924571991,-0.08880233764648438,-0.16112717986106873,-0.04639112949371338,-0.22842684388160706,-0.08564090728759766,-0.3026120066642761,-0.08173161745071411,-0.20619040727615356,-0.05860108137130737,-0.14965376257896423,-0.0014767944812774658,-0.2248665988445282,-0.04613330960273743,-0.28837674856185913,-0.05438905954360962,-0.22587144374847412,-0.03865054249763489,-0.17593711614608765
0,0.0,0.0,-0.06751689314842224,-0.004916727542877197,-0.13740666955709457,-0.030550003051757812,-0.18577859550714493,-0.06505793333053589,-0.17234675586223602,-0.1123582124710083,-0.13303913176059723,-0.16413730382919312,-0.18130586296319962,-0.18905657529830933,-0.1653682291507721,-0.12008321285247803,-0.1413496732711792,-0.0952194333076477,-0.10325710475444794,-0.18352073431015015,-0.15587691962718964,-0.20338279008865356,-0.13716041296720505,-0.11797672510147095,-0.111003577709198,-0.0961732268333435,-0.07017451524734497,-0.1938144564628601,-0.1268676072359085,-0.2014440894126892,-0.10847067832946777,-0.11955803632736206,-0.07998019456863403,-0.09631943702697754,-0.03405416011810303,-0.19264256954193115,-0.09226317703723907,-0.19870805740356445,-0.08566978573799133,-0.13770025968551636,-0.06066107749938965,-0.11182534694671631
0,0.0,0.0,-0.0677030086517334,0.009787201881408691,-0.13737228512763977,-0.01334226131439209,-0.17753303050994873,-0.06665754318237305,-0.15746809542179108,-0.11832213401794434,-0.13976594805717468,-0.12238597869873047,-0.1839606910943985,-0.16742360591888428,-0.16684101521968842,-0.11043238639831543,-0.14117370545864105,-0.08247053623199463,-0.11240032315254211,-0.14593464136123657,-0.15659455955028534,-0.19027787446975708,-0.13379284739494324,-0.11774885654449463,-0.10409724712371826,-0.08874690532684326,-0.07992249727249146,-0.16377341747283936,-0.127318874001503,-0.1990332007408142,-0.1061648428440094,-0.1266809105873108,-0.0761653482913971,-0.09390896558761597,-0.04019904136657715,-0.17399901151657104,-0.08942249417304993,-0.19713479280471802,-0.07960009574890137,-0.14194858074188232,-0.05359935760498047,-0.11083287000656128
0,0.0,0.0,-0.07396301627159119,0.008936405181884766,-0.1537443995475769,-0.022073030471801758,-0.18810313940048218,-0.07843542098999023,-0.15217939019203186,-0.12007558345794678,-0.14288407564163208,-0.1514093279838562,-0.19360902905464172,-0.1797395944595337,-0.17364463210105896,-0.118155837059021,-0.1467820107936859,-0.0908319354057312,-0.11160057783126831,-0.16947895288467407,-0.15893027186393738,-0.1935863494873047,-0.1341058909893036,-0.12312084436416626,-0.10550251603126526,-0.09736579656600952,-0.07704165577888489,-0.18073827028274536,-0.12375688552856445,-0.19982105493545532,-0.10307952761650085,-0.12877357006072998,-0.07531318068504333,-0.0979415774345398,-0.03717181086540222,-0.1835504174232483,-0.08511945605278015,-0.20519793033599854,-0.07791703939437866,-0.15229499340057373,-0.05463734269142151,-0.12168067693710327
0,0.0,0.0,-0.07008698582649231,0.0006287097930908203,-0.13967961072921753,-0.037618160247802734,-0.16650474071502686,-0.10443627834320068,-0.14002785086631775,-0.1545068621635437,-0.14322873950004578,-0.14627671241760254,-0.18221792578697205,-0.19404548406600952,-0.15919506549835205,-0.13401949405670166,-0.1332705318927765,-0.10076415538787842,-0.11000370979309082,-0.16952180862426758,-0.14723703265190125,-0.2201867699623108,-0.12203240394592285,-0.14594775438308716,-0.09600719809532166,-0.11112052202224731,-0.07294401526451111,-0.18630433082580566,-0.10950124263763428,-0.23207205533981323,-0.08973181247711182,-0.15655505657196045,-0.06658893823623657,-0.11696392297744751,-0.029874861240386963,-0.19504719972610474,-0.06911635398864746,-0.23342996835708618,-0.06210842728614807,-0.17848199605941772,-0.04464644193649292,-0.14348161220550537
0,0.0,0.0,-0.06248974800109863,-0.00226747989654541,-0.12522035837173462,-0.04488617181777954,-0.1367257833480835,-0.11638343334197998,-0.1031079888343811,-0.16823220252990723,-0.13400566577911377,-0.1649085283279419,-0.15992027521133423,-0.22871190309524536,-0.13609778881072998,-0.16009867191314697,-0.1213979721069336,-0.1257920265197754,-0.0934213399887085,-0.1876131296157837,-0.11907309293746948,-0.2516644597053528,-0.09759289026260376,-0.1638331413269043,-0.08732813596725464,-0.13659238815307617,-0.049932658672332764,-0.1981765627861023,-0.06926208734512329,-0.24900662899017334,-0.05366086959838867,-0.15773677825927734,-0.046832382678985596,-0.12652897834777832,-0.0016304850578308105,-0.19789272546768188,-0.02353513240814209,-0.23778748512268066,-0.020105421543121338,-0.1763175129890442,-0.01700901985168457,-0.14986133575439453
0,0.0,0.0,-0.06528711318969727,-0.043417513370513916,-0.12230956554412842,-0.12640470266342163,-0.146534264087677,-0.20039236545562744,-0.11276602745056152,-0.22521162033081055,-0.07825911045074463,-0.24935287237167358,-0.12074333429336548,-0.2955630421638489,-0.1205255389213562,-0.21383464336395264,-0.10234862565994263,-0.18449515104293823,-0.039974868297576904,-0.2507047653198242,-0.0840042233467102,-0.2935933470726013,-0.08749246597290039,-0.19779598712921143,-0.06670057773590088,-0.17715567350387573,-0.0011007189750671387,-0.23743587732315063,-0.05092430114746094,-0.2718890309333801,-0.05761200189590454,-0.17699742317199707,-0.035530924797058105,-0.1527876853942871,0.03663516044616699,-0.2100048065185547,-0.01721709966659546,-0.24288725852966309,-0.030063271522521973,-0.1766124963760376,-0.012981891632080078,-0.14683055877685547
0,0.0,0.0,-0.06757670640945435,-0.09811949729919434,-0.10369014739990234,-0.17527985572814941,-0.13235491514205933,-0.2341676950454712,-0.11605387926101685,-0.27173107862472534,0.013709008693695068,-0.282195508480072,-0.07192528247833252,-0.3295779824256897,-0.08779209852218628,-0.25403666496276855,-0.0690801739692688,-0.22136664390563965,0.033560752868652344,-0.27552568912506104,-0.07029908895492554,-0.3294708728790283,-0.08869040012359619,-0.24212080240249634,-0.0581703782081604,-0.21371346712112427,0.04111683368682861,-0.2585102319717407,-0.06244772672653198,-0.31146496534347534,-0.08095097541809082,-0.22818845510482788,-0.048836469650268555,-0.1996248960494995,0.03374481201171875,-0.23192328214645386,-0.048492431640625,-0.27342087030410767,-0.0652933120727539,-0.2187575101852417,-0.038949668407440186,-0.18758535385131836
0,0.0,0.0,-0.06286662817001343,-0.1030435562133789,-0.0882607102394104,-0.17662513256072998,-0.11425530910491943,-0.23203563690185547,-0.10468357801437378,-0.27534395456314087,0.036855995655059814,-0.26657557487487793,-0.05214393138885498,-0.3234163522720337,-0.06922143697738647,-0.252821683883667,-0.05049079656600952,-0.22085559368133545,0.04631674289703369,-0.2592924237251282,-0.06253677606582642,-0.3258032202720642,-0.08112150430679321,-0.24901223182678223,-0.05138242244720459,-0.2172642946243286,0.038970947265625,-0.24220657348632812,-0.06494402885437012,-0.3037576675415039,-0.08063137531280518,-0.23071396350860596,-0.04986536502838135,-0.20066708326339722,0.01825118064880371,-0.21950757503509521,-0.06017255783081055,-0.26421165466308594,-0.07320702075958252,-0.21449196338653564,-0.048542678356170654,-0.18428826332092285
0,0.0,0.0,-0.054572880268096924,-0.09000223875045776,-0.07004350423812866,-0.16535288095474243,-0.09047669172286987,-0.22055268287658691,-0.10297644138336182,-0.2591681480407715,0.05569005012512207,-0.252159059047699,-0.03356575965881348,-0.31536608934402466,-0.05447167158126831,-0.25774627923965454,-0.041352152824401855,-0.22008287906646729,0.051321327686309814,-0.24847382307052612,-0.051229655742645264,-0.31860214471817017,-0.0681867003440857,-0.25650787353515625,-0.04642164707183838,-0.22237122058868408,0.03022855520248413,-0.2347567081451416,-0.06567245721817017,-0.29957258701324463,-0.07767355442047119,-0.23888593912124634,-0.05368828773498535,-0.20619720220565796,-0.0021241307258605957,-0.21769100427627563,-0.07900935411453247,-0.26535582542419434,-0.09175342321395874,-0.22137349843978882,-0.07412528991699219,-0.1904420256614685
0,0.0,0.0,0.018692612648010254,-0.09470927715301514,0.020199239253997803,-0.18068790435791016,-0.0014212727546691895,-0.24474740028381348,-0.033112943172454834,-0.27348875999450684,0.061909615993499756,-0.24304187297821045,-0.02277308702468872,-0.3113616108894348,-0.042751431465148926,-0.2683408260345459,-0.032938599586486816,-0.2344672679901123,0.046901822090148926,-0.23922401666641235,-0.0474323034286499,-0.3161547780036926,-0.06201726198196411,-0.265819787979126,-0.04722487926483154,-0.2304728627204895,0.020117640495300293,-0.22521346807479858,-0.07066017389297485,-0.2923700213432312,-0.0818030834197998,-0.23897159099578857,-0.06409585475921631,-0.2085999846458435,-0.015229761600494385,-0.2046647071838379,-0.0856938362121582,-0.25334376096725464,-0.09372067451477051,-0.21080636978149414,-0.07836180925369263,-0.18335723876953125
0,0.0,0.0,0.0387343168258667,-0.09245544672012329,0.04432886838912964,-0.18514835834503174,0.012226581573486328,-0.24754399061203003,-0.027491331100463867,-0.2646254897117615,0.07312572002410889,-0.24834126234054565,-0.002425074577331543,-0.32161736488342285,-0.017140448093414307,-0.2810804843902588,-0.004930853843688965,-0.2544628381729126,0.03918522596359253,-0.23978644609451294,-0.03873264789581299,-0.31247204542160034,-0.048594772815704346,-0.26789677143096924,-0.031076908111572266,-0.23661988973617554,-0.0029565095901489258,-0.2222406268119812,-0.07184761762619019,-0.28897595405578613,-0.07735604047775269,-0.24173516035079956,-0.057890117168426514,-0.21486198902130127,-0.05063831806182861,-0.1971786618232727,-0.09752035140991211,-0.25274544954299927,-0.09714090824127197,-0.2119656801223755,-0.082791268825531,-0.18448573350906372
0,0.0,0.0,0.02996242046356201,-0.09564369916915894,0.026556313037872314,-0.19090253114700317,-0.010637044906616211,-0.24874889850616455,-0.05259805917739868,-0.2612982392311096,0.0625353455543518,-0.25813764333724976,-0.025825142860412598,-0.3135848641395569,-0.038718998432159424,-0.2665214538574219,-0.022448360919952393,-0.2381402850151062,0.03285324573516846,-0.2510541081428528,-0.057891130447387695,-0.30664849281311035,-0.06502276659011841,-0.2581624388694763,-0.04345142841339111,-0.2285299301147461,-0.005857944488525391,-0.2330448031425476,-0.08772659301757812,-0.2806898355484009,-0.09122204780578613,-0.2312678098678589,-0.0680115818977356,-0.20795702934265137,-0.05008828639984131,-0.20674431324005127,-0.10799962282180786,-0.24732404947280884,-0.10767620801925659,-0.20688897371292114,-0.08978724479675293,-0.182978093624115
0,0.0,0.0,-0.08405911922454834,-0.0827065110206604,-0.12113463878631592,-0.1514776647090912,-0.15086227655410767,-0.19946813583374023,-0.1406419277191162,-0.2470654845237732,0.006689667701721191,-0.28037500381469727,-0.08889836072921753,-0.31244194507598877,-0.09869629144668579,-0.23537704348564148,-0.0739561915397644,-0.20050418376922607,0.01767069101333618,-0.27951550483703613,-0.09519624710083008,-0.31500454246997833,-0.10520249605178833,-0.22927865386009216,-0.0695464015007019,-0.20023438334465027,0.014940381050109863,-0.2703106701374054,-0.09782278537750244,-0.30746352672576904,-0.1076737642288208,-0.22013866901397705,-0.07149487733840942,-0.19225963950157166,0.0006468296051025391,-0.25082099437713623,-0.09226936101913452,-0.2687036991119385,-0.09782636165618896,-0.20527029037475586,-0.06506985425949097,-0.1783258020877838
0,0.0,0.0,-0.08299434185028076,-0.07081413269042969,-0.12301713228225708,-0.1354433298110962,-0.14887452125549316,-0.18643173575401306,-0.13683974742889404,-0.23946663737297058,-0.007899463176727295,-0.27225905656814575,-0.09786278009414673,-0.29344767332077026,-0.1020345687866211,-0.21631115674972534,-0.07570594549179077,-0.1788458228111267,0.005328476428985596,-0.2738668918609619,-0.09949350357055664,-0.29652346670627594,-0.10259592533111572,-0.2070803940296173,-0.06917476654052734,-0.174226313829422,0.00921022891998291,-0.27314773201942444,-0.0982593297958374,-0.29457902908325195,-0.10028380155563354,-0.20078837871551514,-0.06391698122024536,-0.17070770263671875,0.0038787126541137695,-0.26104363799095154,-0.08812469244003296,-0.27361997961997986,-0.08921730518341064,-0.20399713516235352,-0.055840492248535156,-0.1753607988357544
0,0.0,0.0,-0.08067494630813599,-0.04329425096511841,-0.12427663803100586,-0.09688910841941833,-0.14642566442489624,-0.16001322865486145,-0.12739598751068115,-0.21242764592170715,-0.06672769784927368,-0.192813441157341,-0.09848815202713013,-0.24246428906917572,-0.10402220487594604,-0.18606090545654297,-0.08503860235214233,-0.14014890789985657,-0.047470271587371826,-0.20740100741386414,-0.09296435117721558,-0.2644693851470947,-0.0955512523651123,-0.1848975419998169,-0.06593209505081177,-0.1370176374912262,-0.021257340908050537,-0.22207477688789368,-0.07863926887512207,-0.2734127938747406,-0.08034908771514893,-0.1900409311056137,-0.046896398067474365,-0.1412704885005951,0.011416852474212646,-0.23011350631713867,-0.05159485340118408,-0.26661360263824463,-0.06185901165008545,-0.20835065841674805,-0.03501296043395996,-0.16567474603652954
0,0.0,0.0,-0.08218085765838623,-0.02506241202354431,-0.14479470252990723,-0.0903407633304596,-0.16779369115829468,-0.17590469121932983,-0.13281214237213135,-0.23259523510932922,-0.10605764389038086,-0.19203409552574158,-0.13491958379745483,-0.2513948380947113,-0.13152116537094116,-0.19314971566200256,-0.11042088270187378,-0.15007424354553223,-0.07119566202163696,-0.21137437224388123,-0.10351699590682983,-0.2840614318847656,-0.101870596408844,-0.2004987746477127,-0.07941687107086182,-0.14502966403961182,-0.03211259841918945,-0.22551096975803375,-0.06978601217269897,-0.3003208041191101,-0.07380199432373047,-0.21172940731048584,-0.05268365144729614,-0.14579764008522034,0.014040112495422363,-0.23025131225585938,-0.031156301498413086,-0.29380470514297485,-0.043834567070007324,-0.23513193428516388,-0.03077489137649536,-0.175355464220047
0,0.0,0.0,-0.08692950010299683,-0.034305036067962646,-0.15128713846206665,-0.10511517524719238,-0.16907525062561035,-0.19890916347503662,-0.1290731430053711,-0.2603205293416977,-0.12185359001159668,-0.20204070210456848,-0.14993220567703247,-0.26764340698719025,-0.14425557851791382,-0.22094501554965973,-0.1267486810684204,-0.18216434121131897,-0.08242839574813843,-0.2230294942855835,-0.1078791618347168,-0.30043137073516846,-0.10477274656295776,-0.223567396402359,-0.0917128324508667,-0.16758567094802856,-0.039303362369537354,-0.23590964078903198,-0.06560295820236206,-0.315591499209404,-0.07077747583389282,-0.22989106178283691,-0.06077289581298828,-0.16166210174560547,0.010201752185821533,-0.23815584182739258,-0.0221671462059021,-0.31102579832077026,-0.03485018014907837,-0.25692248344421387,-0.031424880027770996,-0.19716042280197144
0,0.0,0.0,-0.08847483992576599,-0.04515039920806885,-0.15320631861686707,-0.12373986840248108,-0.1700582504272461,-0.2204698771238327,-0.12887245416641235,-0.2642741799354553,-0.12709856033325195,-0.21099409461021423,-0.15591543912887573,-0.2803504019975662,-0.1420610547065735,-0.2261081337928772,-0.12237656116485596,-0.18667244911193848,-0.08438017964363098,-0.23078545928001404,-0.10459432005882263,-0.3114699721336365,-0.09558537602424622,-0.22935381531715393,-0.0816720724105835,-0.17372730374336243,-0.03860282897949219,-0.23931191861629486,-0.057928770780563354,-0.32231323421001434,-0.06036728620529175,-0.2367185354232788,-0.051632970571517944,-0.16861721873283386,0.012379229068756104,-0.23628687858581543,-0.009434103965759277,-0.31181372702121735,-0.024049103260040283,-0.2597824037075043,-0.026105523109436035,-0.20114725828170776
0,0.0,0.0,-0.07914701104164124,-0.034515053033828735,-0.13360996544361115,-0.0963979959487915,-0.16459506750106812,-0.16679754853248596,-0.14600813388824463,-0.22417686879634857,-0.09521976113319397,-0.19028149545192719,-0.1286444365978241,-0.24137571454048157,-0.1248740553855896,-0.18179860711097717,-0.09807592630386353,-0.14004743099212646,-0.07064646482467651,-0.21075670421123505,-0.11323481798171997,-0.2740759551525116,-0.10764989256858826,-0.19634249806404114,-0.07698142528533936,-0.15081411600112915,-0.03853759169578552,-0.2289779782295227,-0.09095212817192078,-0.2884870171546936,-0.08749991655349731,-0.20995937287807465,-0.05485892295837402,-0.15841227769851685,-0.0009028017520904541,-0.23898297548294067,-0.05939680337905884,-0.2885403037071228,-0.06797170639038086,-0.23723024129867554,-0.04357609152793884,-0.19072692096233368
0,0.0,0.0,0.02094706892967224,-0.10154414176940918,0.004467815160751343,-0.18339785933494568,-0.027024567127227783,-0.22543716430664062,-0.060506999492645264,-0.23430481553077698,-0.0018670260906219482,-0.2796155661344528,-0.08252960443496704,-0.2764865309000015,-0.09033045172691345,-0.22220298647880554,-0.07490792870521545,-0.18313364684581757,-0.032250285148620605,-0.2810046970844269,-0.1127195656299591,-0.2673102468252182,-0.11444950103759766,-0.21159440279006958,-0.09493657946586609,-0.17391598224639893,-0.06481650471687317,-0.25899048149585724,-0.13882145285606384,-0.24822959303855896,-0.13631761074066162,-0.18825314939022064,-0.11572873592376709,-0.1572626531124115,-0.0965965986251831,-0.22370806336402893,-0.1573089063167572,-0.23326478898525238,-0.15097030997276306,-0.1813603639602661,-0.13143086433410645,-0.1478101760149002
0,0.0,0.0,0.05729097127914429,-0.08990144729614258,0.04746764898300171,-0.15074604749679565,0.01771688461303711,-0.19053322076797485,-0.014017820358276367,-0.1985640823841095,0.03677847981452942,-0.25895529985427856,0.011942923069000244,-0.2508980482816696,0.008042126893997192,-0.21186208724975586,0.012053728103637695,-0.1894008368253708,-0.01792275905609131,-0.2524099349975586,-0.03425249457359314,-0.24279296398162842,-0.030208438634872437,-0.1968093067407608,-0.02125072479248047,-0.165829598903656,-0.06621184945106506,-0.22083210945129395,-0.0755113959312439,-0.19809754192829132,-0.0647578239440918,-0.1549370288848877,-0.049037426710128784,-0.12971407175064087,-0.1100182831287384,-0.17465601861476898,-0.10955259203910828,-0.15458405017852783,-0.09579223394393921,-0.12030589580535889,-0.080689936876297,-0.09841746091842651
0,0.0,0.0,0.08675172924995422,-0.06982839107513428,0.0968036949634552,-0.1260257065296173,0.08152428269386292,-0.15628111362457275,0.05734333395957947,-0.1657164990901947,0.03492608666419983,-0.295652836561203,0.04259875416755676,-0.2617722749710083,0.049894243478775024,-0.21888363361358643,0.04821130633354187,-0.19999679923057556,-0.02079501748085022,-0.26775912940502167,-0.008453011512756348,-0.2532510459423065,0.003502577543258667,-0.20653583109378815,0.005195707082748413,-0.17077955603599548,-0.06556040048599243,-0.2212345451116562,-0.05009707808494568,-0.20444317162036896,-0.03418093919754028,-0.17135664820671082,-0.0260104238986969,-0.14277930557727814,-0.10139632225036621,-0.16702204942703247,-0.08262678980827332,-0.1606442779302597,-0.06488502025604248,-0.13547798991203308,-0.05704677104949951,-0.11156970262527466
0,0.0,0.0,0.08124139904975891,-0.07211518287658691,0.09197559952735901,-0.1405809223651886,0.071198970079422,-0.18789631128311157,0.04413500428199768,-0.20024700462818146,0.03377029299736023,-0.29903694242239,0.03966912627220154,-0.2679747939109802,0.04515692591667175,-0.22654929757118225,0.044238656759262085,-0.20430363714694977,-0.024117618799209595,-0.2772107422351837,-0.009716153144836426,-0.25087839365005493,0.0008705556392669678,-0.20440131425857544,0.00349387526512146,-0.17473946511745453,-0.07026448845863342,-0.23270146548748016,-0.0516146719455719,-0.20926669239997864,-0.03762570023536682,-0.17631815373897552,-0.028292089700698853,-0.14709046483039856,-0.10536906123161316,-0.18087969720363617,-0.08660119771957397,-0.1678537130355835,-0.06831419467926025,-0.13731122016906738,-0.058212101459503174,-0.11271065473556519
0,0.0,0.0,-0.07033586502075195,-0.023832768201828003,-0.12063577771186829,-0.07954683899879456,-0.14534509181976318,-0.14740991592407227,-0.12774991989135742,-0.20770835876464844,-0.07550048828125,-0.17220830917358398,-0.11024659872055054,-0.2266128808259964,-0.11320123076438904,-0.17358455061912537,-0.09024953842163086,-0.12962940335273743,-0.055014610290527344,-0.19365662336349487,-0.1029825210571289,-0.2557496428489685,-0.10071894526481628,-0.17980718612670898,-0.06953626871109009,-0.13271895051002502,-0.028714358806610107,-0.21575844287872314,-0.08760479092597961,-0.2733311355113983,-0.08384263515472412,-0.18976271152496338,-0.04868510365486145,-0.13947251439094543,0.004280030727386475,-0.23269546031951904,-0.06018567085266113,-0.2709970027208328,-0.06671810150146484,-0.2151336669921875,-0.040565818548202515,-0.17082425951957703
0,0.0,0.0,-0.07978308200836182,-0.022736787796020508,-0.14333698153495789,-0.09030282497406006,-0.16562679409980774,-0.1777321696281433,-0.13123798370361328,-0.24000795185565948,-0.10137814283370972,-0.17422166466712952,-0.12938329577445984,-0.22835683822631836,-0.12690898776054382,-0.178439199924469,-0.10653862357139587,-0.14280039072036743,-0.07041212916374207,-0.19587677717208862,-0.10242250561714172,-0.2707219570875168,-0.09956863522529602,-0.1949159801006317,-0.07617264986038208,-0.14156582951545715,-0.03563535213470459,-0.21266525983810425,-0.07165989279747009,-0.29040299355983734,-0.07388132810592651,-0.20882463455200195,-0.05191928148269653,-0.1456417441368103,0.006356000900268555,-0.22196310758590698,-0.038028180599212646,-0.2861412614583969,-0.046858370304107666,-0.23296085000038147,-0.03009048104286194,-0.17694157361984253
0,0.0,0.0,-0.08130905032157898,-0.034585654735565186,-0.13960914313793182,-0.10157820582389832,-0.15526089072227478,-0.18722856044769287,-0.12301355600357056,-0.24765333533287048,-0.10556352138519287,-0.18038532137870789,-0.13378512859344482,-0.23299792408943176,-0.13083000481128693,-0.1908605992794037,-0.11278370022773743,-0.15902838110923767,-0.06991192698478699,-0.2003960907459259,-0.09512922167778015,-0.26866307854652405,-0.09281933307647705,-0.1981113851070404,-0.07304000854492188,-0.14495781064033508,-0.0311107337474823,-0.21335859596729279,-0.059239983558654785,-0.28604237735271454,-0.06272494792938232,-0.21114936470985413,-0.044651538133621216,-0.14805477857589722,0.014057368040084839,-0.21748939156532288,-0.022582918405532837,-0.28393125534057617,-0.03256973624229431,-0.23499548435211182,-0.019642651081085205,-0.17871102690696716
0,0.0,0.0,-0.07474970817565918,-0.0319996178150177,-0.13415059447288513,-0.11156520247459412,-0.14758190512657166,-0.20246493816375732,-0.10936501622200012,-0.25955380499362946,-0.09212280809879303,-0.18545089662075043,-0.12176740169525146,-0.23735448718070984,-0.11925067007541656,-0.19513872265815735,-0.09917950630187988,-0.16390086710453033,-0.05474844574928284,-0.20447392761707306,-0.07971812784671783,-0.27096204459667206,-0.08459033071994781,-0.20248010754585266,-0.06702788174152374,-0.15089485049247742,-0.01518288254737854,-0.21309325098991394,-0.042230188846588135,-0.285433828830719,-0.052480459213256836,-0.21132366359233856,-0.0366135835647583,-0.14828258752822876,0.031063556671142578,-0.21316863596439362,-0.002805471420288086,-0.27824099361896515,-0.018090009689331055,-0.22968259453773499,-0.008423060178756714,-0.17316710948944092
0,0.0,0.0,-0.07897311449050903,-0.0478387176990509,-0.13995207846164703,-0.13123047351837158,-0.1542893350124359,-0.22499379515647888,-0.11037629842758179,-0.2828204035758972,-0.09655293822288513,-0.2077866792678833,-0.12802594900131226,-0.26878827810287476,-0.12440994381904602,-0.22119370102882385,-0.10216072201728821,-0.18642181158065796,-0.05869908630847931,-0.2237088680267334,-0.08277501165866852,-0.3003176599740982,-0.08502380549907684,-0.22586458921432495,-0.06758791208267212,-0.1691950261592865,-0.01809173822402954,-0.23215153813362122,-0.044699639081954956,-0.31540779769420624,-0.054484859108924866,-0.23540957272052765,-0.0400921106338501,-0.16614779829978943,0.029587268829345703,-0.23085151612758636,-0.005211234092712402,-0.30139078199863434,-0.02148967981338501,-0.2500578910112381,-0.013509184122085571,-0.19062425196170807
0,0.0,0.0,-0.0681508481502533,-0.047426581382751465,-0.12226244807243347,-0.11907202005386353,-0.14225007593631744,-0.19504371285438538,-0.10513393580913544,-0.22493281960487366,-0.0926259309053421,-0.21456202864646912,-0.11985297501087189,-0.28231316804885864,-0.11943161487579346,-0.21760639548301697,-0.10518911480903625,-0.17715665698051453,-0.05630210041999817,-0.2179241180419922,-0.08424307405948639,-0.2825489044189453,-0.0822102427482605,-0.1987418532371521,-0.06433361768722534,-0.1579148769378662,-0.015879422426223755,-0.21357914805412292,-0.048197418451309204,-0.2761472761631012,-0.05048847198486328,-0.1914011836051941,-0.03482180833816528,-0.14186137914657593,0.028579294681549072,-0.1984792947769165,-0.008977264165878296,-0.2512510418891907,-0.0207558274269104,-0.19529417157173157,-0.010934174060821533,-0.15163064002990723
0,0.0,0.0,-0.06220582127571106,-0.04273784160614014,-0.112516850233078,-0.11173272132873535,-0.13313201069831848,-0.18875664472579956,-0.09899057447910309,-0.23165684938430786,-0.07852569222450256,-0.2040308117866516,-0.09876258671283722,-0.27515262365341187,-0.10464456677436829,-0.2151128649711609,-0.09423185884952545,-0.17060798406600952,-0.04655158519744873,-0.20660120248794556,-0.06953537464141846,-0.275936484336853,-0.0749937891960144,-0.19767841696739197,-0.061422377824783325,-0.1538475751876831,-0.010602593421936035,-0.20302489399909973,-0.03838682174682617,-0.27050042152404785,-0.04601377248764038,-0.19107627868652344,-0.03307396173477173,-0.13930225372314453,0.029470175504684448,-0.18980830907821655,-0.003455430269241333,-0.2486283779144287,-0.017562836408615112,-0.19587790966033936,-0.010492503643035889,-0.1498030424118042
0,0.0,0.0,-0.05872897803783417,-0.031141161918640137,-0.11437729001045227,-0.0877842903137207,-0.14658129960298538,-0.143498957157135,-0.1205410361289978,-0.1726018786430359,-0.07697588205337524,-0.20948845148086548,-0.11109161376953125,-0.25453370809555054,-0.11384128034114838,-0.18679338693618774,-0.1008947491645813,-0.1494339108467102,-0.048130765557289124,-0.2144467830657959,-0.08855202794075012,-0.24941205978393555,-0.0884585976600647,-0.16482514142990112,-0.07089510560035706,-0.13442349433898926,-0.017041608691215515,-0.21111536026000977,-0.06424354016780853,-0.24335503578186035,-0.06512680649757385,-0.1606925129890442,-0.046052396297454834,-0.12508374452590942,0.014393419027328491,-0.195858895778656,-0.03374774754047394,-0.22885102033615112,-0.04351338744163513,-0.17314010858535767,-0.029573753476142883,-0.13885730504989624
0,0.0,0.0,-0.06228432059288025,-0.02594965696334839,-0.11887893080711365,-0.07143813371658325,-0.15036753565073013,-0.12461262941360474,-0.12561334669589996,-0.16048568487167358,-0.08779500424861908,-0.18024110794067383,-0.11914928257465363,-0.23333925008773804,-0.12468107044696808,-0.1767701506614685,-0.11295992136001587,-0.13972479104995728,-0.059514835476875305,-0.18675673007965088,-0.09427778422832489,-0.23556405305862427,-0.09553468227386475,-0.16137874126434326,-0.07892639935016632,-0.1272059679031372,-0.029062122106552124,-0.18815290927886963,-0.06978157162666321,-0.22847962379455566,-0.07043063640594482,-0.1546773910522461,-0.05185893177986145,-0.11541646718978882,0.003621608018875122,-0.1818561553955078,-0.03870628774166107,-0.2163393497467041,-0.04756647348403931,-0.1667652726173401,-0.03507065773010254,-0.13126814365386963
0,0.0,0.0,-0.06257715821266174,-0.01671367883682251,-0.122978076338768,-0.061195552349090576,-0.15479567646980286,-0.11386251449584961,-0.12769101560115814,-0.1462465524673462,-0.09855461120605469,-0.1718410849571228,-0.13231611251831055,-0.2217441201210022,-0.12877000868320465,-0.16029644012451172,-0.11221419274806976,-0.1284794807434082,-0.06962953507900238,-0.18111521005630493,-0.10668884217739105,-0.2236812710762024,-0.09863294661045074,-0.14812487363815308,-0.07663914561271667,-0.11972236633300781,-0.03813369572162628,-0.1848686933517456,-0.07960875332355499,-0.2226191759109497,-0.07396021485328674,-0.1484876275062561,-0.0524439811706543,-0.11535972356796265,-0.00308111310005188,-0.17981404066085815,-0.047150835394859314,-0.2095615267753601,-0.050441473722457886,-0.15608525276184082,-0.03386147320270538,-0.12290674448013306
0,0.0,0.0,-0.0675627589225769,-0.02237015962600708,-0.12930527329444885,-0.07514172792434692,-0.14776882529258728,-0.13740509748458862,-0.10854506492614746,-0.1591666340827942,-0.09248334169387817,-0.19679510593414307,-0.12105861306190491,-0.23561841249465942,-0.12320083379745483,-0.17099332809448242,-0.11147916316986084,-0.13697218894958496,-0.0595841109752655,-0.20183664560317993,-0.09351524710655212,-0.2347227931022644,-0.09312525391578674,-0.16147953271865845,-0.07610678672790527,-0.13312304019927979,-0.025533288717269897,-0.1997852921485901,-0.06055942177772522,-0.22910726070404053,-0.06337770819664001,-0.15893429517745972,-0.0487084686756134,-0.12636804580688477,0.011744529008865356,-0.18777519464492798,-0.026982516050338745,-0.22167211771011353,-0.03603529930114746,-0.17048180103302002,-0.024619609117507935,-0.1379544734954834
0,0.0,0.0,-0.0584414005279541,-0.021570861339569092,-0.11063706874847412,-0.07847130298614502,-0.1133686900138855,-0.1366640329360962,-0.07859227061271667,-0.16081464290618896,-0.09658882021903992,-0.1944482922554016,-0.11697864532470703,-0.23704838752746582,-0.10888829827308655,-0.17050427198410034,-0.09602662920951843,-0.1426333785057068,-0.05831751227378845,-0.20103293657302856,-0.07707744836807251,-0.2508089542388916,-0.07516029477119446,-0.17271292209625244,-0.06459003686904907,-0.14619898796081543,-0.018319696187973022,-0.19729900360107422,-0.03430554270744324,-0.23970991373062134,-0.03826892375946045,-0.16156679391860962,-0.03195321559906006,-0.1325160264968872,0.023909807205200195,-0.18175774812698364,0.003107309341430664,-0.22326111793518066,-0.00669252872467041,-0.16785842180252075,-0.0027619600296020508,-0.13790595531463623
0,0.0,0.0,-0.06022673845291138,-0.03303694725036621,-0.09757471084594727,-0.09722781181335449,-0.07874882221221924,-0.15379947423934937,-0.04195129871368408,-0.180938720703125,-0.08909934759140015,-0.19821405410766602,-0.09180766344070435,-0.2658904194831848,-0.08207720518112183,-0.19744694232940674,-0.07841521501541138,-0.15671950578689575,-0.0430261492729187,-0.201191246509552,-0.041284024715423584,-0.2710670232772827,-0.0392305850982666,-0.1879051923751831,-0.04217076301574707,-0.1536429524421692,0.0012613534927368164,-0.19462639093399048,0.004610955715179443,-0.2493845820426941,-0.0012390613555908203,-0.16746854782104492,-0.007485330104827881,-0.1330641508102417,0.04561835527420044,-0.17784732580184937,0.04552924633026123,-0.22562956809997559,0.03436928987503052,-0.1738874912261963,0.025654256343841553,-0.1451302170753479
0,0.0,0.0,-0.0785718560218811,-0.03888276219367981,-0.13656848669052124,-0.11342528462409973,-0.14526498317718506,-0.2038591504096985,-0.10556024312973022,-0.25588566064834595,-0.10798907279968262,-0.2103734165430069,-0.1272175908088684,-0.28235237300395966,-0.12564772367477417,-0.22720745205879211,-0.1160435676574707,-0.18476076424121857,-0.06617331504821777,-0.2254137545824051,-0.08350944519042969,-0.3061422109603882,-0.08429014682769775,-0.22578442096710205,-0.07583606243133545,-0.17238962650299072,-0.02093970775604248,-0.23237201571464539,-0.039250969886779785,-0.3122759163379669,-0.04722815752029419,-0.2259485125541687,-0.04180556535720825,-0.16144371032714844,0.02969568967819214,-0.22903835773468018,0.009534239768981934,-0.3048134744167328,-0.007407665252685547,-0.2544277310371399,-0.01093977689743042,-0.20039528608322144
0,0.0,0.0,-0.08268183469772339,-0.04949024319648743,-0.13338428735733032,-0.1294221580028534,-0.13185709714889526,-0.2201823592185974,-0.09423559904098511,-0.27312180399894714,-0.10499680042266846,-0.2176484316587448,-0.1201927661895752,-0.2913293242454529,-0.11795532703399658,-0.23233585059642792,-0.1103009581565857,-0.18983912467956543,-0.06275027990341187,-0.2291337102651596,-0.07473796606063843,-0.3090367466211319,-0.07673484086990356,-0.22585873305797577,-0.07130110263824463,-0.1784009337425232,-0.017609775066375732,-0.23314005136489868,-0.0284423828125,-0.31253886222839355,-0.03964853286743164,-0.22511282563209534,-0.0382310152053833,-0.16453218460083008,0.03272426128387451,-0.22715231776237488,0.01819920539855957,-0.3030903935432434,0.0019192695617675781,-0.25244006514549255,-0.00263899564743042,-0.2030046284198761
0,0.0,0.0,-0.080791175365448,-0.04909151792526245,-0.13250494003295898,-0.13808459043502808,-0.12834352254867554,-0.23785409331321716,-0.0848953127861023,-0.28330862522125244,-0.10209208726882935,-0.22410908341407776,-0.11113423109054565,-0.3019147217273712,-0.10740339756011963,-0.2419125884771347,-0.10027265548706055,-0.19588175415992737,-0.05946463346481323,-0.23490767180919647,-0.06483489274978638,-0.31532657891511917,-0.06321126222610474,-0.2329772412776947,-0.05643528699874878,-0.1813715696334839,-0.015461087226867676,-0.2360779047012329,-0.020486950874328613,-0.31629686802625656,-0.02887094020843506,-0.2332533746957779,-0.0286521315574646,-0.17091885209083557,0.03251767158508301,-0.22622552514076233,0.024461805820465088,-0.30074453353881836,0.009725570678710938,-0.24962885677814484,0.0027000904083251953,-0.19813744723796844
0,0.0,0.0,-0.07620283961296082,-0.05462971329689026,-0.13296324014663696,-0.14436998963356018,-0.14772829413414001,-0.24111925065517426,-0.10703381896018982,-0.28793829679489136,-0.09037891030311584,-0.24369347095489502,-0.10917574167251587,-0.32107818126678467,-0.11235049366950989,-0.2589898258447647,-0.09929722547531128,-0.21190635859966278,-0.05213528871536255,-0.2495877593755722,-0.06859418749809265,-0.3349563777446747,-0.07685509324073792,-0.24680396914482117,-0.06534591317176819,-0.18984657526016235,-0.011489897966384888,-0.24650727212429047,-0.029379725456237793,-0.33311334252357483,-0.044711023569107056,-0.2450016289949417,-0.0377635657787323,-0.17810311913490295,0.03303459286689758,-0.2319396436214447,0.010053187608718872,-0.3104129135608673,-0.010406643152236938,-0.25817663967609406,-0.011715203523635864,-0.2013932168483734
0,0.0,0.0,-0.07326021790504456,-0.03894716501235962,-0.13425210118293762,-0.11835041642189026,-0.15827175229787827,-0.20803971588611603,-0.12207084894180298,-0.26788753271102905,-0.0869525671005249,-0.21253448724746704,-0.11705859005451202,-0.2773315906524658,-0.12076064944267273,-0.21331831812858582,-0.10111555457115173,-0.17753760516643524,-0.05493435263633728,-0.2260897010564804,-0.0871962159872055,-0.30875928699970245,-0.09266969561576843,-0.2183241993188858,-0.06976437568664551,-0.16888675093650818,-0.018969446420669556,-0.23214775323867798,-0.056871652603149414,-0.31046125292778015,-0.0662187933921814,-0.2176048904657364,-0.044729068875312805,-0.15910476446151733,0.022174537181854248,-0.2287307232618332,-0.020896583795547485,-0.2951402962207794,-0.03786700963973999,-0.23952960968017578,-0.023842841386795044,-0.18841500580310822
0,0.0,0.0,-0.08891841769218445,-0.050355464220047,-0.15232683718204498,-0.12893226742744446,-0.17656296491622925,-0.2178814560174942,-0.15660254657268524,-0.2685561776161194,-0.11022236943244934,-0.2162071019411087,-0.1347873955965042,-0.2905180752277374,-0.14422613382339478,-0.2543455511331558,-0.13543963432312012,-0.21524688601493835,-0.07209733128547668,-0.2281794399023056,-0.0956319272518158,-0.3092208206653595,-0.10303294658660889,-0.23789547383785248,-0.08645316958427429,-0.18073531985282898,-0.03077557682991028,-0.23162207007408142,-0.05717208981513977,-0.3094871938228607,-0.06747081875801086,-0.23536352813243866,-0.051284611225128174,-0.17235304415225983,0.016118764877319336,-0.22520874440670013,-0.015967965126037598,-0.2943802624940872,-0.03212946653366089,-0.24579887092113495,-0.0224381685256958,-0.1922406554222107
0,0.0,0.0,-0.07754582166671753,-0.06647557020187378,-0.1281164288520813,-0.17479419708251953,-0.10718369483947754,-0.27745379507541656,-0.05093508958816528,-0.3173089995980263,-0.08848309516906738,-0.2672349363565445,-0.09647703170776367,-0.36524589359760284,-0.09624099731445312,-0.28968095779418945,-0.09124964475631714,-0.24111567437648773,-0.03982579708099365,-0.26922251284122467,-0.038376033306121826,-0.361772283911705,-0.04574674367904663,-0.26196691393852234,-0.044584453105926514,-0.2152327448129654,0.009675979614257812,-0.26078060269355774,0.013134598731994629,-0.34552567452192307,-0.003950238227844238,-0.2437511533498764,-0.008432090282440186,-0.18597479164600372,0.061354756355285645,-0.23972803354263306,0.05945616960525513,-0.32257723808288574,0.040376365184783936,-0.25727035105228424,0.03252112865447998,-0.20414666831493378
0,0.0,0.0,-0.0774221420288086,-0.0734112560749054,-0.11921024322509766,-0.18127340078353882,-0.09574216604232788,-0.2829989492893219,-0.04340088367462158,-0.32282669097185135,-0.09058678150177002,-0.2759297788143158,-0.09336519241333008,-0.37839967012405396,-0.08548712730407715,-0.3097521960735321,-0.07853150367736816,-0.25210005044937134,-0.04099959135055542,-0.27459222078323364,-0.03239786624908447,-0.3732997328042984,-0.035571277141571045,-0.2744472473859787,-0.03887653350830078,-0.21472254395484924,0.009491920471191406,-0.2643175423145294,0.020153522491455078,-0.35162073373794556,0.003608524799346924,-0.24975575506687164,-0.006288051605224609,-0.18145734071731567,0.061112046241760254,-0.242529034614563,0.06381070613861084,-0.32526636868715286,0.044782936573028564,-0.26627442240715027,0.0321539044380188,-0.21207056939601898
0,0.0,0.0,-0.07370144128799438,-0.06784847378730774,-0.10846197605133057,-0.16722744703292847,-0.08535164594650269,-0.2643003463745117,-0.04269903898239136,-0.3199264407157898,-0.0963713526725769,-0.27372702956199646,-0.09142065048217773,-0.3743397444486618,-0.08408063650131226,-0.2900637239217758,-0.08176398277282715,-0.23395350575447083,-0.042275190353393555,-0.2740951031446457,-0.03322267532348633,-0.37317757308483124,-0.037157297134399414,-0.26692497730255127,-0.04246032238006592,-0.21689867973327637,0.010045826435089111,-0.26446136832237244,0.02325528860092163,-0.3480978161096573,0.006948530673980713,-0.24182994663715363,-0.005249977111816406,-0.1847975254058838,0.06111407279968262,-0.24365518987178802,0.07145613431930542,-0.32531599700450897,0.053578197956085205,-0.26411016285419464,0.03817659616470337,-0.21768856048583984
0,0.0,0.0,-0.07281339168548584,-0.06395694613456726,-0.1091538667678833,-0.16056624054908752,-0.08746099472045898,-0.2563266456127167,-0.04619896411895752,-0.3100217282772064,-0.10136538743972778,-0.2701386511325836,-0.093719482421875,-0.36763226985931396,-0.08499389886856079,-0.28234583139419556,-0.08408397436141968,-0.2265106439590454,-0.04560387134552002,-0.27202093601226807,-0.03573787212371826,-0.3661333918571472,-0.036900103092193604,-0.2604621648788452,-0.042993366718292236,-0.21093440055847168,0.007609248161315918,-0.2641918361186981,0.020579755306243896,-0.3434607833623886,0.007883310317993164,-0.23840618133544922,-0.004332125186920166,-0.18320852518081665,0.05899810791015625,-0.24476838111877441,0.06921607255935669,-0.3193790316581726,0.05267024040222168,-0.2559693157672882,0.035500407218933105,-0.2109968066215515
0,0.0,0.0,-0.06606292724609375,-0.05192875862121582,-0.10612219572067261,-0.1369820237159729,-0.08074808120727539,-0.22105121612548828,-0.03354620933532715,-0.2658858597278595,-0.09503751993179321,-0.2599110007286072,-0.0834038257598877,-0.33802053332328796,-0.07854878902435303,-0.2548447847366333,-0.08071517944335938,-0.2084369957447052,-0.040301382541656494,-0.26180127263069153,-0.025709331035614014,-0.34275001287460327,-0.029542148113250732,-0.23928245902061462,-0.03788173198699951,-0.1985994577407837,0.011377692222595215,-0.25303956866264343,0.027822673320770264,-0.3170772194862366,0.013763010501861572,-0.21529197692871094,0.00032198429107666016,-0.16917556524276733,0.06169480085372925,-0.23106834292411804,0.07174396514892578,-0.2930479645729065,0.055442094802856445,-0.22961929440498352,0.03912544250488281,-0.1913679838180542
0,0.0,0.0,-0.06497848033905029,-0.03868842124938965,-0.11051398515701294,-0.11768847703933716,-0.08754849433898926,-0.19789886474609375,-0.03935062885284424,-0.23486775159835815,-0.10015881061553955,-0.24320310354232788,-0.09186184406280518,-0.31644779443740845,-0.08503001928329468,-0.23410344123840332,-0.0858771800994873,-0.1901509165763855,-0.045803189277648926,-0.24495667219161987,-0.03639864921569824,-0.32124602794647217,-0.037670791149139404,-0.21902304887771606,-0.04542815685272217,-0.18163645267486572,0.004704833030700684,-0.23617786169052124,0.015554845333099365,-0.29521074891090393,0.0060538649559021,-0.1957518458366394,-0.005840003490447998,-0.15551400184631348,0.05376487970352173,-0.21505320072174072,0.05942225456237793,-0.2720145583152771,0.04685032367706299,-0.20863491296768188,0.03393220901489258,-0.17447936534881592
0,0.0,0.0,-0.056787967681884766,-0.042316973209381104,-0.09780031442642212,-0.11076825857162476,-0.07533401250839233,-0.18008100986480713,-0.026845335960388184,-0.2150471806526184,-0.09108757972717285,-0.24169957637786865,-0.08113956451416016,-0.3048521876335144,-0.07330620288848877,-0.22814315557479858,-0.07175850868225098,-0.1816922426223755,-0.03799957036972046,-0.24184465408325195,-0.026903629302978516,-0.31198620796203613,-0.02745223045349121,-0.21566826105117798,-0.0336037278175354,-0.17751860618591309,0.01169663667678833,-0.22967255115509033,0.026668846607208252,-0.28346312046051025,0.016586780548095703,-0.19059252738952637,0.00393986701965332,-0.15302056074142456,0.05908423662185669,-0.2036576271057129,0.06963241100311279,-0.25540679693222046,0.05680292844772339,-0.19805008172988892,0.04236704111099243,-0.16900134086608887
0,0.0,0.0,-0.05812478065490723,-0.044573187828063965,-0.09660714864730835,-0.11293619871139526,-0.06836074590682983,-0.17831993103027344,-0.022876977920532227,-0.21194463968276978,-0.08697384595870972,-0.24375265836715698,-0.07345837354660034,-0.30111950635910034,-0.06878596544265747,-0.22193032503128052,-0.07029730081558228,-0.1797807216644287,-0.03439664840698242,-0.2439759373664856,-0.021359801292419434,-0.3074812889099121,-0.02376455068588257,-0.20886462926864624,-0.029296815395355225,-0.17423951625823975,0.014669418334960938,-0.23120826482772827,0.031090617179870605,-0.2799530029296875,0.019234836101531982,-0.18569475412368774,0.00727313756942749,-0.1499503254890442,0.06142836809158325,-0.20368754863739014,0.0728980302810669,-0.25229883193969727,0.05836606025695801,-0.19432604312896729,0.0433274507522583,-0.1660894751548767
0,0.0,0.0,-0.0577695369720459,-0.04052215814590454,-0.09667760133743286,-0.11196929216384888,-0.07007837295532227,-0.17433053255081177,-0.023750901222229004,-0.20195633172988892,-0.07954329252243042,-0.2411738634109497,-0.0728805661201477,-0.29710179567337036,-0.06981360912322998,-0.21318548917770386,-0.06838339567184448,-0.17452669143676758,-0.02881789207458496,-0.24091804027557373,-0.0200769305229187,-0.3063617944717407,-0.02573496103286743,-0.2075406312942505,-0.029595494270324707,-0.17665040493011475,0.01975148916244507,-0.22751063108444214,0.03095775842666626,-0.27455294132232666,0.016600489616394043,-0.1820148229598999,0.006787121295928955,-0.1529015302658081,0.06785959005355835,-0.19974064826965332,0.07436329126358032,-0.24561607837677002,0.058171749114990234,-0.18773996829986572,0.045443952083587646,-0.1638771891593933
0,0.0,0.0,-0.06010311841964722,-0.03450322151184082,-0.11262518167495728,-0.09422910213470459,-0.10842573642730713,-0.1502523422241211,-0.05734372138977051,-0.16878557205200195,-0.07468906044960022,-0.2378532886505127,-0.09417113661766052,-0.27528077363967896,-0.0926399827003479,-0.19716745615005493,-0.08126705884933472,-0.1638147234916687,-0.02268272638320923,-0.24127864837646484,-0.039567649364471436,-0.2848014235496521,-0.04756522178649902,-0.18920964002609253,-0.04030364751815796,-0.15560060739517212,0.026126444339752197,-0.226229727268219,0.009722530841827393,-0.2527031898498535,-0.005092918872833252,-0.16152000427246094,-0.0020626187324523926,-0.1321963667869568,0.07418113946914673,-0.1939098834991455,0.05113935470581055,-0.21858185529708862,0.03337174654006958,-0.1595383882522583,0.03363114595413208,-0.1357308030128479
0,0.0,0.0,-0.0619012713432312,-0.026249706745147705,-0.11778479814529419,-0.07192254066467285,-0.13385000824928284,-0.1157907247543335,-0.10141858458518982,-0.13611817359924316,-0.06779861450195312,-0.2627442479133606,-0.12032362818717957,-0.24097269773483276,-0.11066335439682007,-0.16002905368804932,-0.08962488174438477,-0.1358855962753296,-0.01917406916618347,-0.2643052339553833,-0.07152414321899414,-0.2321232557296753,-0.0690554678440094,-0.15169811248779297,-0.055145084857940674,-0.13081234693527222,0.023740768432617188,-0.2414311170578003,-0.02588111162185669,-0.21553051471710205,-0.030795127153396606,-0.14068371057510376,-0.020679980516433716,-0.11923772096633911,0.0629827082157135,-0.20129388570785522,0.02001333236694336,-0.19136953353881836,0.0037066638469696045,-0.13903862237930298,0.005094766616821289,-0.11617022752761841
0,0.0,0.0,-0.07341417670249939,-0.023421943187713623,-0.13777443766593933,-0.06990998983383179,-0.18287896364927292,-0.11124664545059204,-0.16147702932357788,-0.1441020369529724,-0.08009867370128632,-0.2693566679954529,-0.16132478415966034,-0.24461805820465088,-0.15011662244796753,-0.16092824935913086,-0.12306958436965942,-0.14866280555725098,-0.043217360973358154,-0.2753148078918457,-0.13256464898586273,-0.24479269981384277,-0.12391065061092377,-0.1474512219429016,-0.0955374538898468,-0.13738417625427246,-0.01099008321762085,-0.2564229369163513,-0.0975518524646759,-0.23278206586837769,-0.09677179157733917,-0.1430787444114685,-0.06983639299869537,-0.1297069787979126,0.014115780591964722,-0.21984517574310303,-0.05742144584655762,-0.20451140403747559,-0.0676620751619339,-0.14566195011138916,-0.04892212152481079,-0.12708652019500732
0,0.0,0.0,-0.055031538009643555,-0.03299415111541748,-0.10177594423294067,-0.11072725057601929,-0.09574204683303833,-0.19106531143188477,-0.04565519094467163,-0.22580629587173462,-0.07984375953674316,-0.23633497953414917,-0.08643269538879395,-0.325656533241272,-0.08156371116638184,-0.2536696195602417,-0.07636934518814087,-0.20270252227783203,-0.033319175243377686,-0.2391607165336609,-0.0330580472946167,-0.3300737738609314,-0.04080462455749512,-0.23840856552124023,-0.04518401622772217,-0.18923693895339966,0.012194454669952393,-0.22734248638153076,0.013661324977874756,-0.2938438057899475,-0.006105363368988037,-0.20189690589904785,-0.017486393451690674,-0.15131312608718872,0.058006882667541504,-0.20327132940292358,0.05478835105895996,-0.2633700966835022,0.031249165534973145,-0.21189475059509277,0.014627695083618164,-0.17205727100372314
0,0.0,0.0,-0.0562475323677063,-0.034319162368774414,-0.10253220796585083,-0.10872173309326172,-0.09468322992324829,-0.18931585550308228,-0.044440507888793945,-0.22551709413528442,-0.08398699760437012,-0.23618078231811523,-0.08782964944839478,-0.3271362781524658,-0.08109325170516968,-0.2538379430770874,-0.07640671730041504,-0.20071905851364136,-0.03567737340927124,-0.2403942346572876,-0.03439652919769287,-0.3318706154823303,-0.03957599401473999,-0.2391687035560608,-0.04428797960281372,-0.18890678882598877,0.01107168197631836,-0.22971343994140625,0.01434016227722168,-0.29815375804901123,-0.0028380155563354492,-0.20400434732437134,-0.01402127742767334,-0.15120244026184082,0.057647526264190674,-0.20517367124557495,0.056883156299591064,-0.2625516653060913,0.034886062145233154,-0.20992010831832886,0.018303871154785156,-0.17004895210266113
0,0.0,0.0,-0.05697214603424072,-0.031442463397979736,-0.10400861501693726,-0.10085541009902954,-0.09511369466781616,-0.177745521068573,-0.046388328075408936,-0.21414750814437866,-0.08766603469848633,-0.22978800535202026,-0.09001260995864868,-0.3155719041824341,-0.08182716369628906,-0.24036431312561035,-0.07681310176849365,-0.18743640184402466,-0.03831130266189575,-0.23476111888885498,-0.03753364086151123,-0.32441234588623047,-0.04066723585128784,-0.2308153510093689,-0.04446709156036377,-0.18138843774795532,0.009515464305877686,-0.22442305088043213,0.01297539472579956,-0.28890711069107056,-0.0027184486389160156,-0.19398027658462524,-0.014056682586669922,-0.1426994800567627,0.05712360143661499,-0.2002987265586853,0.056045711040496826,-0.2552846074104309,0.03480267524719238,-0.20156264305114746,0.017329633235931396,-0.16344517469406128
0,0.0,0.0,-0.054598212242126465,-0.030545473098754883,-0.09905338287353516,-0.09691524505615234,-0.08711928129196167,-0.1691749095916748,-0.040172696113586426,-0.20546168088912964,-0.08563899993896484,-0.22687512636184692,-0.08715206384658813,-0.3121580481529236,-0.07941168546676636,-0.23749947547912598,-0.07393157482147217,-0.1852315068244934,-0.03536313772201538,-0.23270368576049805,-0.03344446420669556,-0.32330644130706787,-0.03681999444961548,-0.22794848680496216,-0.0392112135887146,-0.1789361834526062,0.012482225894927979,-0.2223602533340454,0.01803189516067505,-0.28585678339004517,0.0024825334548950195,-0.191369891166687,-0.007617533206939697,-0.1436716914176941,0.059739649295806885,-0.19780302047729492,0.06132936477661133,-0.2515220642089844,0.04103505611419678,-0.19644039869308472,0.025133609771728516,-0.15998685359954834
0,0.0,0.0,-0.05415499210357666,-0.0351027250289917,-0.09702444076538086,-0.10054177045822144,-0.08226007223129272,-0.16996550559997559,-0.03363931179046631,-0.20285147428512573,-0.0834386944770813,-0.23236215114593506,-0.08164602518081665,-0.3117963671684265,-0.07274460792541504,-0.2332659363746643,-0.06713974475860596,-0.18206137418746948,-0.03244602680206299,-0.23614031076431274,-0.027155637741088867,-0.31991350650787354,-0.0298805832862854,-0.2220979928970337,-0.03287988901138306,-0.177068293094635,0.015797078609466553,-0.22393327951431274,0.024673104286193848,-0.2828681468963623,0.01028507947921753,-0.18926769495010376,0.00024831295013427734,-0.1463187336921692,0.062794029712677,-0.19685512781143188,0.06794142723083496,-0.24935495853424072,0.04923045635223389,-0.1951565146446228,0.03364831209182739,-0.16212517023086548
0,0.0,0.0,-0.05302846431732178,-0.040888309478759766,-0.0920267105102539,-0.11024940013885498,-0.07450276613235474,-0.17820411920547485,-0.028600037097930908,-0.21737796068191528,-0.07841378450393677,-0.24231433868408203,-0.07445347309112549,-0.31640756130218506,-0.06920158863067627,-0.23620283603668213,-0.06556642055511475,-0.18761050701141357,-0.028053104877471924,-0.2435639500617981,-0.020706474781036377,-0.32475560903549194,-0.02689141035079956,-0.22770845890045166,-0.03099954128265381,-0.18415892124176025,0.019769251346588135,-0.23016375303268433,0.03035116195678711,-0.28883278369903564,0.013881087303161621,-0.19557404518127441,0.003505408763885498,-0.15320754051208496,0.06641620397567749,-0.2029496431350708,0.07216137647628784,-0.2582862973213196,0.053292810916900635,-0.20458203554153442,0.03848809003829956,-0.17196738719940186
0,0.0,0.0,-0.05845284461975098,-0.04298198223114014,-0.09422415494918823,-0.11877018213272095,-0.0692489743232727,-0.18633288145065308,-0.025954902172088623,-0.22086310386657715,-0.08198678493499756,-0.2396852970123291,-0.07671892642974854,-0.31405943632125854,-0.06978178024291992,-0.23627853393554688,-0.06728386878967285,-0.18797284364700317,-0.03063434362411499,-0.24121850728988647,-0.0220070481300354,-0.32307296991348267,-0.024032771587371826,-0.22725170850753784,-0.029933512210845947,-0.18154257535934448,0.01722729206085205,-0.2295600175857544,0.027538299560546875,-0.2897665500640869,0.015380144119262695,-0.19766217470169067,0.0030584335327148438,-0.15195035934448242,0.06347924470901489,-0.20528751611709595,0.07002419233322144,-0.2656409740447998,0.05427885055541992,-0.21034401655197144,0.03765130043029785,-0.17323321104049683
0,0.0,0.0,-0.0630219578742981,-0.04153907299041748,-0.09877300262451172,-0.12042325735092163,-0.07844167947769165,-0.19524019956588745,-0.046380460262298584,-0.24078190326690674,-0.09281742572784424,-0.23867541551589966,-0.08816123008728027,-0.31621962785720825,-0.07947903871536255,-0.24040061235427856,-0.0783807635307312,-0.19191718101501465,-0.04227423667907715,-0.24413037300109863,-0.03353232145309448,-0.326713502407074,-0.03327077627182007,-0.23397129774093628,-0.03926825523376465,-0.18986058235168457,0.005928099155426025,-0.23694992065429688,0.016398727893829346,-0.30085158348083496,0.006390213966369629,-0.21116971969604492,-0.0058724284172058105,-0.16559642553329468,0.05250507593154907,-0.2177715301513672,0.06071501970291138,-0.27839380502700806,0.0459170937538147,-0.22513586282730103,0.029609382152557373,-0.18944615125656128
0,0.0,0.0,-0.06705772876739502,-0.04968458414077759,-0.10549682378768921,-0.1348782181739807,-0.0910380482673645,-0.2192908525466919,-0.05547356605529785,-0.26537689566612244,-0.0988304615020752,-0.23845922946929932,-0.10205119848251343,-0.3288270831108093,-0.09214240312576294,-0.25223249197006226,-0.08814084529876709,-0.2041492760181427,-0.049881935119628906,-0.24629738926887512,-0.04886811971664429,-0.3397594094276428,-0.048469483852386475,-0.2469283938407898,-0.05161923170089722,-0.20202529430389404,-0.001721799373626709,-0.24313169717788696,0.0022256970405578613,-0.322742760181427,-0.0074405670166015625,-0.23187661170959473,-0.015681684017181396,-0.1795697808265686,0.04558950662612915,-0.22964996099472046,0.04979538917541504,-0.30456724762916565,0.03453892469406128,-0.254017174243927,0.021264076232910156,-0.21166864037513733
0,0.0,0.0,-0.06803888082504272,-0.0530322790145874,-0.10739272832870483,-0.1396428942680359,-0.09715288877487183,-0.232706218957901,-0.061720073223114014,-0.2932211756706238,-0.10260647535324097,-0.24827322363853455,-0.10687488317489624,-0.33831411600112915,-0.09700530767440796,-0.2584904432296753,-0.09085315465927124,-0.21012499928474426,-0.052491724491119385,-0.2571002244949341,-0.05204719305038452,-0.3534584045410156,-0.05130636692047119,-0.25329747796058655,-0.05261772871017456,-0.2083083987236023,-0.002576112747192383,-0.2542874217033386,0.001343071460723877,-0.3360415995121002,-0.008844912052154541,-0.2378138303756714,-0.016071319580078125,-0.18496373295783997,0.046731770038604736,-0.24028843641281128,0.0482754111289978,-0.3188016712665558,0.033311426639556885,-0.2639768421649933,0.02096956968307495,-0.22049179673194885
0,0.0,0.0,-0.06992208957672119,-0.062151312828063965,-0.10912281274795532,-0.1554495394229889,-0.09496480226516724,-0.2507558763027191,-0.05296891927719116,-0.31026776134967804,-0.10597306489944458,-0.2625124752521515,-0.10741937160491943,-0.357626274228096,-0.09639114141464233,-0.2748242914676666,-0.0895843505859375,-0.22446778416633606,-0.05327111482620239,-0.2719922959804535,-0.050077974796295166,-0.3732975125312805,-0.048738181591033936,-0.27089667320251465,-0.04895657300949097,-0.22567874193191528,-0.0008958578109741211,-0.26969555020332336,0.006768524646759033,-0.3596372455358505,-0.0032077431678771973,-0.2585223615169525,-0.010081171989440918,-0.2038259506225586,0.05088752508163452,-0.25546079874038696,0.05794483423233032,-0.3375377357006073,0.041480183601379395,-0.28049105405807495,0.027228176593780518,-0.23591965436935425
0,0.0,0.0,-0.07167249917984009,-0.0603298544883728,-0.11068534851074219,-0.15909132361412048,-0.09332150220870972,-0.2594922184944153,-0.04777514934539795,-0.3171301782131195,-0.11030638217926025,-0.2687930464744568,-0.10900121927261353,-0.3721071630716324,-0.09552919864654541,-0.28111129999160767,-0.08914852142333984,-0.227044939994812,-0.054335176944732666,-0.2797151207923889,-0.05018651485443115,-0.38653694093227386,-0.046160757541656494,-0.27714675664901733,-0.04653126001358032,-0.23109948635101318,0.00039821863174438477,-0.27811121940612793,0.00907742977142334,-0.3718896955251694,0.0016093254089355469,-0.2650168836116791,-0.005335748195648193,-0.2084374725818634,0.05396747589111328,-0.26374369859695435,0.06261545419692993,-0.3509223163127899,0.04728066921234131,-0.29015372693538666,0.03236114978790283,-0.2425883412361145
0,0.0,0.0,-0.08454877138137817,-0.062373608350753784,-0.13098055124282837,-0.16375672817230225,-0.11371314525604248,-0.26875871419906616,-0.07577025890350342,-0.331902340054512,-0.10808336734771729,-0.27922914922237396,-0.11707806587219238,-0.38033396005630493,-0.10898905992507935,-0.300494909286499,-0.10029810667037964,-0.24366918206214905,-0.054985880851745605,-0.2935866713523865,-0.055001020431518555,-0.39965586364269257,-0.05715453624725342,-0.2977392375469208,-0.05785316228866577,-0.23957157135009766,-0.0023163557052612305,-0.2942101061344147,0.0019783973693847656,-0.38830240070819855,-0.013557374477386475,-0.29185783863067627,-0.022015154361724854,-0.22833508253097534,0.05169272422790527,-0.2823733538389206,0.05450880527496338,-0.3707989752292633,0.03489232063293457,-0.3164259195327759,0.0200960636138916,-0.26431021094322205
0,0.0,0.0,-0.0839998722076416,-0.05510753393173218,-0.14248335361480713,-0.14556846022605896,-0.14206111431121826,-0.24922293424606323,-0.09610748291015625,-0.30306337773799896,-0.11590045690536499,-0.270476371049881,-0.13148313760757446,-0.3683105409145355,-0.12986832857131958,-0.2969970852136612,-0.12227684259414673,-0.2399180829524994,-0.06487053632736206,-0.2856307923793793,-0.07147938013076782,-0.38743074238300323,-0.077880859375,-0.2924371808767319,-0.07722562551498413,-0.2275943160057068,-0.013204514980316162,-0.2874205708503723,-0.018641531467437744,-0.37615835666656494,-0.03718852996826172,-0.28330594301223755,-0.042820096015930176,-0.20997822284698486,0.04065227508544922,-0.27716028690338135,0.03380107879638672,-0.3661045432090759,0.010090529918670654,-0.315666526556015,-0.004674375057220459,-0.2552236318588257
0,0.0,0.0,-0.07898664474487305,-0.05157601833343506,-0.1411878764629364,-0.14372888207435608,-0.14847546815872192,-0.24859929084777832,-0.10062378644943237,-0.2986534833908081,-0.11119288206100464,-0.26642435789108276,-0.12374839186668396,-0.35613179206848145,-0.1233944296836853,-0.2854114919900894,-0.11226439476013184,-0.22903823852539062,-0.06346803903579712,-0.27891913056373596,-0.0708126425743103,-0.37594322860240936,-0.0763554573059082,-0.2775111198425293,-0.07031559944152832,-0.20855990052223206,-0.01564878225326538,-0.27840185165405273,-0.02280879020690918,-0.3673251122236252,-0.039728760719299316,-0.27324147522449493,-0.0413936972618103,-0.19752734899520874,0.03389519453048706,-0.265139102935791,0.023829996585845947,-0.3509175628423691,0.0013751983642578125,-0.301055371761322,-0.00987231731414795,-0.240809828042984
0,0.0,0.0,-0.06810060143470764,-0.06345990300178528,-0.12103164196014404,-0.15033245086669922,-0.13718533515930176,-0.24971702694892883,-0.09058532118797302,-0.3056078255176544,-0.08989778161048889,-0.25702086091041565,-0.1021653413772583,-0.3507031947374344,-0.10574480891227722,-0.2850523442029953,-0.09768474102020264,-0.23218759894371033,-0.048057496547698975,-0.2646169662475586,-0.05375891923904419,-0.3660321533679962,-0.06769406795501709,-0.28014107048511505,-0.0675969123840332,-0.2183777391910553,-0.004523336887359619,-0.26162561774253845,-0.010475307703018188,-0.35974645614624023,-0.03449985384941101,-0.2748453617095947,-0.0411410927772522,-0.20305666327476501,0.041755735874176025,-0.24698686599731445,0.029938578605651855,-0.33192959427833557,0.006028115749359131,-0.28843626379966736,-0.005082964897155762,-0.232962965965271
0,0.0,0.0,-0.06764757633209229,-0.05857044458389282,-0.12333983182907104,-0.14987164735794067,-0.14070415496826172,-0.24851065874099731,-0.09860014915466309,-0.293662965297699,-0.09114518761634827,-0.2608785927295685,-0.1028279960155487,-0.35056763887405396,-0.10720500349998474,-0.2789800465106964,-0.09879955649375916,-0.22838172316551208,-0.048154473304748535,-0.2672766447067261,-0.05562672019004822,-0.3670962303876877,-0.06841182708740234,-0.2713642418384552,-0.0649929940700531,-0.209966778755188,-0.005017369985580444,-0.262204647064209,-0.011788159608840942,-0.35828255116939545,-0.0345308780670166,-0.2672865390777588,-0.03805306553840637,-0.19726809859275818,0.0393412709236145,-0.24534234404563904,0.028738707304000854,-0.33115507662296295,0.0035875439643859863,-0.2825879752635956,-0.0070965588092803955,-0.22500711679458618
0,0.0,0.0,-0.07194924354553223,-0.03009176254272461,-0.13715016841888428,-0.12287986278533936,-0.14087164402008057,-0.21411371231079102,-0.08933639526367188,-0.23286613821983337,-0.10384112596511841,-0.23707497119903564,-0.12158563733100891,-0.3278360366821289,-0.1190270483493805,-0.27026259899139404,-0.10615107417106628,-0.2182367742061615,-0.05994361639022827,-0.246597021818161,-0.07278510928153992,-0.33381980657577515,-0.07158499956130981,-0.2480568289756775,-0.06110793352127075,-0.19583076238632202,-0.01568758487701416,-0.24371573328971863,-0.02783823013305664,-0.316074013710022,-0.03368401527404785,-0.23104959726333618,-0.028128743171691895,-0.17771506309509277,0.031094133853912354,-0.23010468482971191,0.014305174350738525,-0.2997114062309265,0.0010380744934082031,-0.24565225839614868,0.001004636287689209,-0.20015108585357666
0,0.0,0.0,-0.07239919900894165,-0.03221261501312256,-0.13622620701789856,-0.13159292936325073,-0.13334953784942627,-0.22003835439682007,-0.07976597547531128,-0.23095399141311646,-0.10222327709197998,-0.2394167184829712,-0.11680477857589722,-0.33065149188041687,-0.11066597700119019,-0.2618862986564636,-0.09989851713180542,-0.21259617805480957,-0.056342244148254395,-0.24704882502555847,-0.06684744358062744,-0.3339711129665375,-0.06556659936904907,-0.24617427587509155,-0.05872708559036255,-0.20105838775634766,-0.010577976703643799,-0.24254322052001953,-0.019130945205688477,-0.31671664118766785,-0.025569915771484375,-0.23171108961105347,-0.023526787757873535,-0.18653684854507446,0.03734093904495239,-0.22765904664993286,0.023281395435333252,-0.2945913076400757,0.010601341724395752,-0.24031144380569458,0.009836554527282715,-0.2011227011680603
0,0.0,0.0,-0.08069020509719849,-0.032530248165130615,-0.15475279092788696,-0.127152681350708,-0.15765857696533203,-0.21500253677368164,-0.1036146879196167,-0.2107940912246704,-0.11845427751541138,-0.24026399850845337,-0.1418381929397583,-0.2764517068862915,-0.12520533800125122,-0.20060408115386963,-0.10991698503494263,-0.18553400039672852,-0.07040512561798096,-0.2551059126853943,-0.09146910905838013,-0.2786935567855835,-0.08005023002624512,-0.182855486869812,-0.06960976123809814,-0.1750240921974182,-0.021739602088928223,-0.2527703046798706,-0.04028141498565674,-0.26068174839019775,-0.03610628843307495,-0.16585034132003784,-0.0296289324760437,-0.16142898797988892,0.03089815378189087,-0.23818647861480713,0.004454970359802246,-0.2483404278755188,0.0008426904678344727,-0.17763084173202515,0.007418930530548096,-0.16616451740264893
0,0.0,0.0,-0.08277493715286255,-0.029339969158172607,-0.1549769639968872,-0.1153746247291565,-0.14480406045913696,-0.1925867199897766,-0.09166663885116577,-0.19713330268859863,-0.12180793285369873,-0.2277601957321167,-0.12276196479797363,-0.2627624273300171,-0.10858839750289917,-0.1877567172050476,-0.10327601432800293,-0.15979868173599243,-0.07223492860794067,-0.2392858862876892,-0.06879818439483643,-0.26172327995300293,-0.05739051103591919,-0.17727404832839966,-0.05896925926208496,-0.15884613990783691,-0.024030864238739014,-0.2359434962272644,-0.01869899034500122,-0.24666082859039307,-0.01411592960357666,-0.1699342131614685,-0.02202928066253662,-0.15638011693954468,0.023833513259887695,-0.2177063226699829,0.02292412519454956,-0.22683781385421753,0.022145748138427734,-0.16675007343292236,0.016477763652801514,-0.15100640058517456
0,0.0,0.0,-0.07487505674362183,-0.019377291202545166,-0.1420367956161499,-0.11917078495025635,-0.12551486492156982,-0.1976274847984314,-0.06616181135177612,-0.20027029514312744,-0.1214556097984314,-0.22604548931121826,-0.12412983179092407,-0.2624285817146301,-0.10404402017593384,-0.1900293231010437,-0.09775561094284058,-0.17388463020324707,-0.07259213924407959,-0.24037116765975952,-0.06563246250152588,-0.253417432308197,-0.05752706527709961,-0.16283667087554932,-0.06299012899398804,-0.1621573567390442,-0.02583223581314087,-0.23569750785827637,-0.013870477676391602,-0.22870224714279175,-0.01856917142868042,-0.14491689205169678,-0.030913352966308594,-0.1481078863143921,0.022125601768493652,-0.22237610816955566,0.02579718828201294,-0.20603495836257935,0.01480090618133545,-0.14434325695037842,0.001889944076538086,-0.14183586835861206
0,0.0,0.0,-0.07700222730636597,-0.02208232879638672,-0.14490818977355957,-0.1251165270805359,-0.13269120454788208,-0.20811879634857178,-0.07675600051879883,-0.20282697677612305,-0.11873680353164673,-0.23986876010894775,-0.12847262620925903,-0.2645722031593323,-0.11165928840637207,-0.1946130394935608,-0.10180240869522095,-0.182367742061615,-0.07035094499588013,-0.2555904984474182,-0.07667875289916992,-0.2613387107849121,-0.0696907639503479,-0.17282021045684814,-0.06884092092514038,-0.17385321855545044,-0.02382183074951172,-0.25053125619888306,-0.02379661798477173,-0.22822988033294678,-0.029164135456085205,-0.14581018686294556,-0.03548753261566162,-0.15508484840393066,0.023043453693389893,-0.23522067070007324,0.01619964838027954,-0.20285356044769287,0.005905807018280029,-0.1455988883972168,-9.047985076904297e-05,-0.1522303819656372
0,0.0,0.0,-0.07663822174072266,-0.024458348751068115,-0.14336735010147095,-0.12609833478927612,-0.12739932537078857,-0.20770180225372314,-0.06909114122390747,-0.20578444004058838,-0.11958944797515869,-0.239721417427063,-0.1304648518562317,-0.26519036293029785,-0.11451596021652222,-0.1953487992286682,-0.10402482748031616,-0.18208855390548706,-0.0708659291267395,-0.2568713426589966,-0.07750451564788818,-0.26441431045532227,-0.07123702764511108,-0.17651349306106567,-0.06998234987258911,-0.17627424001693726,-0.023501694202423096,-0.252690851688385,-0.023681044578552246,-0.2312825322151184,-0.030235230922698975,-0.14913588762283325,-0.0369189977645874,-0.15778684616088867,0.02434706687927246,-0.23695743083953857,0.017154037952423096,-0.20183974504470825,0.005556464195251465,-0.14427095651626587,-0.0009492039680480957,-0.15114492177963257
0,0.0,0.0,-0.08038967847824097,-0.060936689376831055,-0.12383300065994263,-0.1557304859161377,-0.1221272349357605,-0.2512664198875427,-0.0946008563041687,-0.31741708517074585,-0.1191900372505188,-0.23574736714363098,-0.14452755451202393,-0.32690301537513733,-0.13023614883422852,-0.25816065073013306,-0.1117820143699646,-0.21152526140213013,-0.0749087929725647,-0.24957522749900818,-0.0900006890296936,-0.3447229266166687,-0.08375352621078491,-0.253584086894989,-0.07331973314285278,-0.21009036898612976,-0.028050124645233154,-0.253465861082077,-0.04038494825363159,-0.33824995160102844,-0.04456907510757446,-0.243047297000885,-0.037848830223083496,-0.18886414170265198,0.021373748779296875,-0.24764606356620789,0.0027102231979370117,-0.3232542872428894,-0.007855117321014404,-0.26243478059768677,-0.004747211933135986,-0.21305733919143677
0,0.0,0.0,-0.08097398281097412,-0.060544610023498535,-0.12416934967041016,-0.158879816532135,-0.11388289928436279,-0.2589835226535797,-0.07696843147277832,-0.32308506965637207,-0.11655956506729126,-0.23702436685562134,-0.14296865463256836,-0.328083336353302,-0.13041186332702637,-0.255849689245224,-0.11249607801437378,-0.21161380410194397,-0.07219511270523071,-0.2517574727535248,-0.08895289897918701,-0.34836676716804504,-0.08463895320892334,-0.25535035133361816,-0.0737924575805664,-0.21485453844070435,-0.02504640817642212,-0.2548510432243347,-0.037495315074920654,-0.33983075618743896,-0.04351973533630371,-0.2409098744392395,-0.03701770305633545,-0.1880330741405487,0.025682270526885986,-0.24851718544960022,0.006086468696594238,-0.3236047327518463,-0.005535125732421875,-0.2613441050052643,-0.0021793246269226074,-0.2132515013217926
0,0.0,0.0,-0.08466088771820068,-0.055863797664642334,-0.13509327173233032,-0.15033817291259766,-0.13200604915618896,-0.2502288520336151,-0.09813761711120605,-0.30755600333213806,-0.12117999792098999,-0.23669180274009705,-0.14276635646820068,-0.325196236371994,-0.13120496273040771,-0.26191481947898865,-0.1163521409034729,-0.21604251861572266,-0.07687908411026001,-0.2510908842086792,-0.09190094470977783,-0.34462428092956543,-0.08698630332946777,-0.2577786147594452,-0.0772089958190918,-0.20999383926391602,-0.029462993144989014,-0.2555028200149536,-0.0423506498336792,-0.34085002541542053,-0.04743689298629761,-0.24759715795516968,-0.041243553161621094,-0.1878354549407959,0.021946430206298828,-0.2491871416568756,0.0029814839363098145,-0.3266226351261139,-0.010059952735900879,-0.27004677057266235,-0.009003043174743652,-0.22039127349853516
0,0.0,0.0,-0.08976465463638306,-0.05260738730430603,-0.14784646034240723,-0.1315019130706787,-0.15516570210456848,-0.22086092829704285,-0.12470003962516785,-0.27896904945373535,-0.11561951041221619,-0.21673911809921265,-0.14016634225845337,-0.2908555567264557,-0.13925385475158691,-0.24614426493644714,-0.1250421404838562,-0.19760790467262268,-0.07429203391075134,-0.2359500527381897,-0.09598511457443237,-0.3189478665590286,-0.09609702229499817,-0.2531017065048218,-0.08176347613334656,-0.1929967701435089,-0.029023975133895874,-0.24499017000198364,-0.051269084215164185,-0.32059285044670105,-0.059590041637420654,-0.24759013950824738,-0.050978124141693115,-0.17928531765937805,0.020717918872833252,-0.24270932376384735,-0.0035588741302490234,-0.31433019042015076,-0.024379432201385498,-0.2706882953643799,-0.029763072729110718,-0.21393513679504395
0,0.0,0.0,-0.0849049836397171,-0.0458507239818573,-0.13650590181350708,-0.11819946765899658,-0.15442562103271484,-0.19572579860687256,-0.13863900303840637,-0.2363261580467224,-0.11001764237880707,-0.18690183758735657,-0.1351243257522583,-0.24966450035572052,-0.14065015316009521,-0.23148059844970703,-0.12726092338562012,-0.2030245065689087,-0.07806026935577393,-0.20536023378372192,-0.10186296701431274,-0.27916988730430603,-0.10368072986602783,-0.22605140507221222,-0.08355717360973358,-0.17645347118377686,-0.04015696048736572,-0.2167896032333374,-0.06847421824932098,-0.28902170062065125,-0.07337915897369385,-0.23067258298397064,-0.052892446517944336,-0.17453154921531677,0.0041724443435668945,-0.22011718153953552,-0.029147952795028687,-0.28409625589847565,-0.04403144121170044,-0.24634844064712524,-0.03374260663986206,-0.19655612111091614
0,0.0,0.0,-0.07632362842559814,-0.050194889307022095,-0.12138396501541138,-0.13616153597831726,-0.11902743577957153,-0.21910962462425232,-0.10089749097824097,-0.261659175157547,-0.11053973436355591,-0.21035858988761902,-0.13035589456558228,-0.28782278299331665,-0.11065760254859924,-0.23069678246974945,-0.09458953142166138,-0.18277692794799805,-0.06954056024551392,-0.22241845726966858,-0.08031362295150757,-0.30420729517936707,-0.06668108701705933,-0.2267165333032608,-0.05945485830307007,-0.1774369478225708,-0.026375234127044678,-0.22523002326488495,-0.03619629144668579,-0.2956678420305252,-0.030478179454803467,-0.21897441148757935,-0.026272058486938477,-0.1693015992641449,0.017878174781799316,-0.21815505623817444,0.0036534667015075684,-0.28194089233875275,0.0023642778396606445,-0.22956958413124084,0.0044838786125183105,-0.18862125277519226
0,0.0,0.0,-0.06261110305786133,-0.04059714078903198,-0.10014408826828003,-0.1272299885749817,-0.06750744581222534,-0.1970624327659607,-0.023249387741088867,-0.22114777565002441,-0.10714441537857056,-0.2159181833267212,-0.11614102125167847,-0.2997947335243225,-0.0966375470161438,-0.22985142469406128,-0.08743137121200562,-0.18586653470993042,-0.05999147891998291,-0.2287663221359253,-0.06208360195159912,-0.3075423240661621,-0.04905647039413452,-0.22331154346466064,-0.048698604106903076,-0.19023042917251587,-0.014311552047729492,-0.23017793893814087,-0.012542426586151123,-0.29082685708999634,-0.00772327184677124,-0.21263885498046875,-0.011291861534118652,-0.18320363759994507,0.030658304691314697,-0.22115564346313477,0.02979642152786255,-0.2757255434989929,0.027635514736175537,-0.22325176000595093,0.024288415908813477,-0.19341230392456055
0,0.0,0.0,-0.06068003177642822,-0.037756502628326416,-0.10090750455856323,-0.11406594514846802,-0.07103627920150757,-0.18144023418426514,-0.023002266883850098,-0.20957040786743164,-0.09673047065734863,-0.22235935926437378,-0.09933614730834961,-0.2919462323188782,-0.08683186769485474,-0.22185742855072021,-0.0810403823852539,-0.1832781434059143,-0.04848206043243408,-0.2320876121520996,-0.04483389854431152,-0.30278003215789795,-0.03863602876663208,-0.2168862223625183,-0.041394174098968506,-0.1882866621017456,-0.0012962818145751953,-0.2275693416595459,0.007103979587554932,-0.2840745449066162,0.004107117652893066,-0.2048509120941162,-0.00406724214553833,-0.179252028465271,0.04533183574676514,-0.21021080017089844,0.048492372035980225,-0.2602382302284241,0.04069805145263672,-0.20623016357421875,0.031687021255493164,-0.18015456199645996
0,0.0,0.0,-0.06706863641738892,-0.039221763610839844,-0.11513262987136841,-0.11489349603652954,-0.10413706302642822,-0.18411928415298462,-0.06876832246780396,-0.22004348039627075,-0.09489402174949646,-0.23923438787460327,-0.1199142336845398,-0.2968546152114868,-0.1182272732257843,-0.21774417161941528,-0.10442721843719482,-0.18243438005447388,-0.05009645223617554,-0.24417948722839355,-0.06977075338363647,-0.30925452709198,-0.07391640543937683,-0.21591627597808838,-0.06290525197982788,-0.18950402736663818,-0.002766907215118408,-0.23733186721801758,-0.018314123153686523,-0.2921605110168457,-0.027654051780700684,-0.2013167142868042,-0.02102649211883545,-0.17677968740463257,0.04985928535461426,-0.22052985429763794,0.02778416872024536,-0.26918214559555054,0.013559043407440186,-0.20487850904464722,0.015973210334777832,-0.17786920070648193
0,0.0,0.0,-0.0708923190832138,-0.027856528759002686,-0.13684453070163727,-0.08299046754837036,-0.174748957157135,-0.13791054487228394,-0.15201393514871597,-0.18253523111343384,-0.10318131744861603,-0.23225736618041992,-0.15564272552728653,-0.26049697399139404,-0.1492580771446228,-0.1875879168510437,-0.12838663905858994,-0.15852022171020508,-0.06858755648136139,-0.2450793981552124,-0.1301894262433052,-0.267212450504303,-0.12395903468132019,-0.17718744277954102,-0.10005496442317963,-0.1542087197303772,-0.03247019648551941,-0.24471431970596313,-0.09776125848293304,-0.2601430416107178,-0.09605877101421356,-0.17317909002304077,-0.0733489841222763,-0.14647585153579712,0.004082933068275452,-0.2296934723854065,-0.06009484827518463,-0.24361956119537354,-0.0694764107465744,-0.18352359533309937,-0.05444487929344177,-0.1536855697631836
0,0.0,0.0,-0.0819489061832428,-0.022580206394195557,-0.16049602627754211,-0.08626443147659302,-0.18804329633712769,-0.15591150522232056,-0.1650157868862152,-0.20111042261123657,-0.14382214844226837,-0.20684975385665894,-0.19160081446170807,-0.24583745002746582,-0.1679324060678482,-0.18981873989105225,-0.1433265656232834,-0.17118221521377563,-0.1033022403717041,-0.2196933627128601,-0.1517065167427063,-0.25486278533935547,-0.1298069953918457,-0.18968123197555542,-0.1072492003440857,-0.169619619846344,-0.05964142084121704,-0.22340166568756104,-0.10560595989227295,-0.25138479471206665,-0.08930549025535583,-0.1875792145729065,-0.07007923722267151,-0.16496169567108154,-0.01330578327178955,-0.21710193157196045,-0.05748337507247925,-0.24587970972061157,-0.053899794816970825,-0.1982669234275818,-0.03817489743232727,-0.17388278245925903
0,0.0,0.0,-0.06369996070861816,-0.031640708446502686,-0.100583016872406,-0.10642892122268677,-0.0703839659690857,-0.16236072778701782,-0.02840900421142578,-0.18509382009506226,-0.0947234034538269,-0.2195187211036682,-0.103504478931427,-0.288654625415802,-0.08705151081085205,-0.21786510944366455,-0.07674604654312134,-0.17374014854431152,-0.04761207103729248,-0.2274431586265564,-0.049833595752716064,-0.2962198257446289,-0.0401800274848938,-0.21534234285354614,-0.039881348609924316,-0.1858367919921875,-0.001331627368927002,-0.22190898656845093,0.0037335753440856934,-0.2731790542602539,0.005017220973968506,-0.1984165906906128,-0.0008553862571716309,-0.17578816413879395,0.04426306486129761,-0.20329493284225464,0.04803723096847534,-0.2498396635055542,0.043395280838012695,-0.19576168060302734,0.037208378314971924,-0.17063021659851074
0,0.0,0.0,-0.06136190891265869,-0.021508872509002686,-0.10565185546875,-0.08564680814743042,-0.07687866687774658,-0.14045500755310059,-0.02637195587158203,-0.15876609086990356,-0.10062354803085327,-0.2095661163330078,-0.10389608144760132,-0.27616024017333984,-0.08855539560317993,-0.20017218589782715,-0.08327227830886841,-0.16024929285049438,-0.04798406362533569,-0.2168448567390442,-0.046150386333465576,-0.2859634757041931,-0.03634923696517944,-0.19430071115493774,-0.03845369815826416,-0.16464203596115112,0.002748548984527588,-0.2080308198928833,0.01324009895324707,-0.2611581087112427,0.012822628021240234,-0.17572426795959473,0.003217458724975586,-0.14809828996658325,0.05139070749282837,-0.18425965309143066,0.057940781116485596,-0.22782772779464722,0.05083656311035156,-0.17057770490646362,0.04039961099624634,-0.14421617984771729
0,0.0,0.0,-0.08022022247314453,-0.03139925003051758,-0.13880527019500732,-0.11153191328048706,-0.12472671270370483,-0.1910254955291748,-0.07537591457366943,-0.22537291049957275,-0.13730406761169434,-0.22343415021896362,-0.16028136014938354,-0.3080711364746094,-0.1409417986869812,-0.23051172494888306,-0.12487602233886719,-0.18164420127868652,-0.08236181735992432,-0.243353009223938,-0.10134363174438477,-0.3286217749118805,-0.08324086666107178,-0.22766703367233276,-0.07223010063171387,-0.188696026802063,-0.024563312530517578,-0.24772626161575317,-0.03732717037200928,-0.317992627620697,-0.030169785022735596,-0.22103768587112427,-0.02654397487640381,-0.18474692106246948,0.03677183389663696,-0.23864895105361938,0.022373557090759277,-0.29767870903015137,0.01681119203567505,-0.23237740993499756,0.014856815338134766,-0.19982755184173584
0,0.0,0.0,-0.09027385711669922,-0.03866058588027954,-0.15050190687179565,-0.12468522787094116,-0.14997678995132446,-0.22133606672286987,-0.12003564834594727,-0.27347758412361145,-0.14143913984298706,-0.23480698466300964,-0.16852080821990967,-0.31829431653022766,-0.14925265312194824,-0.2493712604045868,-0.13309502601623535,-0.2018474042415619,-0.09168672561645508,-0.25491249561309814,-0.1141747236251831,-0.34441089630126953,-0.09842395782470703,-0.25073811411857605,-0.08738255500793457,-0.20138269662857056,-0.03785187005996704,-0.2633235454559326,-0.05601531267166138,-0.34075354039669037,-0.05112040042877197,-0.2394360601902008,-0.04499316215515137,-0.1792900562286377,0.020393788814544678,-0.25959834456443787,0.00013452768325805664,-0.3344962000846863,-0.007900655269622803,-0.26989203691482544,-0.008398294448852539,-0.21671730279922485
0,0.0,0.0,-0.0913967490196228,-0.05055975914001465,-0.14907586574554443,-0.14207398891448975,-0.1433660387992859,-0.24077212810516357,-0.10775572061538696,-0.2933090925216675,-0.1427149772644043,-0.24070525169372559,-0.16910409927368164,-0.33094681799411774,-0.14526790380477905,-0.26399505138397217,-0.12613797187805176,-0.21436423063278198,-0.09172171354293823,-0.25926467776298523,-0.10946118831634521,-0.3565223515033722,-0.09058839082717896,-0.2629740536212921,-0.08040177822113037,-0.20918339490890503,-0.0367925763130188,-0.2671123147010803,-0.04961133003234863,-0.3523385673761368,-0.04219317436218262,-0.25291457772254944,-0.037503719329833984,-0.19085630774497986,0.0212094783782959,-0.26264688372612,0.0052190423011779785,-0.3426707983016968,0.0008489489555358887,-0.2803773283958435,0.0008983612060546875,-0.22837036848068237
0,0.0,0.0,-0.08382797241210938,-0.05379343032836914,-0.13928675651550293,-0.1401820182800293,-0.1262492537498474,-0.2381092607975006,-0.0736662745475769,-0.2851533591747284,-0.12266135215759277,-0.24993371963500977,-0.14298248291015625,-0.3349214494228363,-0.13124829530715942,-0.2610442638397217,-0.11780357360839844,-0.21638953685760498,-0.07216358184814453,-0.26426970958709717,-0.086722731590271,-0.3547346591949463,-0.08131319284439087,-0.25617197155952454,-0.07320207357406616,-0.21015679836273193,-0.019947588443756104,-0.2662619650363922,-0.029285848140716553,-0.34801381826400757,-0.0343284010887146,-0.24347257614135742,-0.031069457530975342,-0.18408232927322388,0.03543621301651001,-0.25525540113449097,0.023191213607788086,-0.3309999108314514,0.008828401565551758,-0.2674269378185272,0.004974842071533203,-0.21618559956550598
0,0.0,0.0,-0.08502638339996338,-0.046575307846069336,-0.1429128646850586,-0.131275475025177,-0.14018797874450684,-0.2277630865573883,-0.09626257419586182,-0.2769346833229065,-0.12749242782592773,-0.23687443137168884,-0.151236891746521,-0.3192671537399292,-0.14092934131622314,-0.2514398694038391,-0.1273929476737976,-0.20530018210411072,-0.0810200572013855,-0.25313976407051086,-0.10278618335723877,-0.3411003649234772,-0.09578019380569458,-0.25172996520996094,-0.08466368913650513,-0.20354831218719482,-0.03106778860092163,-0.25827744603157043,-0.05015534162521362,-0.33598750829696655,-0.05067199468612671,-0.23898431658744812,-0.04255133867263794,-0.1796513795852661,0.023347020149230957,-0.2510560154914856,-0.000341951847076416,-0.3217984139919281,-0.011229932308197021,-0.2579999268054962,-0.00933748483657837,-0.20451602339744568
0,0.0,0.0,-0.0837630033493042,-0.04289203882217407,-0.14356327056884766,-0.12841278314590454,-0.14330267906188965,-0.22519519925117493,-0.09990054368972778,-0.27157753705978394,-0.12795257568359375,-0.23637932538986206,-0.153059184551239,-0.3163354694843292,-0.14209771156311035,-0.24733546376228333,-0.12715190649032593,-0.20380911231040955,-0.0823519229888916,-0.2533252239227295,-0.10493260622024536,-0.3380306363105774,-0.09692102670669556,-0.24615436792373657,-0.08449304103851318,-0.2024608552455902,-0.033022522926330566,-0.2584097683429718,-0.0528794527053833,-0.33234161138534546,-0.05256927013397217,-0.23311039805412292,-0.04312711954116821,-0.1775168776512146,0.02084362506866455,-0.25161653757095337,-0.0031815171241760254,-0.31951627135276794,-0.014575481414794922,-0.25342199206352234,-0.012438297271728516,-0.20161199569702148
0,0.0,0.0,-0.08343589305877686,-0.04431593418121338,-0.14237910509109497,-0.13046914339065552,-0.14124852418899536,-0.22588622570037842,-0.0971076488494873,-0.27110162377357483,-0.1258518099784851,-0.23753952980041504,-0.1517394781112671,-0.3174562156200409,-0.14172428846359253,-0.24879521131515503,-0.127058744430542,-0.20426303148269653,-0.08058249950408936,-0.2539035379886627,-0.10338085889816284,-0.33799755573272705,-0.09689009189605713,-0.24678310751914978,-0.085296630859375,-0.20240560173988342,-0.031594157218933105,-0.25895220041275024,-0.051809847354888916,-0.33283987641334534,-0.05275702476501465,-0.23387494683265686,-0.04383033514022827,-0.1778024435043335,0.022158026695251465,-0.2521103620529175,-0.0027301907539367676,-0.3201042413711548,-0.013931214809417725,-0.2545276880264282,-0.011141359806060791,-0.2032071053981781
0,0.0,0.0,-0.08042263984680176,-0.04122209548950195,-0.1403825283050537,-0.12180674076080322,-0.14670085906982422,-0.21467790007591248,-0.10883307456970215,-0.2678544819355011,-0.12191915512084961,-0.2304687201976776,-0.14834445714950562,-0.3053033649921417,-0.1391514539718628,-0.23718330264091492,-0.12445592880249023,-0.19641250371932983,-0.07906806468963623,-0.24564850330352783,-0.1040799617767334,-0.32830989360809326,-0.09854429960250854,-0.23968568444252014,-0.08645480871200562,-0.19737055897712708,-0.031969428062438965,-0.2503579258918762,-0.05436283349990845,-0.32425373792648315,-0.05536383390426636,-0.2282429337501526,-0.045606374740600586,-0.17408061027526855,0.020027577877044678,-0.24365943670272827,-0.00814443826675415,-0.3092416822910309,-0.018657267093658447,-0.24472442269325256,-0.01415550708770752,-0.19463399052619934
0,0.0,0.0,-0.0821155309677124,-0.03691607713699341,-0.14696019887924194,-0.11649030447006226,-0.16175341606140137,-0.20871323347091675,-0.12004059553146362,-0.25405582785606384,-0.12701654434204102,-0.22549396753311157,-0.15913355350494385,-0.29662978649139404,-0.15081816911697388,-0.23026332259178162,-0.1335962414741516,-0.18872767686843872,-0.08543556928634644,-0.24299535155296326,-0.1146424412727356,-0.32262855768203735,-0.1094750165939331,-0.23614531755447388,-0.09435778856277466,-0.18806320428848267,-0.03875327110290527,-0.25023365020751953,-0.06713443994522095,-0.3193082809448242,-0.06627100706100464,-0.22483885288238525,-0.0520588755607605,-0.16641628742218018,0.01395261287689209,-0.2461852729320526,-0.021341145038604736,-0.30639830231666565,-0.030793309211730957,-0.24305576086044312,-0.022218286991119385,-0.19164282083511353
0,0.0,0.0,-0.07998239994049072,-0.03966635465621948,-0.14089184999465942,-0.12122541666030884,-0.1454932689666748,-0.212647944688797,-0.10524749755859375,-0.2616848945617676,-0.12208020687103271,-0.22464469075202942,-0.15423846244812012,-0.3050249218940735,-0.14126312732696533,-0.2310793697834015,-0.12389636039733887,-0.18803083896636963,-0.07858163118362427,-0.2393837869167328,-0.1076250672340393,-0.32302188873291016,-0.09879374504089355,-0.23016324639320374,-0.08416110277175903,-0.18822181224822998,-0.031347692012786865,-0.24397045373916626,-0.05911344289779663,-0.3161998987197876,-0.05756795406341553,-0.21744096279144287,-0.046014249324798584,-0.16469478607177734,0.020961880683898926,-0.23869556188583374,-0.01231163740158081,-0.3040173053741455,-0.022402167320251465,-0.23945292830467224,-0.01690530776977539,-0.19136479496955872
0,0.0,0.0,-0.07715940475463867,-0.037862956523895264,-0.1382341980934143,-0.1195712685585022,-0.1461089849472046,-0.21129661798477173,-0.10514944791793823,-0.26002874970436096,-0.11688154935836792,-0.2337513566017151,-0.14580416679382324,-0.30795109272003174,-0.13714265823364258,-0.23467332124710083,-0.12159115076065063,-0.19363856315612793,-0.07293730974197388,-0.24710297584533691,-0.10005736351013184,-0.3267936408519745,-0.09523665904998779,-0.23380208015441895,-0.08202880620956421,-0.19171959161758423,-0.02505970001220703,-0.24913614988327026,-0.050398290157318115,-0.31844255328178406,-0.05151146650314331,-0.21927934885025024,-0.040502309799194336,-0.16646677255630493,0.027708768844604492,-0.2393903136253357,-0.0029331445693969727,-0.301509290933609,-0.014001011848449707,-0.23547738790512085,-0.008530914783477783,-0.1865009069442749
0,0.0,0.0,-0.07756108045578003,-0.035782039165496826,-0.14113640785217285,-0.11807107925415039,-0.150829017162323,-0.2123202085494995,-0.10678881406784058,-0.2587588131427765,-0.1193200945854187,-0.2335282564163208,-0.15005779266357422,-0.30851060152053833,-0.1408793330192566,-0.23665979504585266,-0.12378180027008057,-0.19613510370254517,-0.07550859451293945,-0.24699309468269348,-0.1028481125831604,-0.32806670665740967,-0.09776943922042847,-0.2366378903388977,-0.0840907096862793,-0.19408077001571655,-0.02799093723297119,-0.24865210056304932,-0.05301862955093384,-0.31885185837745667,-0.05400800704956055,-0.2200351059436798,-0.042768776416778564,-0.1662999391555786,0.024446547031402588,-0.2384384274482727,-0.005624949932098389,-0.30124080181121826,-0.01722770929336548,-0.23542192578315735,-0.012474000453948975,-0.1856938600540161
0,0.0,0.0,-0.07670408487319946,-0.036921024322509766,-0.13968956470489502,-0.1184316873550415,-0.1509738564491272,-0.21255189180374146,-0.11063802242279053,-0.2644236087799072,-0.11947387456893921,-0.2327343225479126,-0.14917749166488647,-0.30951347947120667,-0.13964062929153442,-0.23527619242668152,-0.1234176754951477,-0.19386380910873413,-0.07537728548049927,-0.24708372354507446,-0.10381770133972168,-0.3305377960205078,-0.09835755825042725,-0.23828044533729553,-0.08487164974212646,-0.1971752643585205,-0.027137041091918945,-0.2496413290500641,-0.05362367630004883,-0.323034405708313,-0.05505824089050293,-0.22473150491714478,-0.044719696044921875,-0.17255842685699463,0.026085972785949707,-0.2404535710811615,-0.006034135818481445,-0.3046363294124603,-0.018069565296173096,-0.23883336782455444,-0.013817965984344482,-0.1895524263381958
0,0.0,0.0,-0.07703524827957153,-0.036690592765808105,-0.14127862453460693,-0.11936891078948975,-0.1522308588027954,-0.21449875831604004,-0.10861766338348389,-0.2609153091907501,-0.11972934007644653,-0.23512426018714905,-0.14982998371124268,-0.3116607069969177,-0.14069491624832153,-0.23714247345924377,-0.12456554174423218,-0.1958417296409607,-0.07503378391265869,-0.24940776824951172,-0.10369956493377686,-0.3314041793346405,-0.0982394814491272,-0.23778438568115234,-0.08444410562515259,-0.1951029896736145,-0.02649092674255371,-0.2514890432357788,-0.05351591110229492,-0.32386988401412964,-0.05504423379898071,-0.22517329454421997,-0.0444108247756958,-0.1720259189605713,0.026859641075134277,-0.24136847257614136,-0.005957245826721191,-0.30461370944976807,-0.018470048904418945,-0.2387983798980713,-0.01403743028640747,-0.18916654586791992
0,0.0,0.0,-0.07541680335998535,-0.03774440288543701,-0.13719093799591064,-0.11721956729888916,-0.14623546600341797,-0.20898771286010742,-0.10137331485748291,-0.2535417675971985,-0.11471641063690186,-0.23373901844024658,-0.14405494928359985,-0.3076362609863281,-0.13600683212280273,-0.2380603551864624,-0.12077343463897705,-0.19923055171966553,-0.07010233402252197,-0.2462611198425293,-0.0973014235496521,-0.32571670413017273,-0.09408456087112427,-0.2379601001739502,-0.08238357305526733,-0.19724100828170776,-0.02205657958984375,-0.2462107539176941,-0.04766494035720825,-0.31491994857788086,-0.05073362588882446,-0.21951931715011597,-0.04150962829589844,-0.16830599308013916,0.03057020902633667,-0.23383241891860962,-0.0011380910873413086,-0.2937930226325989,-0.014245331287384033,-0.22939181327819824,-0.0108146071434021,-0.18100523948669434
0,0.0,0.0,-0.07330495119094849,-0.03658407926559448,-0.13490283489227295,-0.1172339916229248,-0.1447380781173706,-0.20870471000671387,-0.09892863035202026,-0.2517393231391907,-0.11301875114440918,-0.23357009887695312,-0.1410290002822876,-0.30675309896469116,-0.13295847177505493,-0.23480522632598877,-0.11837279796600342,-0.19712746143341064,-0.0684921145439148,-0.24600750207901,-0.09533733129501343,-0.32414954900741577,-0.09207671880722046,-0.2346380352973938,-0.08063077926635742,-0.19606608152389526,-0.020539939403533936,-0.24523890018463135,-0.045943379402160645,-0.3110714554786682,-0.04883986711502075,-0.21483367681503296,-0.03971773386001587,-0.16611462831497192,0.03171271085739136,-0.2319743037223816,0.00017315149307250977,-0.2899743616580963,-0.012557506561279297,-0.22531747817993164,-0.00898122787475586,-0.17856663465499878
0,0.0,0.0,-0.07420748472213745,-0.03884899616241455,-0.1350153684616089,-0.1196715235710144,-0.1441652774810791,-0.21087467670440674,-0.09873098134994507,-0.2533014416694641,-0.11263549327850342,-0.23595112562179565,-0.14004284143447876,-0.30774229764938354,-0.13252896070480347,-0.23791074752807617,-0.11799412965774536,-0.2006170153617859,-0.06782007217407227,-0.24804961681365967,-0.0938950777053833,-0.32544517517089844,-0.09165209531784058,-0.23817318677902222,-0.08082431554794312,-0.20012670755386353,-0.01950228214263916,-0.24661403894424438,-0.04470139741897583,-0.3121930658817291,-0.048505306243896484,-0.21686291694641113,-0.03975456953048706,-0.16794359683990479,0.03308308124542236,-0.23230218887329102,0.0018038749694824219,-0.29092222452163696,-0.011949479579925537,-0.22676265239715576,-0.009114265441894531,-0.17970943450927734
0,0.0,0.0,-0.07228189706802368,-0.03785240650177002,-0.13354891538619995,-0.11856824159622192,-0.1435258984565735,-0.20926254987716675,-0.09766757488250732,-0.2505713105201721,-0.11219674348831177,-0.23600882291793823,-0.1398952603340149,-0.3077069818973541,-0.13179367780685425,-0.23528462648391724,-0.11715865135192871,-0.19972586631774902,-0.06679826974868774,-0.2475629448890686,-0.09314554929733276,-0.3240387737751007,-0.09032273292541504,-0.23351281881332397,-0.07899290323257446,-0.1980494260787964,-0.01815718412399292,-0.24536162614822388,-0.04337739944458008,-0.310738742351532,-0.047079622745513916,-0.21370172500610352,-0.038303911685943604,-0.16778844594955444,0.03455847501754761,-0.2306024432182312,0.0036312341690063477,-0.28904250264167786,-0.009562313556671143,-0.22424739599227905,-0.006325364112854004,-0.17969650030136108
0,0.0,0.0,-0.07241088151931763,-0.03639489412307739,-0.1341286301612854,-0.11694103479385376,-0.14393305778503418,-0.2078496217727661,-0.096798837184906,-0.24793308973312378,-0.11091047525405884,-0.2352619171142578,-0.1392187476158142,-0.30664560198783875,-0.1319531798362732,-0.23556369543075562,-0.11760097742080688,-0.19906598329544067,-0.06565463542938232,-0.2469698190689087,-0.09256035089492798,-0.32330673933029175,-0.09047526121139526,-0.23513001203536987,-0.07963788509368896,-0.19780319929122925,-0.017203152179718018,-0.24486035108566284,-0.04299485683441162,-0.3093225359916687,-0.04679238796234131,-0.2134457230567932,-0.038137972354888916,-0.16567933559417725,0.03535860776901245,-0.23013508319854736,0.004017770290374756,-0.28742438554763794,-0.009588539600372314,-0.22335022687911987,-0.006620943546295166,-0.1780298352241516
0,0.0,0.0,-0.073078453540802,-0.03698807954788208,-0.1342117190361023,-0.1169465184211731,-0.14403843879699707,-0.20744580030441284,-0.09838700294494629,-0.2483174204826355,-0.11085343360900879,-0.23421353101730347,-0.13900429010391235,-0.3060007691383362,-0.13218438625335693,-0.23678654432296753,-0.11805999279022217,-0.1995025873184204,-0.06568348407745361,-0.2457585334777832,-0.09240370988845825,-0.32292985916137695,-0.09097081422805786,-0.23689508438110352,-0.0807768702507019,-0.19934678077697754,-0.017186880111694336,-0.24380838871002197,-0.04298365116119385,-0.30821505188941956,-0.04725313186645508,-0.21347427368164062,-0.03908252716064453,-0.1655186414718628,0.035453855991363525,-0.22939974069595337,0.00422590970993042,-0.28696244955062866,-0.009824872016906738,-0.22363150119781494,-0.007333636283874512,-0.17821848392486572
0,0.0,0.0,-0.07262331247329712,-0.03580278158187866,-0.13414019346237183,-0.11695867776870728,-0.14375263452529907,-0.2077854871749878,-0.09774315357208252,-0.2477005124092102,-0.11071139574050903,-0.23414009809494019,-0.13931256532669067,-0.30560997128486633,-0.13188529014587402,-0.2353929877281189,-0.11689722537994385,-0.19950300455093384,-0.06579512357711792,-0.24590128660202026,-0.09275084733963013,-0.32283785939216614,-0.09105032682418823,-0.23569649457931519,-0.07992953062057495,-0.19959521293640137,-0.017557621002197266,-0.2436826229095459,-0.04324841499328613,-0.3089842200279236,-0.04735589027404785,-0.21360242366790771,-0.0383068323135376,-0.16695445775985718,0.03510487079620361,-0.2290704846382141,0.0036290884017944336,-0.2859761118888855,-0.010302424430847168,-0.22230881452560425,-0.007134556770324707,-0.17809444665908813
0,0.0,0.0,-0.072409987449646,-0.03616523742675781,-0.13388365507125854,-0.11679160594940186,-0.14392590522766113,-0.20712751150131226,-0.09854668378829956,-0.24841272830963135,-0.11126518249511719,-0.23565798997879028,-0.14018934965133667,-0.30619126558303833,-0.1319270133972168,-0.23556125164031982,-0.11674875020980835,-0.20086443424224854,-0.06612622737884521,-0.2470533847808838,-0.09378504753112793,-0.3222999572753906,-0.09080278873443604,-0.2340196967124939,-0.07899558544158936,-0.19938141107559204,-0.017670273780822754,-0.24444341659545898,-0.04445064067840576,-0.30810803174972534,-0.0477069616317749,-0.21222609281539917,-0.03802609443664551,-0.16711604595184326,0.03498208522796631,-0.229367196559906,0.0027166008949279785,-0.28601354360580444,-0.010960936546325684,-0.22176706790924072,-0.007539868354797363,-0.1777896285057068
2,0.0,0.0,-0.05523395538330078,-0.03460758924484253,-0.09374076128005981,-0.13269948959350586,-0.08313161134719849,-0.22888845205307007,-0.07418644428253174,-0.30157536268234253,-0.09673440456390381,-0.25893163681030273,-0.11549758911132812,-0.38344085216522217,-0.12056499719619751,-0.4577362537384033,-0.12154912948608398,-0.5210570096969604,-0.04635077714920044,-0.25406914949417114,-0.0624886155128479,-0.3252716660499573,-0.06642699241638184,-0.2590649724006653,-0.06509155035018921,-0.20167821645736694,0.0030322670936584473,-0.23509371280670166,-0.014427125453948975,-0.27758270502090454,-0.022741496562957764,-0.180162250995636,-0.024922847747802734,-0.11523228883743286,0.04900026321411133,-0.2049838900566101,0.023342370986938477,-0.2270464301109314,0.008038759231567383,-0.15354692935943604,0.003204166889190674,-0.1038818359375
2,0.0,0.0,-0.05532956123352051,-0.03406590223312378,-0.09440159797668457,-0.13288557529449463,-0.08283227682113647,-0.2298082709312439,-0.07402068376541138,-0.30389702320098877,-0.09698688983917236,-0.2603968381881714,-0.11566817760467529,-0.3858358860015869,-0.12044882774353027,-0.46057265996932983,-0.12143480777740479,-0.5242992639541626,-0.046620845794677734,-0.2543039321899414,-0.06200671195983887,-0.328304648399353,-0.06966507434844971,-0.2698577046394348,-0.07176578044891357,-0.21907728910446167,0.0028364062309265137,-0.23422777652740479,-0.014200925827026367,-0.27936649322509766,-0.02391338348388672,-0.18238019943237305,-0.02636277675628662,-0.11759018898010254,0.04849272966384888,-0.20314329862594604,0.023134589195251465,-0.2293635606765747,0.007377564907073975,-0.15557777881622314,0.00288468599319458,-0.10513126850128174
2,0.0,0.0,-0.0557672381401062,-0.033947110176086426,-0.0952523946762085,-0.13210368156433105,-0.08465367555618286,-0.22839409112930298,-0.07633399963378906,-0.301480770111084,-0.09826266765594482,-0.25815677642822266,-0.11734539270401001,-0.38411998748779297,-0.12205362319946289,-0.4590418338775635,-0.12329953908920288,-0.5235156714916229,-0.04790252447128296,-0.2527281641960144,-0.06305444240570068,-0.3265097141265869,-0.06761389970779419,-0.26136887073516846,-0.0676237940788269,-0.2047979235649109,0.0014546513557434082,-0.23380017280578613,-0.015279591083526611,-0.2793455719947815,-0.024147748947143555,-0.18229293823242188,-0.027104616165161133,-0.1170392632484436,0.04755789041519165,-0.20456993579864502,0.022821366786956787,-0.22894036769866943,0.007631659507751465,-0.15567952394485474,0.0026654601097106934,-0.10545957088470459
2,0.0,0.0,-0.05519914627075195,-0.03435903787612915,-0.09425216913223267,-0.133209228515625,-0.08386874198913574,-0.23071825504302979,-0.07522982358932495,-0.30412405729293823,-0.0979648232460022,-0.2595980763435364,-0.11769545078277588,-0.3860552906990051,-0.12300866842269897,-0.46087563037872314,-0.12432605028152466,-0.5253877341747284,-0.046790242195129395,-0.2548617124557495,-0.060594797134399414,-0.3259226083755493,-0.06327134370803833,-0.25561434030532837,-0.06144380569458008,-0.19526702165603638,0.0030249953269958496,-0.23634886741638184,-0.012835025787353516,-0.27787917852401733,-0.02195131778717041,-0.1797153353691101,-0.025604963302612305,-0.11463499069213867,0.04924511909484863,-0.20720845460891724,0.024929940700531006,-0.22917413711547852,0.00969231128692627,-0.15563064813613892,0.004340946674346924,-0.10618585348129272
2,0.0,0.0,-0.054368019104003906,-0.03389793634414673,-0.09260118007659912,-0.128118097782135,-0.0823090672492981,-0.22097432613372803,-0.07478421926498413,-0.2933064103126526,-0.09842056035995483,-0.26268643140792847,-0.1171196699142456,-0.3870370388031006,-0.1225806474685669,-0.4611004590988159,-0.12431979179382324,-0.5244278609752655,-0.047485530376434326,-0.25788813829421997,-0.06295591592788696,-0.3285391926765442,-0.06866908073425293,-0.26345711946487427,-0.06871098279953003,-0.20687222480773926,0.002148151397705078,-0.2380867600440979,-0.014627158641815186,-0.2782454490661621,-0.02419191598892212,-0.18157202005386353,-0.026643455028533936,-0.11767661571502686,0.047984421253204346,-0.20692366361618042,0.023153245449066162,-0.2265121340751648,0.00789254903793335,-0.15374457836151123,0.003920912742614746,-0.10534560680389404
2,0.0,0.0,-0.05449146032333374,-0.035179734230041504,-0.09306460618972778,-0.1318175196647644,-0.08261442184448242,-0.22759294509887695,-0.07604646682739258,-0.30168765783309937,-0.09801298379898071,-0.2614046335220337,-0.11755627393722534,-0.3864288330078125,-0.12383687496185303,-0.46062320470809937,-0.12631970643997192,-0.5245372951030731,-0.04734301567077637,-0.2552109956741333,-0.06283742189407349,-0.3306717872619629,-0.07053101062774658,-0.26848161220550537,-0.07173079252243042,-0.2142835259437561,0.0022963285446166992,-0.23421531915664673,-0.014390707015991211,-0.28117382526397705,-0.024218738079071045,-0.18370801210403442,-0.026000380516052246,-0.11949300765991211,0.04857158660888672,-0.20218658447265625,0.02382338047027588,-0.23323196172714233,0.007822513580322266,-0.1606183648109436,0.0036785006523132324,-0.11050450801849365
2,0.0,0.0,-0.05328792333602905,-0.03599214553833008,-0.09171760082244873,-0.1318126916885376,-0.08165431022644043,-0.22660434246063232,-0.07496511936187744,-0.3001771569252014,-0.09743601083755493,-0.26168978214263916,-0.11763149499893188,-0.38553279638290405,-0.12416869401931763,-0.4591858983039856,-0.126700758934021,-0.5224522650241852,-0.04688817262649536,-0.25615596771240234,-0.06287717819213867,-0.32748258113861084,-0.0698845386505127,-0.263599693775177,-0.0701645016670227,-0.20990008115768433,0.002911210060119629,-0.23546266555786133,-0.013737201690673828,-0.27843648195266724,-0.022999465465545654,-0.1801578402519226,-0.024154365062713623,-0.11684298515319824,0.04945015907287598,-0.20346695184707642,0.025641202926635742,-0.23078209161758423,0.009480178356170654,-0.15853190422058105,0.0053751468658447266,-0.11054110527038574
2,0.0,0.0,-0.0550229549407959,-0.03751927614212036,-0.0924939513206482,-0.13379108905792236,-0.08193284273147583,-0.22805160284042358,-0.07539498805999756,-0.3012279272079468,-0.09723275899887085,-0.26053017377853394,-0.11753952503204346,-0.38396555185317993,-0.12432360649108887,-0.457965612411499,-0.12706845998764038,-0.5219330787658691,-0.04670977592468262,-0.2543773651123047,-0.060487568378448486,-0.32777833938598633,-0.06530249118804932,-0.2587472200393677,-0.06416600942611694,-0.19928765296936035,0.002862870693206787,-0.23334503173828125,-0.012585759162902832,-0.27949708700180054,-0.0224800705909729,-0.18215429782867432,-0.024659454822540283,-0.1185043454170227,0.04900527000427246,-0.20085060596466064,0.0261421799659729,-0.2328014373779297,0.009997069835662842,-0.16130805015563965,0.00503617525100708,-0.11197882890701294
2,0.0,0.0,-0.055618345737457275,-0.03700995445251465,-0.09355062246322632,-0.13546490669250488,-0.08252501487731934,-0.23136425018310547,-0.07573932409286499,-0.30511486530303955,-0.09740203619003296,-0.2600540518760681,-0.11827743053436279,-0.3836478590965271,-0.12445276975631714,-0.4573429822921753,-0.12660139799118042,-0.521074652671814,-0.046784818172454834,-0.25435829162597656,-0.06107652187347412,-0.32526981830596924,-0.06533747911453247,-0.2564736604690552,-0.06397861242294312,-0.19854295253753662,0.0029712319374084473,-0.23366719484329224,-0.013402938842773438,-0.2802751064300537,-0.022692084312438965,-0.18287765979766846,-0.0244714617729187,-0.11927545070648193,0.04928934574127197,-0.2016822099685669,0.024934053421020508,-0.23237675428390503,0.009015977382659912,-0.16032928228378296,0.004396617412567139,-0.11142665147781372
2,0.0,0.0,-0.05508488416671753,-0.03649008274078369,-0.09372448921203613,-0.13450396060943604,-0.08317887783050537,-0.2304059863090515,-0.07548642158508301,-0.3048994541168213,-0.09820139408111572,-0.2596450448036194,-0.1185075044631958,-0.3839455246925354,-0.12468874454498291,-0.45839810371398926,-0.12661510705947876,-0.5224930047988892,-0.04792129993438721,-0.2537519335746765,-0.0629655122756958,-0.32843297719955444,-0.06945568323135376,-0.2647472620010376,-0.06945914030075073,-0.20976901054382324,0.0020253658294677734,-0.23297268152236938,-0.014761149883270264,-0.2805814743041992,-0.023956000804901123,-0.18265962600708008,-0.024926722049713135,-0.11876404285430908,0.04892045259475708,-0.20083075761795044,0.024858057498931885,-0.2334059476852417,0.008845746517181396,-0.16090178489685059,0.0045073628425598145,-0.1112794280052185
2,0.0,0.0,-0.055274367332458496,-0.0355646014213562,-0.09439098834991455,-0.13275998830795288,-0.08414512872695923,-0.22834181785583496,-0.07552444934844971,-0.30159062147140503,-0.09785765409469604,-0.2575896978378296,-0.11843883991241455,-0.38168865442276,-0.12509280443191528,-0.45615655183792114,-0.12735527753829956,-0.5205702483654022,-0.047678232192993164,-0.2531147003173828,-0.06321525573730469,-0.32660478353500366,-0.0678170919418335,-0.25827306509017944,-0.06646955013275146,-0.20032179355621338,0.0018181800842285156,-0.23408353328704834,-0.015314817428588867,-0.27863872051239014,-0.023999035358428955,-0.18012875318527222,-0.02569413185119629,-0.11644208431243896,0.048281848430633545,-0.2041226029396057,0.02319997549057007,-0.2327144742012024,0.008230745792388916,-0.1592373251914978,0.004299342632293701,-0.11039525270462036
2,0.0,0.0,-0.05550706386566162,-0.03710794448852539,-0.09422588348388672,-0.13492661714553833,-0.08436048030853271,-0.23043256998062134,-0.07606208324432373,-0.30322927236557007,-0.0966482162475586,-0.259027898311615,-0.11771994829177856,-0.3814602494239807,-0.12471163272857666,-0.4553738236427307,-0.12731021642684937,-0.5189589560031891,-0.04663974046707153,-0.2537038326263428,-0.06297457218170166,-0.32515770196914673,-0.06657987833023071,-0.25764358043670654,-0.0640292763710022,-0.19916069507598877,0.002628147602081299,-0.23389607667922974,-0.014749407768249512,-0.2776981592178345,-0.023434460163116455,-0.18019068241119385,-0.025119006633758545,-0.11574214696884155,0.048936545848846436,-0.203144371509552,0.024026155471801758,-0.23268401622772217,0.008493185043334961,-0.16024136543273926,0.0038428306579589844,-0.11009430885314941
2,0.0,0.0,-0.0546075701713562,-0.034736037254333496,-0.09368914365768433,-0.13242506980895996,-0.0834892988204956,-0.22840964794158936,-0.07515698671340942,-0.3006904721260071,-0.09798729419708252,-0.2572624087333679,-0.11902213096618652,-0.3813772201538086,-0.12567239999771118,-0.45595473051071167,-0.12825638055801392,-0.5196622610092163,-0.04790985584259033,-0.25232505798339844,-0.06369137763977051,-0.324016809463501,-0.0668027400970459,-0.25528383255004883,-0.06479626893997192,-0.19621413946151733,0.001468062400817871,-0.2330695390701294,-0.015446126461029053,-0.2783936858177185,-0.023795127868652344,-0.18057888746261597,-0.025793373584747314,-0.11604505777359009,0.04758173227310181,-0.20311594009399414,0.02289724349975586,-0.23062896728515625,0.007852315902709961,-0.15784311294555664,0.0034688711166381836,-0.10876238346099854
2,0.0,0.0,-0.055186688899993896,-0.036686718463897705,-0.09397226572036743,-0.13395756483078003,-0.0843687653541565,-0.22943216562271118,-0.07522702217102051,-0.30215567350387573,-0.09666645526885986,-0.25912338495254517,-0.11760121583938599,-0.3815874457359314,-0.12478744983673096,-0.4547874331474304,-0.12758541107177734,-0.5177697837352753,-0.0462300181388855,-0.25327932834625244,-0.061317265033721924,-0.32327407598495483,-0.06253039836883545,-0.24654483795166016,-0.05764800310134888,-0.18129771947860718,0.0028905272483825684,-0.23314976692199707,-0.014073312282562256,-0.27608829736709595,-0.022639751434326172,-0.17825990915298462,-0.024366319179534912,-0.11496275663375854,0.04882460832595825,-0.20196425914764404,0.02439749240875244,-0.23164135217666626,0.008943498134613037,-0.1590341329574585,0.0039664506912231445,-0.1095423698425293
2,0.0,0.0,-0.054940104484558105,-0.03716951608657837,-0.09306681156158447,-0.1346898078918457,-0.08256381750106812,-0.22913485765457153,-0.07511234283447266,-0.30155396461486816,-0.09682059288024902,-0.2607526183128357,-0.11757194995880127,-0.3833774924278259,-0.12452632188796997,-0.4564993381500244,-0.12732148170471191,-0.5193603038787842,-0.04635584354400635,-0.2549089789390564,-0.06054168939590454,-0.32411080598831177,-0.06332653760910034,-0.24977511167526245,-0.06015712022781372,-0.18692827224731445,0.0029330849647521973,-0.23423385620117188,-0.013187646865844727,-0.27715492248535156,-0.02280217409133911,-0.1803644299507141,-0.024940192699432373,-0.11740171909332275,0.049113571643829346,-0.2022497057914734,0.025501132011413574,-0.23143529891967773,0.008799612522125244,-0.15928077697753906,0.0032386183738708496,-0.10962003469467163
2,0.0,0.0,-0.055326104164123535,-0.03516727685928345,-0.09388792514801025,-0.13146942853927612,-0.08391767740249634,-0.22694051265716553,-0.07549089193344116,-0.2998896837234497,-0.09691041707992554,-0.25624412298202515,-0.11880433559417725,-0.3794342279434204,-0.12648773193359375,-0.4534507393836975,-0.12996208667755127,-0.5172922313213348,-0.046601057052612305,-0.2514200210571289,-0.06162762641906738,-0.3220961093902588,-0.06425082683563232,-0.2508428692817688,-0.06145673990249634,-0.19021397829055786,0.002598702907562256,-0.23229724168777466,-0.014275074005126953,-0.2753080725669861,-0.022769510746002197,-0.17816591262817383,-0.02470332384109497,-0.11466282606124878,0.048650503158569336,-0.2020876407623291,0.02441692352294922,-0.22896748781204224,0.008779346942901611,-0.1562361717224121,0.0032293200492858887,-0.10673433542251587
2,0.0,0.0,-0.054981231689453125,-0.03398329019546509,-0.09479045867919922,-0.12947911024093628,-0.0861700177192688,-0.22397232055664062,-0.07814252376556396,-0.29612618684768677,-0.09613007307052612,-0.2568005323410034,-0.1182934045791626,-0.3806799054145813,-0.1262592077255249,-0.4545694589614868,-0.1298031210899353,-0.5180204808712006,-0.04600721597671509,-0.251404345035553,-0.061075806617736816,-0.32195132970809937,-0.061997175216674805,-0.24560695886611938,-0.05796259641647339,-0.1806979775428772,0.002738654613494873,-0.23217248916625977,-0.013994872570037842,-0.27634018659591675,-0.02275550365447998,-0.17946189641952515,-0.025601327419281006,-0.11603695154190063,0.048753440380096436,-0.20256942510604858,0.02395153045654297,-0.22719037532806396,0.00887233018875122,-0.15471208095550537,0.0039031505584716797,-0.10582715272903442
2,0.0,0.0,-0.05660921335220337,-0.03392672538757324,-0.09778827428817749,-0.12591350078582764,-0.09290516376495361,-0.217623770236969,-0.0858454704284668,-0.2887166738510132,-0.0962066650390625,-0.25713980197906494,-0.1178632378578186,-0.3809555172920227,-0.1254255771636963,-0.4544299244880676,-0.12871474027633667,-0.5178141891956329,-0.04652965068817139,-0.25117725133895874,-0.062199175357818604,-0.31902623176574707,-0.06349974870681763,-0.24257582426071167,-0.059642910957336426,-0.17944490909576416,0.0016608238220214844,-0.2325538992881775,-0.015954911708831787,-0.2745698094367981,-0.024821758270263672,-0.1771191954612732,-0.02785813808441162,-0.11404109001159668,0.047751784324645996,-0.20362210273742676,0.02212756872177124,-0.22961938381195068,0.007286965847015381,-0.15644603967666626,0.002236008644104004,-0.10741192102432251
2,0.0,0.0,-0.057604968547821045,-0.03731238842010498,-0.09903407096862793,-0.1328105330467224,-0.09351754188537598,-0.22630459070205688,-0.08226239681243896,-0.2971958518028259,-0.0914800763130188,-0.2585557699203491,-0.11032265424728394,-0.3823089003562927,-0.11580926179885864,-0.45527923107147217,-0.118338942527771,-0.5179873406887054,-0.042101502418518066,-0.25029951333999634,-0.055553436279296875,-0.3087683320045471,-0.058521151542663574,-0.22355008125305176,-0.05637931823730469,-0.1574360728263855,0.005092263221740723,-0.2303708791732788,-0.012331068515777588,-0.272270143032074,-0.022807419300079346,-0.17512232065200806,-0.026384294033050537,-0.11336421966552734,0.050715625286102295,-0.2007012963294983,0.02557671070098877,-0.23098081350326538,0.009990453720092773,-0.16043025255203247,0.0051465630531311035,-0.11318302154541016
2,0.0,0.0,-0.05562722682952881,-0.03817391395568848,-0.09021234512329102,-0.126797616481781,-0.09870287775993347,-0.20233619213104248,-0.10911840200424194,-0.26588523387908936,-0.057860493659973145,-0.24460411071777344,-0.06729346513748169,-0.3451826572418213,-0.07163941860198975,-0.4077531099319458,-0.07365173101425171,-0.46089643239974976,-0.018980979919433594,-0.24270790815353394,-0.06370335817337036,-0.28543782234191895,-0.07370728254318237,-0.2033827304840088,-0.06873065233230591,-0.14266437292099,0.014795780181884766,-0.2251371145248413,-0.03562295436859131,-0.23796939849853516,-0.043260037899017334,-0.15388435125350952,-0.03767037391662598,-0.10237109661102295,0.04369586706161499,-0.19511264562606812,-0.004641413688659668,-0.19864577054977417,-0.016876637935638428,-0.1364198923110962,-0.013543963432312012,-0.09836161136627197
2,0.0,0.0,-0.05098843574523926,-0.033648133277893066,-0.08363348245620728,-0.1264055371284485,-0.07765352725982666,-0.21124309301376343,-0.08285117149353027,-0.27628040313720703,-0.09059393405914307,-0.2367892861366272,-0.11189925670623779,-0.3426346182823181,-0.12311208248138428,-0.40936654806137085,-0.13142472505569458,-0.4656650125980377,-0.046442627906799316,-0.2351628541946411,-0.05878758430480957,-0.2779185175895691,-0.059373676776885986,-0.19965112209320068,-0.054379284381866455,-0.14586663246154785,-0.0034615397453308105,-0.21855378150939941,-0.021344482898712158,-0.24762845039367676,-0.024888217449188232,-0.16019773483276367,-0.020458340644836426,-0.11510759592056274,0.03970062732696533,-0.19014418125152588,0.016875922679901123,-0.21430212259292603,0.006244540214538574,-0.15002918243408203,0.0076296329498291016,-0.11594486236572266
2,0.0,0.0,-0.053090453147888184,-0.031496405601501465,-0.09443044662475586,-0.11547166109085083,-0.09987133741378784,-0.19954216480255127,-0.10237360000610352,-0.26608097553253174,-0.10485607385635376,-0.23814767599105835,-0.1199483871459961,-0.3377279043197632,-0.12816935777664185,-0.40020906925201416,-0.13280898332595825,-0.45549947023391724,-0.05402100086212158,-0.2466985583305359,-0.06415647268295288,-0.26733410358428955,-0.06993412971496582,-0.1926480531692505,-0.0706859827041626,-0.15254569053649902,-0.0063590407371521,-0.23163092136383057,-0.022782444953918457,-0.23053473234176636,-0.03026294708251953,-0.15307259559631348,-0.0303228497505188,-0.12430202960968018,0.03737384080886841,-0.20142775774002075,0.013895928859710693,-0.19309300184249878,0.0030194520950317383,-0.13762450218200684,0.005207240581512451,-0.11699074506759644
2,0.0,0.0,-0.04957270622253418,-0.046990811824798584,-0.07592201232910156,-0.13761943578720093,-0.054136812686920166,-0.2256838083267212,-0.04041212797164917,-0.28734177350997925,-0.10007494688034058,-0.245855450630188,-0.12261956930160522,-0.3563222885131836,-0.13074606657028198,-0.42841750383377075,-0.13749974966049194,-0.4844076633453369,-0.0505179762840271,-0.24326246976852417,-0.04144686460494995,-0.30202919244766235,-0.044985949993133545,-0.23874998092651367,-0.05373191833496094,-0.18091493844985962,-0.002970576286315918,-0.2204633355140686,0.0027451515197753906,-0.2538617253303528,-0.006697535514831543,-0.1772862672805786,-0.017227351665496826,-0.1328752636909485,0.03956359624862671,-0.1818253993988037,0.039335668087005615,-0.21346616744995117,0.025429189205169678,-0.15644067525863647,0.013895392417907715,-0.1204603910446167
2,0.0,0.0,-0.05468398332595825,-0.0574268102645874,-0.08206570148468018,-0.16074657440185547,-0.06149613857269287,-0.25688737630844116,-0.04724854230880737,-0.3260745406150818,-0.10812914371490479,-0.2588883638381958,-0.12479275465011597,-0.37959182262420654,-0.130842387676239,-0.45410704612731934,-0.1365249752998352,-0.5147792398929596,-0.056893765926361084,-0.25958359241485596,-0.052504897117614746,-0.3403591513633728,-0.04518085718154907,-0.27108216285705566,-0.04576343297958374,-0.20685380697250366,-0.006927311420440674,-0.24591529369354248,-0.005118727684020996,-0.30935168266296387,-0.007728695869445801,-0.22940635681152344,-0.015087604522705078,-0.17401492595672607,0.03786104917526245,-0.21780705451965332,0.0338515043258667,-0.2672119736671448,0.025083541870117188,-0.20596766471862793,0.018243849277496338,-0.162314772605896
2,0.0,0.0,-0.05331528186798096,-0.0653696060180664,-0.07441955804824829,-0.17200195789337158,-0.05248367786407471,-0.2662665545940399,-0.03259354829788208,-0.3411564826965332,-0.08692604303359985,-0.25546854734420776,-0.0954393744468689,-0.35829979181289673,-0.09694176912307739,-0.42060963809490204,-0.0951809287071228,-0.4743877053260803,-0.03883630037307739,-0.2553209364414215,-0.036247193813323975,-0.3478202223777771,-0.04065972566604614,-0.31732243299484253,-0.04265779256820679,-0.2915009558200836,0.006693601608276367,-0.23749086260795593,0.008966505527496338,-0.29317954182624817,-0.0018506050109863281,-0.209875226020813,-0.0066040754318237305,-0.164687842130661,0.046516358852386475,-0.2055191695690155,0.04283362627029419,-0.24749469757080078,0.030061841011047363,-0.18398699164390564,0.023756802082061768,-0.14787828922271729
2,0.0,0.0,-0.05164259672164917,-0.05542278289794922,-0.0731809139251709,-0.15545475482940674,-0.05417412519454956,-0.2475953996181488,-0.03565794229507446,-0.31973162293434143,-0.08475184440612793,-0.23693683743476868,-0.09415686130523682,-0.3383246660232544,-0.09470057487487793,-0.4049605429172516,-0.09282040596008301,-0.46032311022281647,-0.03918731212615967,-0.23586925864219666,-0.034760236740112305,-0.33327561616897583,-0.03901702165603638,-0.3498438000679016,-0.04365438222885132,-0.35662803053855896,0.005867958068847656,-0.21803590655326843,0.0037799477577209473,-0.2797117531299591,-0.007077157497406006,-0.19988995790481567,-0.011963605880737305,-0.14289650321006775,0.04571795463562012,-0.18638595938682556,0.036957621574401855,-0.23417070508003235,0.02358144521713257,-0.17284667491912842,0.01668405532836914,-0.12680131196975708
2,0.0,0.0,-0.029885172843933105,-0.03849214315414429,-0.03625154495239258,-0.1271546483039856,-0.015427172183990479,-0.21460062265396118,0.00541454553604126,-0.2792642116546631,-0.07230550050735474,-0.2099335789680481,-0.07686161994934082,-0.3277176320552826,-0.07660692930221558,-0.3997218608856201,-0.07586002349853516,-0.461726576089859,-0.03540396690368652,-0.21951785683631897,-0.02550452947616577,-0.307842493057251,-0.019440829753875732,-0.28183117508888245,-0.020371079444885254,-0.2514209449291229,-0.00042629241943359375,-0.21856042742729187,0.02221834659576416,-0.2729504108428955,0.018178880214691162,-0.20536690950393677,0.004012167453765869,-0.16192501783370972,0.031905531883239746,-0.20581930875778198,0.04398047924041748,-0.24412068724632263,0.04043227434158325,-0.19448208808898926,0.030579328536987305,-0.1556600034236908
2,0.0,0.0,-0.04431939125061035,-0.06527209281921387,-0.06231051683425903,-0.16046985983848572,-0.04744720458984375,-0.24225100874900818,-0.03753930330276489,-0.3048187494277954,-0.05158805847167969,-0.22437098622322083,-0.058407604694366455,-0.321780264377594,-0.05684614181518555,-0.3864784389734268,-0.05155813694000244,-0.4403317868709564,-0.013709187507629395,-0.2166779339313507,-0.01486581563949585,-0.2785642743110657,-0.0253106951713562,-0.21492603421211243,-0.028898894786834717,-0.1590728759765625,0.02168375253677368,-0.19764497876167297,0.016907989978790283,-0.24971404671669006,0.0014301538467407227,-0.18297985196113586,-0.003282487392425537,-0.13199758529663086,0.05426383018493652,-0.16951340436935425,0.04480564594268799,-0.2125985026359558,0.027394473552703857,-0.16537505388259888,0.021524012088775635,-0.12464547157287598
2,0.0,0.0,-0.04718434810638428,-0.045795977115631104,-0.07313400506973267,-0.12933367490768433,-0.0685773491859436,-0.19680386781692505,-0.05628615617752075,-0.24132555723190308,-0.036735594272613525,-0.22109586000442505,-0.035069406032562256,-0.3180646300315857,-0.03213989734649658,-0.3795059770345688,-0.02825164794921875,-0.4298364669084549,-0.001089334487915039,-0.20998355746269226,-0.019556045532226562,-0.2631886601448059,-0.03346848487854004,-0.20169085264205933,-0.03626161813735962,-0.14435279369354248,0.03281158208847046,-0.1893078088760376,0.009557902812957764,-0.23355835676193237,-0.0059773921966552734,-0.1660068929195404,-0.009159386157989502,-0.1109268069267273,0.06546443700790405,-0.15915924310684204,0.03945934772491455,-0.19681552052497864,0.01923912763595581,-0.14518755674362183,0.014438807964324951,-0.0994134247303009
2,0.0,0.0,-0.05717092752456665,-0.04648923873901367,-0.08339762687683105,-0.12902355194091797,-0.08747541904449463,-0.20404407382011414,-0.09308010339736938,-0.2631967067718506,-0.044181883335113525,-0.1996883749961853,-0.04896390438079834,-0.2859073281288147,-0.05191114544868469,-0.3427504152059555,-0.05315214395523071,-0.3901499956846237,-0.015649646520614624,-0.19859597086906433,-0.02057674527168274,-0.298886239528656,-0.02932584285736084,-0.35879385471343994,-0.0351177453994751,-0.4105018973350525,0.013992726802825928,-0.18362212181091309,-0.016348570585250854,-0.23647305369377136,-0.029895752668380737,-0.1734257936477661,-0.029641449451446533,-0.12230771780014038,0.04125019907951355,-0.1542232632637024,0.007020324468612671,-0.18594440817832947,-0.006486564874649048,-0.1370353400707245,-0.0033533871173858643,-0.09756234288215637
2,0.0,0.0,-0.05592542886734009,-0.04334735870361328,-0.0867365300655365,-0.1250312626361847,-0.09916487336158752,-0.19565913081169128,-0.11429224908351898,-0.25789380073547363,-0.04382979869842529,-0.2028568983078003,-0.05813497304916382,-0.26195666193962097,-0.07879623770713806,-0.2676295340061188,-0.09342575073242188,-0.26213380694389343,-0.015169143676757812,-0.2031095027923584,-0.04875776171684265,-0.2567633390426636,-0.06358513236045837,-0.18927627801895142,-0.060455143451690674,-0.1331799328327179,0.01284077763557434,-0.19181394577026367,-0.029307961463928223,-0.22275683283805847,-0.03884696960449219,-0.1490730345249176,-0.03133252263069153,-0.09727323055267334,0.03958579897880554,-0.1697506606578827,-0.005330115556716919,-0.19165101647377014,-0.01609101891517639,-0.1375262439250946,-0.008921295404434204,-0.09777683019638062
2,0.0,0.0,-0.05572164058685303,-0.0419924259185791,-0.08585339784622192,-0.1278088092803955,-0.09676387906074524,-0.2017333209514618,-0.11297357082366943,-0.260467529296875,-0.03855130076408386,-0.2094646394252777,-0.05721357464790344,-0.26762568950653076,-0.0695568323135376,-0.22067305445671082,-0.07212436199188232,-0.17311251163482666,-0.00938907265663147,-0.20651742815971375,-0.041696399450302124,-0.25228041410446167,-0.05347439646720886,-0.1796828806400299,-0.051955848932266235,-0.12404835224151611,0.019086509943008423,-0.19356092810630798,-0.022209465503692627,-0.2202126383781433,-0.029728084802627563,-0.14725911617279053,-0.02503269910812378,-0.09552592039108276,0.04632249474525452,-0.17088928818702698,0.001964092254638672,-0.19012397527694702,-0.007130533456802368,-0.13635587692260742,-0.0017004907131195068,-0.09574377536773682
2,0.0,0.0,-0.05785638093948364,-0.050832152366638184,-0.08761492371559143,-0.1363595724105835,-0.09724241495132446,-0.20946529507637024,-0.10904198884963989,-0.2709755003452301,-0.039674729108810425,-0.21353480219841003,-0.06290745735168457,-0.2701486647129059,-0.07376077771186829,-0.22066271305084229,-0.07269161939620972,-0.17292159795761108,-0.010685324668884277,-0.2095659375190735,-0.044101595878601074,-0.25779977440834045,-0.05571332573890686,-0.18577930331230164,-0.05138382315635681,-0.13027852773666382,0.018156439065933228,-0.19618400931358337,-0.022851258516311646,-0.22941824793815613,-0.031501442193984985,-0.15765714645385742,-0.024709314107894897,-0.10493409633636475,0.045178622007369995,-0.17220622301101685,0.002789795398712158,-0.19333681464195251,-0.008069336414337158,-0.14375841617584229,-0.00235140323638916,-0.10445165634155273
2,0.0,0.0,-0.057510972023010254,-0.044799864292144775,-0.08832171559333801,-0.13261812925338745,-0.09799391031265259,-0.20893725752830505,-0.10793158411979675,-0.26982617378234863,-0.0439019501209259,-0.21115559339523315,-0.06079226732254028,-0.2751466631889343,-0.07218772172927856,-0.23994189500808716,-0.07194653153419495,-0.2001035213470459,-0.014696121215820312,-0.20692065358161926,-0.043010979890823364,-0.2541165351867676,-0.05432325601577759,-0.18507647514343262,-0.04862317442893982,-0.1333112120628357,0.014377176761627197,-0.19338583946228027,-0.022669702768325806,-0.2230152189731598,-0.03111305832862854,-0.1527811884880066,-0.022790759801864624,-0.1038551926612854,0.042462050914764404,-0.17005765438079834,0.004426777362823486,-0.19244995713233948,-0.007118552923202515,-0.1397569179534912,-0.0007089078426361084,-0.10049444437026978
2,0.0,0.0,-0.053163617849349976,-0.044531941413879395,-0.08095407485961914,-0.13217693567276,-0.08654475212097168,-0.20320767164230347,-0.09727984666824341,-0.2623077630996704,-0.046507030725479126,-0.22068750858306885,-0.06266871094703674,-0.27229249477386475,-0.06997707486152649,-0.2253745198249817,-0.0690925121307373,-0.17811918258666992,-0.013434261083602905,-0.21574032306671143,-0.03741070628166199,-0.2560519576072693,-0.04720252752304077,-0.1868167519569397,-0.045341283082962036,-0.1292346715927124,0.018887698650360107,-0.20097482204437256,-0.014643609523773193,-0.22398531436920166,-0.025291115045547485,-0.15565413236618042,-0.02274465560913086,-0.10188311338424683,0.04929322004318237,-0.17631107568740845,0.012079179286956787,-0.1978040337562561,-0.0028339624404907227,-0.14456802606582642,-0.0027283132076263428,-0.10015755891799927
2,0.0,0.0,-0.04865986108779907,-0.03421896696090698,-0.07766491174697876,-0.11866682767868042,-0.07875046133995056,-0.19201147556304932,-0.08376270532608032,-0.24981963634490967,-0.051664918661117554,-0.21213984489440918,-0.06026628613471985,-0.31153613328933716,-0.06360825896263123,-0.37570327520370483,-0.06719768047332764,-0.42835763096809387,-0.01662445068359375,-0.20566469430923462,-0.037096619606018066,-0.24141258001327515,-0.04287189245223999,-0.17378246784210205,-0.041612863540649414,-0.12000787258148193,0.016254305839538574,-0.1888318657875061,-0.0104483962059021,-0.2144896388053894,-0.017631888389587402,-0.14356470108032227,-0.016206443309783936,-0.09406965970993042,0.04850935935974121,-0.1630527377128601,0.017192065715789795,-0.18476420640945435,0.0055081844329833984,-0.13068002462387085,0.006248354911804199,-0.09062081575393677
2,0.0,0.0,-0.05078965425491333,-0.0340573787689209,-0.07964140176773071,-0.12277466058731079,-0.07029891014099121,-0.19991213083267212,-0.06942254304885864,-0.26134592294692993,-0.05708920955657959,-0.2286199927330017,-0.06566387414932251,-0.33298009634017944,-0.06676405668258667,-0.39693474769592285,-0.06600809097290039,-0.4518793821334839,-0.016960561275482178,-0.21951323747634888,-0.034570515155792236,-0.27784299850463867,-0.04494196176528931,-0.20762425661087036,-0.047985732555389404,-0.14975440502166748,0.020355701446533203,-0.19865691661834717,-0.0033873915672302246,-0.24457770586013794,-0.018146038055419922,-0.16200947761535645,-0.022426605224609375,-0.10580289363861084,0.05538332462310791,-0.16708076000213623,0.02589857578277588,-0.19249063730239868,0.007238984107971191,-0.13086450099945068,0.0013896822929382324,-0.08866173028945923
2,0.0,0.0,-0.05079406499862671,-0.03384113311767578,-0.0798501968383789,-0.12364065647125244,-0.07041037082672119,-0.2020464539527893,-0.07037049531936646,-0.2638434171676636,-0.05747807025909424,-0.2288692593574524,-0.06611824035644531,-0.3351057767868042,-0.06743663549423218,-0.39984583854675293,-0.06689774990081787,-0.45630672574043274,-0.016679227352142334,-0.22090232372283936,-0.03518176078796387,-0.28202807903289795,-0.04578995704650879,-0.21850663423538208,-0.049540042877197266,-0.16500306129455566,0.02120417356491089,-0.20225971937179565,-0.006058216094970703,-0.24285703897476196,-0.020973622798919678,-0.15890175104141235,-0.025596559047698975,-0.10228484869003296,0.05695748329162598,-0.17411386966705322,0.023345112800598145,-0.19338613748550415,0.005872130393981934,-0.1305103302001953,0.0016679167747497559,-0.08785849809646606
2,0.0,0.0,-0.047376036643981934,-0.035067975521087646,-0.07538646459579468,-0.12279796600341797,-0.0664471983909607,-0.2016945481300354,-0.06577008962631226,-0.2635526657104492,-0.06336992979049683,-0.2327638864517212,-0.07020831108093262,-0.3417956233024597,-0.07110738754272461,-0.40800386667251587,-0.06983369588851929,-0.46484801173210144,-0.022315561771392822,-0.2223476767539978,-0.039575278759002686,-0.28745466470718384,-0.05651623010635376,-0.24016427993774414,-0.06545674800872803,-0.1998996138572693,0.017057061195373535,-0.20195776224136353,-0.003877699375152588,-0.245822012424469,-0.018259048461914062,-0.1643083095550537,-0.022324025630950928,-0.10962879657745361,0.05444997549057007,-0.17254507541656494,0.02413785457611084,-0.19487392902374268,0.0076143741607666016,-0.13283371925354004,0.005034029483795166,-0.09128695726394653
2,0.0,0.0,-0.045545876026153564,-0.03764766454696655,-0.07112061977386475,-0.12737959623336792,-0.06218922138214111,-0.20685696601867676,-0.05658084154129028,-0.2685390114784241,-0.06211590766906738,-0.23216331005096436,-0.07053881883621216,-0.34459519386291504,-0.07014602422714233,-0.41341274976730347,-0.06691253185272217,-0.4705353081226349,-0.021012723445892334,-0.21932685375213623,-0.03110569715499878,-0.29212862253189087,-0.044239819049835205,-0.24628764390945435,-0.05183917284011841,-0.20277506113052368,0.01903390884399414,-0.19711989164352417,0.002958953380584717,-0.24441397190093994,-0.011227130889892578,-0.16459059715270996,-0.01722484827041626,-0.10970556735992432,0.05761158466339111,-0.16736876964569092,0.03224223852157593,-0.19774985313415527,0.015697479248046875,-0.13663488626480103,0.010493814945220947,-0.09273779392242432
2,0.0,0.0,-0.045844852924346924,-0.04105734825134277,-0.06933307647705078,-0.13177120685577393,-0.05310016870498657,-0.21405482292175293,-0.03692430257797241,-0.2775273323059082,-0.06311047077178955,-0.243865966796875,-0.06639754772186279,-0.35731756687164307,-0.0637776255607605,-0.4228283166885376,-0.05871617794036865,-0.477410227060318,-0.017918169498443604,-0.22668111324310303,-0.020109593868255615,-0.2938886284828186,-0.029027938842773438,-0.22337162494659424,-0.03344392776489258,-0.1641390323638916,0.024418652057647705,-0.19956475496292114,0.014191508293151855,-0.24799269437789917,-0.0020390748977661133,-0.1617242693901062,-0.010000526905059814,-0.10767960548400879,0.06289392709732056,-0.16428053379058838,0.04444319009780884,-0.19989705085754395,0.025652945041656494,-0.13780957460403442,0.016492605209350586,-0.09638196229934692
2,0.0,0.0,-0.05061143636703491,-0.04268217086791992,-0.07586747407913208,-0.13172471523284912,-0.05778783559799194,-0.21703535318374634,-0.03954702615737915,-0.2833799123764038,-0.06817388534545898,-0.23823922872543335,-0.07134616374969482,-0.3518295884132385,-0.06758320331573486,-0.4198654592037201,-0.06207609176635742,-0.4761594235897064,-0.023078083992004395,-0.2242833971977234,-0.023803889751434326,-0.2980283498764038,-0.035666823387145996,-0.2458559274673462,-0.04379910230636597,-0.19687771797180176,0.01927053928375244,-0.19932496547698975,0.01058584451675415,-0.24678820371627808,-0.006803691387176514,-0.165646493434906,-0.015171349048614502,-0.11280405521392822,0.05801504850387573,-0.1645691990852356,0.04094821214675903,-0.20012962818145752,0.02265864610671997,-0.14035391807556152,0.014224588871002197,-0.09869611263275146
2,0.0,0.0,-0.04572868347167969,-0.04368311166763306,-0.06657487154006958,-0.1390674114227295,-0.04138517379760742,-0.22472381591796875,-0.021607816219329834,-0.2895281910896301,-0.06277710199356079,-0.2504734992980957,-0.065704345703125,-0.36323046684265137,-0.06317710876464844,-0.42956358194351196,-0.05926251411437988,-0.4848259389400482,-0.016069650650024414,-0.23370468616485596,-0.018652737140655518,-0.2965717315673828,-0.03274017572402954,-0.22931838035583496,-0.04129660129547119,-0.17583876848220825,0.027518153190612793,-0.20438724756240845,0.018197715282440186,-0.245306134223938,0.000641167163848877,-0.1582658886909485,-0.00670313835144043,-0.10797256231307983,0.06668764352798462,-0.16521739959716797,0.04805260896682739,-0.19795674085617065,0.02940666675567627,-0.1345151662826538,0.023351967334747314,-0.09733462333679199
2,0.0,0.0,-0.04909217357635498,-0.04463893175125122,-0.07541930675506592,-0.13304036855697632,-0.04320257902145386,-0.20839554071426392,-0.005769491195678711,-0.25384777784347534,-0.07382011413574219,-0.2533643841743469,-0.09257805347442627,-0.36767148971557617,-0.10100752115249634,-0.43949687480926514,-0.10797381401062012,-0.49940192699432373,-0.025480806827545166,-0.24272781610488892,-0.03514021635055542,-0.3205535411834717,-0.04956090450286865,-0.27273136377334595,-0.059760987758636475,-0.2254083752632141,0.021548867225646973,-0.21573293209075928,0.011899173259735107,-0.25899916887283325,-0.007958948612213135,-0.17723369598388672,-0.01822829246520996,-0.12199956178665161,0.06396752595901489,-0.17741042375564575,0.04764026403427124,-0.21502351760864258,0.023265480995178223,-0.1517772078514099,0.00972139835357666,-0.10466605424880981
2,0.0,0.0,-0.050290584564208984,-0.03834843635559082,-0.0796462893486023,-0.12446683645248413,-0.048304200172424316,-0.200079083442688,-0.008014559745788574,-0.24626010656356812,-0.08042013645172119,-0.2527691125869751,-0.10079312324523926,-0.36922430992126465,-0.11065733432769775,-0.44102609157562256,-0.1188763976097107,-0.5006688237190247,-0.03027588129043579,-0.24472033977508545,-0.041018009185791016,-0.31916069984436035,-0.051557183265686035,-0.2648964524269104,-0.05878400802612305,-0.2146778106689453,0.017814576625823975,-0.22039031982421875,0.008071362972259521,-0.2528640031814575,-0.007487297058105469,-0.16839635372161865,-0.015849828720092773,-0.11556917428970337,0.060731589794158936,-0.18408948183059692,0.043750643730163574,-0.21014529466629028,0.02215099334716797,-0.143851637840271,0.010033667087554932,-0.0994025468826294
2,0.0,0.0,-0.04936879873275757,-0.04105830192565918,-0.07704192399978638,-0.12776172161102295,-0.04355955123901367,-0.20224952697753906,-0.0028580427169799805,-0.24812674522399902,-0.07541275024414062,-0.2548329830169678,-0.09390580654144287,-0.37205684185028076,-0.10177087783813477,-0.443992018699646,-0.10839134454727173,-0.5034277737140656,-0.025505542755126953,-0.24552124738693237,-0.032842814922332764,-0.3175228238105774,-0.04196524620056152,-0.2623177766799927,-0.048595309257507324,-0.21091240644454956,0.022376954555511475,-0.21948081254959106,0.012794435024261475,-0.2515186071395874,-0.004401504993438721,-0.1684638261795044,-0.013413488864898682,-0.11499875783920288,0.06497615575790405,-0.1817023754119873,0.04817056655883789,-0.21214580535888672,0.025123953819274902,-0.1465744972229004,0.011774957180023193,-0.10015934705734253
2,0.0,0.0,-0.04943054914474487,-0.03913569450378418,-0.07718968391418457,-0.12731194496154785,-0.042803823947906494,-0.20256555080413818,-0.0013766884803771973,-0.24907809495925903,-0.07561296224594116,-0.2546306252479553,-0.09294432401657104,-0.3736010193824768,-0.10049617290496826,-0.4458227753639221,-0.10655754804611206,-0.5063105225563049,-0.024687647819519043,-0.24643415212631226,-0.03294861316680908,-0.3213517665863037,-0.04305696487426758,-0.2609477639198303,-0.049416303634643555,-0.20714914798736572,0.023585617542266846,-0.22099816799163818,0.013389289379119873,-0.2526322603225708,-0.0039258599281311035,-0.16663575172424316,-0.01226496696472168,-0.11424624919891357,0.06618398427963257,-0.18374812602996826,0.04787278175354004,-0.20918166637420654,0.025646865367889404,-0.14161473512649536,0.014835655689239502,-0.09796935319900513
2,0.0,0.0,-0.049973249435424805,-0.040472567081451416,-0.07816910743713379,-0.1293225884437561,-0.043903231620788574,-0.20532816648483276,-0.002077639102935791,-0.25186240673065186,-0.0750458836555481,-0.2541630268096924,-0.09319204092025757,-0.37374240159988403,-0.10085165500640869,-0.44645243883132935,-0.10691392421722412,-0.5074560344219208,-0.02456897497177124,-0.24533003568649292,-0.03360682725906372,-0.32162874937057495,-0.043508291244506836,-0.261318564414978,-0.04936176538467407,-0.20771729946136475,0.02354276180267334,-0.21923285722732544,0.013487100601196289,-0.2542969584465027,-0.004612922668457031,-0.1686301827430725,-0.013357996940612793,-0.11582517623901367,0.06617683172225952,-0.18156152963638306,0.04863458871841431,-0.21245068311691284,0.02599281072616577,-0.14559787511825562,0.014650940895080566,-0.10050356388092041
2,0.0,0.0,-0.056477248668670654,-0.03865879774093628,-0.10103440284729004,-0.1218826174736023,-0.09524816274642944,-0.20590931177139282,-0.058887362480163574,-0.25297629833221436,-0.07585912942886353,-0.24699139595031738,-0.09745311737060547,-0.3669668436050415,-0.10819965600967407,-0.43301331996917725,-0.11466604471206665,-0.48954111337661743,-0.027015388011932373,-0.2338201403617859,-0.03128468990325928,-0.30738508701324463,-0.038629353046417236,-0.22764116525650024,-0.043112337589263916,-0.16196733713150024,0.018886983394622803,-0.20981967449188232,0.010433077812194824,-0.2565365433692932,-0.008639156818389893,-0.1657712459564209,-0.02155625820159912,-0.10388827323913574,0.062284231185913086,-0.1763438582420349,0.04861032962799072,-0.2085666060447693,0.026829421520233154,-0.14346367120742798,0.011751413345336914,-0.09539544582366943
2,0.0,0.0,-0.056840479373931885,-0.03898578882217407,-0.1032024621963501,-0.12261748313903809,-0.10446667671203613,-0.20682859420776367,-0.07455664873123169,-0.2595226764678955,-0.07562911510467529,-0.24810749292373657,-0.09799331426620483,-0.3653481602668762,-0.11102855205535889,-0.4312135577201843,-0.1199597716331482,-0.4885413646697998,-0.02707493305206299,-0.2373490333557129,-0.031235218048095703,-0.31235116720199585,-0.036371827125549316,-0.2310122847557068,-0.04074221849441528,-0.16385895013809204,0.01886683702468872,-0.21345531940460205,0.011666297912597656,-0.2608600854873657,-0.005173742771148682,-0.1710212230682373,-0.01880103349685669,-0.10929107666015625,0.06250780820846558,-0.17948859930038452,0.04877781867980957,-0.20841366052627563,0.028174996376037598,-0.1424694061279297,0.011944711208343506,-0.09442305564880371
2,0.0,0.0,-0.05753260850906372,-0.04056739807128906,-0.10386359691619873,-0.1252906322479248,-0.10658389329910278,-0.20892995595932007,-0.07737487554550171,-0.26223963499069214,-0.07671821117401123,-0.250537633895874,-0.0990912914276123,-0.36854541301727295,-0.11219590902328491,-0.4340795874595642,-0.12145227193832397,-0.49072083830833435,-0.028115689754486084,-0.2391471266746521,-0.03159642219543457,-0.31085503101348877,-0.03656882047653198,-0.22893911600112915,-0.04198157787322998,-0.16211378574371338,0.01811140775680542,-0.21500438451766968,0.012614130973815918,-0.25981295108795166,-0.004136264324188232,-0.16973012685775757,-0.019244730472564697,-0.10813379287719727,0.06191974878311157,-0.1808013916015625,0.049738943576812744,-0.2074352502822876,0.029361248016357422,-0.14093655347824097,0.01200014352798462,-0.093086838722229
2,0.0,0.0,-0.05894953012466431,-0.040899038314819336,-0.10713064670562744,-0.12247347831726074,-0.11885833740234375,-0.20549815893173218,-0.09346365928649902,-0.2640078067779541,-0.07482004165649414,-0.24947381019592285,-0.09655576944351196,-0.3679254651069641,-0.11058461666107178,-0.4344632625579834,-0.1193082332611084,-0.4934234321117401,-0.026749014854431152,-0.23825454711914062,-0.03046363592147827,-0.3183079957962036,-0.037881553173065186,-0.2383100390434265,-0.04339116811752319,-0.1717308759689331,0.019252777099609375,-0.21334433555603027,0.013872087001800537,-0.26273107528686523,-0.004581749439239502,-0.17238491773605347,-0.01925879716873169,-0.11077612638473511,0.06319171190261841,-0.1773056983947754,0.05210977792739868,-0.21108746528625488,0.030162811279296875,-0.14481490850448608,0.012467741966247559,-0.09563052654266357
2,0.0,0.0,-0.06358492374420166,-0.03507786989212036,-0.12099498510360718,-0.10646742582321167,-0.14114683866500854,-0.18560737371444702,-0.10282140970230103,-0.22255980968475342,-0.07795500755310059,-0.25749731063842773,-0.09834527969360352,-0.3709300756454468,-0.11191034317016602,-0.4375598430633545,-0.118813157081604,-0.49551430344581604,-0.02793937921524048,-0.24552899599075317,-0.028612911701202393,-0.3314465880393982,-0.03452873229980469,-0.2437049150466919,-0.03764164447784424,-0.1703619360923767,0.020271897315979004,-0.21773463487625122,0.023379385471343994,-0.27296632528305054,0.002667069435119629,-0.18131506443023682,-0.013771474361419678,-0.11708545684814453,0.06403499841690063,-0.1767684817314148,0.060171544551849365,-0.21042948961257935,0.03645247220993042,-0.14628416299819946,0.018685996532440186,-0.10044574737548828
2,0.0,0.0,-0.06654566526412964,-0.03849005699157715,-0.1259635090827942,-0.112423837184906,-0.1450713872909546,-0.1931769847869873,-0.10389435291290283,-0.22196561098098755,-0.07824748754501343,-0.2590572237968445,-0.09842205047607422,-0.3734482526779175,-0.11285334825515747,-0.4395793676376343,-0.11999505758285522,-0.49764397740364075,-0.028287529945373535,-0.2470182180404663,-0.027832329273223877,-0.33494478464126587,-0.033952414989471436,-0.24554485082626343,-0.0361751914024353,-0.1715688705444336,0.020124077796936035,-0.21935367584228516,0.023971378803253174,-0.2771335244178772,0.0030993223190307617,-0.18533658981323242,-0.012306511402130127,-0.1210862398147583,0.06360477209091187,-0.17798417806625366,0.061046063899993896,-0.21195358037948608,0.0366135835647583,-0.1482563614845276,0.020008504390716553,-0.10341054201126099
2,0.0,0.0,-0.06891363859176636,-0.04549819231033325,-0.12871646881103516,-0.1269870400428772,-0.1498820185661316,-0.20995306968688965,-0.11241030693054199,-0.22866714000701904,-0.07542604207992554,-0.2733410596847534,-0.0906599760055542,-0.38794106245040894,-0.10274136066436768,-0.45364463329315186,-0.10817992687225342,-0.5120571553707123,-0.025885343551635742,-0.2602962255477905,-0.022799193859100342,-0.34742677211761475,-0.029400289058685303,-0.2567020654678345,-0.030496537685394287,-0.18410664796829224,0.022482335567474365,-0.230582594871521,0.025917649269104004,-0.29124295711517334,0.005200982093811035,-0.19818931818008423,-0.007313549518585205,-0.1336182951927185,0.06594765186309814,-0.18579012155532837,0.06395232677459717,-0.2271609902381897,0.038710951805114746,-0.165166437625885,0.023993849754333496,-0.12105357646942139
2,0.0,0.0,-0.06401896476745605,-0.03965955972671509,-0.12073677778244019,-0.12438845634460449,-0.12987971305847168,-0.20768553018569946,-0.08428466320037842,-0.22709393501281738,-0.0670614242553711,-0.2698754072189331,-0.0769277811050415,-0.3841712474822998,-0.08417075872421265,-0.4481315016746521,-0.08513718843460083,-0.5054751038551331,-0.01606529951095581,-0.25524193048477173,-0.00608295202255249,-0.3471655249595642,-0.013962268829345703,-0.2605896592140198,-0.01812225580215454,-0.19204378128051758,0.03085315227508545,-0.22399687767028809,0.04097038507461548,-0.28750622272491455,0.021494686603546143,-0.1971251368522644,0.009560763835906982,-0.1370534896850586,0.07290732860565186,-0.17916220426559448,0.07563132047653198,-0.22291994094848633,0.05393165349960327,-0.1629524827003479,0.04203695058822632,-0.12232029438018799
2,0.0,0.0,-0.06256675720214844,-0.03792482614517212,-0.11701309680938721,-0.12349766492843628,-0.12548792362213135,-0.20888078212738037,-0.07696747779846191,-0.2242552638053894,-0.0599973201751709,-0.2671395540237427,-0.061616718769073486,-0.3813278079032898,-0.06566798686981201,-0.4451412260532379,-0.06369656324386597,-0.5030496418476105,-0.008929431438446045,-0.2515108585357666,0.006888329982757568,-0.3435437083244324,-0.001734912395477295,-0.2541004419326782,-0.005845904350280762,-0.18961256742477417,0.03700774908065796,-0.21884417533874512,0.05268502235412598,-0.2855132818222046,0.03274381160736084,-0.19489926099777222,0.021214842796325684,-0.14009618759155273,0.07742303609848022,-0.171491801738739,0.08664143085479736,-0.21889722347259521,0.06486684083938599,-0.1590864062309265,0.05321568250656128,-0.12132930755615234
2,0.0,0.0,-0.06354200839996338,-0.037914395332336426,-0.11699986457824707,-0.12573713064193726,-0.1253112554550171,-0.21196961402893066,-0.07644098997116089,-0.22393137216567993,-0.05921900272369385,-0.26930272579193115,-0.060016632080078125,-0.38534414768218994,-0.06314998865127563,-0.4490848779678345,-0.06060683727264404,-0.5069558620452881,-0.007254242897033691,-0.2538803815841675,0.010378420352935791,-0.3455618619918823,0.002397298812866211,-0.25967180728912354,-0.003399491310119629,-0.19375532865524292,0.03881150484085083,-0.22063058614730835,0.05601316690444946,-0.2856264114379883,0.036208391189575195,-0.19484251737594604,0.023229897022247314,-0.13727593421936035,0.0794571042060852,-0.17245858907699585,0.09032362699508667,-0.21735209226608276,0.0679212212562561,-0.15751832723617554,0.05432915687561035,-0.11784499883651733
2,0.0,0.0,-0.0644264817237854,-0.03788459300994873,-0.11861389875411987,-0.12567496299743652,-0.1254982352256775,-0.21207815408706665,-0.0772889256477356,-0.22363150119781494,-0.059766292572021484,-0.270699143409729,-0.060934364795684814,-0.3849743604660034,-0.0637216567993164,-0.4486939311027527,-0.061157047748565674,-0.506348729133606,-0.008384525775909424,-0.25422024726867676,0.010427415370941162,-0.3447263240814209,0.0015472769737243652,-0.26062601804733276,-0.005999207496643066,-0.19363164901733398,0.03736454248428345,-0.22104418277740479,0.054514408111572266,-0.28159838914871216,0.03280341625213623,-0.19114607572555542,0.017690420150756836,-0.1321544647216797,0.07771307229995728,-0.17365700006484985,0.08716374635696411,-0.21472102403640747,0.06430429220199585,-0.15538930892944336,0.04976153373718262,-0.1152237057685852
2,0.0,0.0,-0.06397438049316406,-0.037528276443481445,-0.1169356107711792,-0.12616294622421265,-0.12418156862258911,-0.21280032396316528,-0.07559818029403687,-0.22477447986602783,-0.0567205548286438,-0.27236872911453247,-0.0573238730430603,-0.3840126395225525,-0.059643328189849854,-0.4477992355823517,-0.05612391233444214,-0.5045497119426727,-0.005412578582763672,-0.25470930337905884,0.014544308185577393,-0.34117287397384644,0.008554399013519287,-0.2591043710708618,0.0026289820671081543,-0.19413137435913086,0.039843857288360596,-0.2205471396446228,0.060006916522979736,-0.2839549779891968,0.04075157642364502,-0.19663763046264648,0.025957584381103516,-0.13850873708724976,0.07954984903335571,-0.17173904180526733,0.09180212020874023,-0.21640384197235107,0.06951642036437988,-0.15809953212738037,0.053948938846588135,-0.11761754751205444
2,0.0,0.0,-0.0625339150428772,-0.04146796464920044,-0.11253947019577026,-0.1352548599243164,-0.1104511022567749,-0.22298824787139893,-0.06419205665588379,-0.2274145483970642,-0.04822123050689697,-0.2674601078033447,-0.04692023992538452,-0.37952667474746704,-0.04761141538619995,-0.44290876388549805,-0.042671144008636475,-0.4983564019203186,0.0028011202812194824,-0.249161958694458,0.025586605072021484,-0.3370111584663391,0.019274890422821045,-0.2616015672683716,0.013361871242523193,-0.19955188035964966,0.04727834463119507,-0.21453750133514404,0.06988751888275146,-0.2723481059074402,0.05050241947174072,-0.19266152381896973,0.03598439693450928,-0.13931429386138916,0.08576732873916626,-0.16582095623016357,0.1020205020904541,-0.20701169967651367,0.0803270936012268,-0.15469801425933838,0.0658532977104187,-0.1180112361907959
2,0.0,0.0,-0.06206625699996948,-0.04200094938278198,-0.11251342296600342,-0.13563430309295654,-0.11139321327209473,-0.22411662340164185,-0.06367206573486328,-0.23126351833343506,-0.04709982872009277,-0.26846861839294434,-0.045944035053253174,-0.38278454542160034,-0.04654097557067871,-0.4472964107990265,-0.04206657409667969,-0.5036573708057404,0.0037886500358581543,-0.2490355372428894,0.026225149631500244,-0.33740824460983276,0.017967045307159424,-0.25904393196105957,0.009594619274139404,-0.19504058361053467,0.04805213212966919,-0.21399110555648804,0.0698050856590271,-0.27340495586395264,0.04845219850540161,-0.19052231311798096,0.032222092151641846,-0.13459378480911255,0.0860128402709961,-0.16512036323547363,0.1007184386253357,-0.2088342308998108,0.07854586839675903,-0.1546878218650818,0.06392151117324829,-0.11612933874130249
2,0.0,0.0,-0.061507999897003174,-0.03971940279006958,-0.11288613080978394,-0.13140583038330078,-0.11423057317733765,-0.22088778018951416,-0.06576865911483765,-0.23078155517578125,-0.049723148345947266,-0.2682240605354309,-0.0470813512802124,-0.3828579783439636,-0.04790151119232178,-0.447724312543869,-0.04303807020187378,-0.5041384398937225,0.0013599395751953125,-0.2476968765258789,0.024793505668640137,-0.33458489179611206,0.016455888748168945,-0.25502753257751465,0.009273827075958252,-0.19414687156677246,0.04563629627227783,-0.21229910850524902,0.0682837963104248,-0.27234774827957153,0.04576903581619263,-0.18726485967636108,0.029422283172607422,-0.1340545415878296,0.08400321006774902,-0.16337382793426514,0.09981328248977661,-0.20878398418426514,0.07644003629684448,-0.15305697917938232,0.06079965829849243,-0.11586403846740723
2,0.0,0.0,-0.06357526779174805,-0.039538800716400146,-0.11629992723464966,-0.13211119174957275,-0.11582732200622559,-0.21861708164215088,-0.06615358591079712,-0.22799986600875854,-0.05114668607711792,-0.27045440673828125,-0.049446284770965576,-0.38447004556655884,-0.050244033336639404,-0.4486801028251648,-0.04606771469116211,-0.5047170519828796,6.520748138427734e-05,-0.25056660175323486,0.020867884159088135,-0.33131515979766846,0.0116690993309021,-0.24894940853118896,0.0028795599937438965,-0.18374067544937134,0.04462742805480957,-0.21514743566513062,0.06451421976089478,-0.2714446187019348,0.04299849271774292,-0.1867847442626953,0.026347875595092773,-0.1316506266593933,0.08297538757324219,-0.1664639711380005,0.09636431932449341,-0.2075217366218567,0.07314127683639526,-0.1520821452140808,0.0572735071182251,-0.11444342136383057
3,0.0,0.0,-0.05963200330734253,0.05552089214324951,-0.07406282424926758,0.14937257766723633,-0.05563771724700928,0.22959858179092407,-0.03666555881500244,0.2824866771697998,-0.0677984356880188,0.15967893600463867,-0.04979628324508667,0.28566479682922363,-0.040254414081573486,0.3510819673538208,-0.0283433198928833,0.4017530083656311,-0.020091772079467773,0.15851891040802002,-0.018503665924072266,0.26321089267730713,-0.03105539083480835,0.24752384424209595,-0.03534400463104248,0.21495258808135986,0.02165365219116211,0.15090131759643555,0.013488233089447021,0.24664515256881714,0.002780318260192871,0.2249547839164734,0.0017726421356201172,0.19326865673065186,0.05575990676879883,0.14207792282104492,0.04198348522186279,0.21620124578475952,0.030814051628112793,0.1965407133102417,0.03193908929824829,0.1711168885231018
3,0.0,0.0,-0.06007111072540283,0.0558239221572876,-0.07386428117752075,0.15187901258468628,-0.05121427774429321,0.23297899961471558,-0.031243622303009033,0.28601354360580444,-0.0673670768737793,0.1601213812828064,-0.050817131996154785,0.2860957384109497,-0.041683197021484375,0.3520815372467041,-0.03025376796722412,0.4033687114715576,-0.01898103952407837,0.15966838598251343,-0.019211113452911377,0.2668806314468384,-0.03233158588409424,0.2501975893974304,-0.03637135028839111,0.2161571979522705,0.022420942783355713,0.15187060832977295,0.012818992137908936,0.2479446530342102,0.0016535520553588867,0.22473067045211792,0.0009104609489440918,0.19239163398742676,0.05582350492477417,0.14279502630233765,0.04069894552230835,0.2172795534133911,0.028834164142608643,0.19717001914978027,0.030332624912261963,0.17154699563980103
3,0.0,0.0,-0.04198145866394043,0.05303269624710083,-0.058018386363983154,0.14214062690734863,-0.039799511432647705,0.21990209817886353,-0.01905149221420288,0.2710990905761719,-0.06763958930969238,0.15614497661590576,-0.05442613363265991,0.26619648933410645,-0.04366987943649292,0.3302326202392578,-0.034077346324920654,0.38129544258117676,-0.03128993511199951,0.147719144821167,-0.015429079532623291,0.24719101190567017,-0.011785805225372314,0.2308761477470398,-0.013742983341217041,0.20224392414093018,0.007606089115142822,0.134690523147583,0.017636775970458984,0.222284734249115,0.017752349376678467,0.1985548734664917,0.01578587293624878,0.16718733310699463,0.04663616418838501,0.12153542041778564,0.04713040590286255,0.19386237859725952,0.045762598514556885,0.17160040140151978,0.04630619287490845,0.1425114870071411
3,0.0,0.0,-0.0400310754776001,0.04851174354553223,-0.0555766224861145,0.13620924949645996,-0.034655094146728516,0.21526527404785156,-0.018571913242340088,0.27165788412094116,-0.09298747777938843,0.14317291975021362,-0.07722669839859009,0.2502419352531433,-0.0660598874092102,0.3123739957809448,-0.05970597267150879,0.3605075478553772,-0.06298631429672241,0.12898099422454834,-0.02535909414291382,0.24162745475769043,-0.01612699031829834,0.21451622247695923,-0.02301037311553955,0.18037599325180054,-0.025565385818481445,0.11330091953277588,0.010024785995483398,0.2089543342590332,0.013170301914215088,0.17652034759521484,0.002981245517730713,0.14597439765930176,0.01427769660949707,0.10022133588790894,0.03683054447174072,0.17869919538497925,0.03990596532821655,0.1511772871017456,0.03386169672012329,0.12286442518234253
3,0.0,0.0,-0.05363917350769043,0.03390610218048096,-0.1085624098777771,0.09545278549194336,-0.15843161940574646,0.12532460689544678,-0.20250403881072998,0.1263548731803894,-0.10482963919639587,0.13537490367889404,-0.09051769971847534,0.2567884922027588,-0.0784788727760315,0.32725679874420166,-0.06975233554840088,0.3791505694389343,-0.07272189855575562,0.12606483697891235,-0.04096037149429321,0.24692076444625854,-0.03262138366699219,0.21341687440872192,-0.03919374942779541,0.16798484325408936,-0.03423643112182617,0.11165481805801392,-0.005145013332366943,0.2167167067527771,-0.00023919343948364258,0.18212676048278809,-0.009696900844573975,0.14205420017242432,0.004133164882659912,0.09840035438537598,0.0232354998588562,0.18303853273391724,0.02551400661468506,0.15507924556732178,0.017377614974975586,0.12136280536651611
3,0.0,0.0,-0.05936485528945923,0.031305134296417236,-0.11405116319656372,0.09182387590408325,-0.16293537616729736,0.11236608028411865,-0.20426440238952637,0.10690653324127197,-0.07745528221130371,0.13103115558624268,-0.06078535318374634,0.2211018204689026,-0.05127197504043579,0.26733875274658203,-0.04810565710067749,0.299269437789917,-0.03799331188201904,0.12731504440307617,-0.024198174476623535,0.20582926273345947,-0.021748065948486328,0.20402228832244873,-0.027311205863952637,0.18776386976242065,0.0006340742111206055,0.11575055122375488,0.008922398090362549,0.18622267246246338,0.00818568468093872,0.18109095096588135,-0.0006801486015319824,0.16361689567565918,0.03479468822479248,0.10254991054534912,0.04157191514968872,0.15777182579040527,0.03916621208190918,0.14952588081359863,0.03216075897216797,0.13192760944366455
3,0.0,0.0,-0.05477327108383179,0.05696934461593628,-0.06686669588088989,0.15552014112472534,-0.03580307960510254,0.233842670917511,-0.008668959140777588,0.2880502939224243,-0.055921077728271484,0.14177000522613525,-0.036984920501708984,0.2595131993293762,-0.023832082748413086,0.3277386426925659,-0.009737372398376465,0.3798350691795349,-0.008326947689056396,0.13445770740509033,-0.0031605958938598633,0.248829185962677,-0.019862473011016846,0.23408132791519165,-0.026623249053955078,0.1987740397453308,0.031121671199798584,0.12452936172485352,0.026871800422668457,0.22924071550369263,0.010231852531433105,0.20757800340652466,0.006289362907409668,0.17411398887634277,0.06300032138824463,0.11708611249923706,0.05510991811752319,0.20263689756393433,0.0383458137512207,0.18677479028701782,0.03668755292892456,0.1601678729057312
3,0.0,0.0,-0.05444943904876709,0.05897635221481323,-0.060422539710998535,0.1596805453300476,-0.026367545127868652,0.24086999893188477,0.004306674003601074,0.29475343227386475,-0.05463749170303345,0.1430017352104187,-0.03325378894805908,0.26302510499954224,-0.018925189971923828,0.33265364170074463,-0.0038216710090637207,0.38638776540756226,-0.006333351135253906,0.13474833965301514,0.001162886619567871,0.2538248300552368,-0.015105664730072021,0.2382357120513916,-0.022578895092010498,0.20000600814819336,0.033802330493927,0.12483072280883789,0.03072798252105713,0.23376506567001343,0.01428753137588501,0.21366465091705322,0.009725391864776611,0.1788923740386963,0.06619399785995483,0.11814874410629272,0.05956333875656128,0.20709335803985596,0.043307602405548096,0.19247812032699585,0.04089629650115967,0.16543114185333252
3,0.0,0.0,-0.051945269107818604,0.05776339769363403,-0.054167747497558594,0.1572047472000122,-0.017675161361694336,0.23815584182739258,0.017698168754577637,0.2879544496536255,-0.05441176891326904,0.1433316469192505,-0.03124290704727173,0.26832127571105957,-0.01742333173751831,0.33681195974349976,-0.0031183958053588867,0.3895387649536133,-0.006705105304718018,0.13493990898132324,0.004755795001983643,0.2541711926460266,-0.007021486759185791,0.23727881908416748,-0.012944936752319336,0.19986021518707275,0.033995091915130615,0.12432748079299927,0.034635305404663086,0.23094666004180908,0.020619213581085205,0.209975004196167,0.0164220929145813,0.17664074897766113,0.06762921810150146,0.11620581150054932,0.06334149837493896,0.2031707763671875,0.048603832721710205,0.18748879432678223,0.0465165376663208,0.1609514355659485
3,0.0,0.0,-0.03989982604980469,0.060009002685546875,-0.03473466634750366,0.15362584590911865,0.005718410015106201,0.22194498777389526,0.04914730787277222,0.25737833976745605,-0.028971731662750244,0.13453751802444458,-0.012516677379608154,0.2469569444656372,-0.0015644431114196777,0.30886125564575195,0.009115040302276611,0.3569282293319702,0.014515876770019531,0.11760896444320679,0.022494852542877197,0.22676897048950195,0.009183704853057861,0.21069222688674927,0.0018611550331115723,0.17995619773864746,0.05222851037979126,0.10254830121994019,0.05355888605117798,0.204464852809906,0.0388982892036438,0.18222582340240479,0.034089088439941406,0.1478535532951355,0.08298134803771973,0.0906558632850647,0.08607196807861328,0.17828208208084106,0.07113385200500488,0.16312718391418457,0.06670951843261719,0.13374513387680054
3,0.0,0.0,-0.032266438007354736,0.04931765794754028,-0.021103322505950928,0.12152281403541565,0.009655356407165527,0.17973944544792175,0.04890751838684082,0.2126772701740265,-0.026735126972198486,0.06622388958930969,-0.0038565993309020996,0.19250282645225525,0.006837308406829834,0.2599737346172333,0.01726013422012329,0.30845871567726135,0.012332439422607422,0.04409608244895935,0.03879380226135254,0.1783951222896576,0.0335957407951355,0.18037471175193787,0.029174208641052246,0.15561065077781677,0.04847991466522217,0.03440737724304199,0.06440490484237671,0.16468152403831482,0.050515949726104736,0.1560356318950653,0.043479859828948975,0.12573376297950745,0.07741308212280273,0.03770682215690613,0.08978933095932007,0.13732221722602844,0.07449376583099365,0.133174866437912,0.06707930564880371,0.10577806830406189
3,0.0,0.0,-0.055162250995635986,0.05947470664978027,-0.07078301906585693,0.14054906368255615,-0.05442768335342407,0.20642125606536865,-0.03439939022064209,0.24018079042434692,-0.040086209774017334,0.16772282123565674,-0.02837914228439331,0.27230632305145264,-0.02128612995147705,0.32858026027679443,-0.012456655502319336,0.3719244599342346,0.0021424293518066406,0.16799825429916382,-0.008015692234039307,0.24474459886550903,-0.022631824016571045,0.2330479621887207,-0.027514517307281494,0.20487403869628906,0.030961155891418457,0.159204363822937,0.0114707350730896,0.22123146057128906,-0.0019498467445373535,0.2084924578666687,-0.004582762718200684,0.1835194230079651,0.05044811964035034,0.14916014671325684,0.028314828872680664,0.19123107194900513,0.01696246862411499,0.17965734004974365,0.015572905540466309,0.16028344631195068
3,0.0,0.0,-0.05157965421676636,0.05541127920150757,-0.06472623348236084,0.13565850257873535,-0.04897969961166382,0.2007739543914795,-0.023524880409240723,0.2255791425704956,-0.02711796760559082,0.15573930740356445,-0.015200972557067871,0.25078803300857544,-0.008688628673553467,0.3060240149497986,-0.0005831718444824219,0.3486827611923218,0.012739360332489014,0.1546916365623474,0.0011022686958312988,0.22661256790161133,-0.01452416181564331,0.21559667587280273,-0.019041240215301514,0.18671727180480957,0.03993868827819824,0.14650946855545044,0.01980757713317871,0.20427966117858887,0.0065885186195373535,0.19350218772888184,0.004411935806274414,0.16772043704986572,0.05754077434539795,0.1377483606338501,0.037074148654937744,0.18027007579803467,0.025354325771331787,0.1712510585784912,0.02277851104736328,0.15125316381454468
3,0.0,0.0,-0.050369977951049805,0.05394357442855835,-0.06294268369674683,0.13353270292282104,-0.04737508296966553,0.19740402698516846,-0.022505581378936768,0.22271615266799927,-0.02537745237350464,0.15552151203155518,-0.012886226177215576,0.25275719165802,-0.006812453269958496,0.30625689029693604,0.0019109249114990234,0.34756720066070557,0.01452714204788208,0.15365701913833618,0.0035501718521118164,0.22976350784301758,-0.013740360736846924,0.2218826413154602,-0.019757747650146484,0.19604820013046265,0.041065871715545654,0.14484131336212158,0.02139681577682495,0.20686036348342896,0.006224274635314941,0.19785332679748535,0.002897500991821289,0.17413926124572754,0.05835181474685669,0.13573956489562988,0.03595548868179321,0.1791934370994568,0.02368372678756714,0.1710076928138733,0.02104473114013672,0.152621328830719
3,0.0,0.0,-0.05119645595550537,0.052082836627960205,-0.0640411376953125,0.13157474994659424,-0.05032646656036377,0.19676834344863892,-0.026231586933135986,0.2241995930671692,-0.028348922729492188,0.15666621923446655,-0.01568692922592163,0.2557249069213867,-0.009160161018371582,0.30913668870925903,0.0002511143684387207,0.35109245777130127,0.01204448938369751,0.15587085485458374,0.0019745230674743652,0.23348957300186157,-0.01513051986694336,0.22422552108764648,-0.021038472652435303,0.19758039712905884,0.03911566734313965,0.14758151769638062,0.01979231834411621,0.20995432138442993,0.004926085472106934,0.1993466019630432,0.0020839571952819824,0.17539918422698975,0.05690485239028931,0.13883990049362183,0.03361189365386963,0.1809070110321045,0.021728038787841797,0.17117100954055786,0.01969444751739502,0.15262329578399658
3,0.0,0.0,-0.05087536573410034,0.04974830150604248,-0.06452184915542603,0.12899082899093628,-0.052150070667266846,0.19463098049163818,-0.030353844165802002,0.22248458862304688,-0.03167903423309326,0.1567586064338684,-0.01864945888519287,0.2520991563796997,-0.011813521385192871,0.3056446313858032,-0.0031906962394714355,0.34743601083755493,0.0070275068283081055,0.15590351819992065,-1.2695789337158203e-05,0.22743064165115356,-0.01554417610168457,0.2179802656173706,-0.02131706476211548,0.19122058153152466,0.03324151039123535,0.14629268646240234,0.01998835802078247,0.2026551365852356,0.00600510835647583,0.1941303014755249,0.0017182230949401855,0.16966742277145386,0.05116337537765503,0.134649395942688,0.03558146953582764,0.1722506880760193,0.024336040019989014,0.16491341590881348,0.020725607872009277,0.14596325159072876
3,0.0,0.0,-0.04348713159561157,0.05045217275619507,-0.05440044403076172,0.12995153665542603,-0.03005194664001465,0.191664457321167,-0.001973748207092285,0.22830969095230103,-0.06811147928237915,0.14554107189178467,-0.06418055295944214,0.2491258978843689,-0.06028789281845093,0.3073579668998718,-0.05680882930755615,0.3520227074623108,-0.03127646446228027,0.14962074160575867,-0.02330923080444336,0.24152708053588867,-0.018267333507537842,0.22248023748397827,-0.019046366214752197,0.18961161375045776,0.005903899669647217,0.14471390843391418,0.008835256099700928,0.2321072816848755,0.007172942161560059,0.22775179147720337,0.004430711269378662,0.20976758003234863,0.04048168659210205,0.13477250933647156,0.03129702806472778,0.1792415976524353,0.022115468978881836,0.17138803005218506,0.016808152198791504,0.1568945348262787
3,0.0,0.0,-0.04437887668609619,0.04936206340789795,-0.05301183462142944,0.13018134236335754,-0.027935028076171875,0.20163702964782715,-0.003585636615753174,0.2478487491607666,-0.075550377368927,0.14571136236190796,-0.0667772889137268,0.2513301372528076,-0.06267482042312622,0.30794328451156616,-0.05741691589355469,0.3547564744949341,-0.03806734085083008,0.1503303050994873,-0.0316120982170105,0.23633193969726562,-0.02703946828842163,0.21123915910720825,-0.0249403715133667,0.17884933948516846,-0.0006583929061889648,0.1446235477924347,0.00047141313552856445,0.21486026048660278,-0.00031363964080810547,0.19323042035102844,0.0003514885902404785,0.16784068942070007,0.034848034381866455,0.13601893186569214,0.028305530548095703,0.17983973026275635,0.023190557956695557,0.16343900561332703,0.02238166332244873,0.14616209268569946
3,0.0,0.0,-0.043513476848602295,0.04858437180519104,-0.053667306900024414,0.12930449843406677,-0.029066145420074463,0.20057648420333862,-0.007189512252807617,0.24852639436721802,-0.07686281204223633,0.14884939789772034,-0.0660715103149414,0.252970814704895,-0.060425400733947754,0.3109055757522583,-0.05382329225540161,0.35802966356277466,-0.03898906707763672,0.15212678909301758,-0.029310941696166992,0.23703259229660034,-0.024538099765777588,0.21087020635604858,-0.023369967937469482,0.1781449019908905,-0.001173257827758789,0.14473956823349,0.0012402534484863281,0.2121008038520813,-2.4318695068359375e-05,0.18936675786972046,-0.00028449296951293945,0.16359654068946838,0.03511780500411987,0.13416829705238342,0.028200387954711914,0.1760590672492981,0.022860229015350342,0.16016408801078796,0.0216560959815979,0.14412346482276917
3,0.0,0.0,-0.03706765174865723,0.05381789803504944,-0.04342329502105713,0.13725531101226807,-0.013386249542236328,0.20837581157684326,0.010295629501342773,0.2554163932800293,-0.07029354572296143,0.15260905027389526,-0.05231630802154541,0.2569581866264343,-0.04156011343002319,0.31377315521240234,-0.0318373441696167,0.3590409755706787,-0.03479379415512085,0.14664101600646973,-0.01246798038482666,0.2406914234161377,-0.007707417011260986,0.2132299542427063,-0.01113361120223999,0.18044418096542358,0.001582026481628418,0.13317793607711792,0.016173839569091797,0.20789563655853271,0.013598442077636719,0.18156710267066956,0.00840073823928833,0.15402856469154358,0.03745901584625244,0.11831828951835632,0.035471320152282715,0.1669057309627533,0.02969568967819214,0.14921802282333374,0.026106297969818115,0.13088646531105042
3,0.0,0.0,-0.04026532173156738,0.054015159606933594,-0.047152936458587646,0.1355878710746765,-0.01894664764404297,0.20850905776023865,-0.0010587573051452637,0.2601495087146759,-0.07514852285385132,0.15379077196121216,-0.056736767292022705,0.2629232108592987,-0.045841336250305176,0.3205123245716095,-0.03711748123168945,0.3664108216762543,-0.03702503442764282,0.15110355615615845,-0.015502750873565674,0.24471130967140198,-0.013233840465545654,0.2198207676410675,-0.01698601245880127,0.1872217357158661,-4.8100948333740234e-05,0.14054039120674133,0.01044386625289917,0.21298786997795105,0.005915641784667969,0.18828856945037842,0.0013422966003417969,0.16285812854766846,0.0339735746383667,0.128005713224411,0.02908778190612793,0.1727156639099121,0.022870898246765137,0.15422412753105164,0.019253134727478027,0.13786768913269043
3,0.0,0.0,-0.04308980703353882,0.05293735861778259,-0.05639225244522095,0.13608720898628235,-0.02931433916091919,0.20708966255187988,-0.005369782447814941,0.2529223561286926,-0.07962119579315186,0.15359604358673096,-0.06537073850631714,0.2540300488471985,-0.05692070722579956,0.30987757444381714,-0.05129474401473999,0.35388171672821045,-0.046298444271087646,0.14780420064926147,-0.018277525901794434,0.23959434032440186,-0.01511836051940918,0.21404850482940674,-0.021657884120941162,0.1835557222366333,-0.010401248931884766,0.13545385003089905,0.007884204387664795,0.20926052331924438,0.005742371082305908,0.18377554416656494,6.318092346191406e-06,0.15768176317214966,0.026377201080322266,0.12279832363128662,0.027443110942840576,0.17350676655769348,0.024433016777038574,0.15169477462768555,0.02207082509994507,0.130450040102005
3,0.0,0.0,-0.044312119483947754,0.03617122769355774,-0.061364561319351196,0.1207675039768219,-0.03678572177886963,0.20249289274215698,-0.014352917671203613,0.25652241706848145,-0.10638856887817383,0.12920767068862915,-0.09248009324073792,0.24226367473602295,-0.08316290378570557,0.3015931248664856,-0.07882899045944214,0.34849560260772705,-0.0721234381198883,0.1304590106010437,-0.054132044315338135,0.23832422494888306,-0.0427936315536499,0.20952758193016052,-0.04383331537246704,0.17454057931900024,-0.0346142053604126,0.1286083161830902,-0.021901190280914307,0.21935760974884033,-0.01736164093017578,0.18930527567863464,-0.022130966186523438,0.1607476770877838,0.002341330051422119,0.12504184246063232,0.00562739372253418,0.18185290694236755,0.005621552467346191,0.15802496671676636,0.0008358955383300781,0.13556063175201416
3,0.0,0.0,-0.04488563537597656,0.03799492120742798,-0.0665695071220398,0.11790317296981812,-0.053548574447631836,0.1851118803024292,-0.028936803340911865,0.22639352083206177,-0.08532798290252686,0.12945961952209473,-0.08350014686584473,0.2337968945503235,-0.07722324132919312,0.29924875497817993,-0.06951922178268433,0.34895938634872437,-0.055468738079071045,0.12757554650306702,-0.04066479206085205,0.2415589690208435,-0.026226282119750977,0.23393380641937256,-0.023511052131652832,0.20779681205749512,-0.019821524620056152,0.12232822179794312,-0.010903418064117432,0.22253316640853882,-0.004011750221252441,0.20355546474456787,-0.006752192974090576,0.1733025312423706,0.014327645301818848,0.11619448661804199,0.015131652355194092,0.18886429071426392,0.015207529067993164,0.16953477263450623,0.012850701808929443,0.13997724652290344
3,0.0,0.0,-0.04636043310165405,0.043976932764053345,-0.06924289464950562,0.12473940849304199,-0.05563861131668091,0.19568699598312378,-0.03335171937942505,0.23743265867233276,-0.0726049542427063,0.13368117809295654,-0.07149028778076172,0.23671525716781616,-0.06964802742004395,0.2956308126449585,-0.06559282541275024,0.3404688239097595,-0.03732389211654663,0.13252106308937073,-0.037977755069732666,0.22944128513336182,-0.03992182016372681,0.2129928469657898,-0.04073762893676758,0.1822393536567688,-0.003265559673309326,0.12711593508720398,-0.011355459690093994,0.21327412128448486,-0.013771295547485352,0.1942068338394165,-0.012440979480743408,0.16602745652198792,0.02769458293914795,0.12142133712768555,0.009356260299682617,0.1874006986618042,0.005830526351928711,0.16851335763931274,0.01059025526046753,0.1427316963672638
3,0.0,0.0,-0.055082619190216064,0.03554213047027588,-0.07850092649459839,0.11303889751434326,-0.06601160764694214,0.185774564743042,-0.04775911569595337,0.23492681980133057,-0.07808202505111694,0.12428653240203857,-0.07863575220108032,0.23350656032562256,-0.07584899663925171,0.29140007495880127,-0.07025766372680664,0.3355337977409363,-0.03678417205810547,0.1293436586856842,-0.04293769598007202,0.23095554113388062,-0.04934680461883545,0.2340593934059143,-0.04962170124053955,0.22011983394622803,-0.0009720325469970703,0.1286022663116455,-0.019746243953704834,0.2168060839176178,-0.028803467750549316,0.20490920543670654,-0.02746683359146118,0.1832924783229828,0.02603936195373535,0.12753787636756897,0.0007639527320861816,0.1901026964187622,-0.011038422584533691,0.180740624666214,-0.010467946529388428,0.16511082649230957
3,0.0,0.0,-0.04521399736404419,0.03337644040584564,-0.06079554557800293,0.11671991646289825,-0.043650150299072266,0.19312621653079987,-0.023193717002868652,0.24156223237514496,-0.06860315799713135,0.11945192515850067,-0.06735622882843018,0.22259144484996796,-0.06326377391815186,0.2786240428686142,-0.05803710222244263,0.3202587813138962,-0.03035581111907959,0.12398074567317963,-0.02988433837890625,0.21809564530849457,-0.031245529651641846,0.20318619906902313,-0.02939009666442871,0.17535223066806793,0.0048996806144714355,0.12178318202495575,-0.0049187541007995605,0.20559610426425934,-0.011047899723052979,0.18420200049877167,-0.010119080543518066,0.1584753841161728,0.034777820110321045,0.11884523928165436,0.017147362232208252,0.18028034269809723,0.010010004043579102,0.1616872400045395,0.012215971946716309,0.13950295746326447
3,0.0,0.0,-0.04100269079208374,0.04264135658740997,-0.056479573249816895,0.11850182712078094,-0.035887062549591064,0.18931545317173004,-0.014612913131713867,0.23323823511600494,-0.06311357021331787,0.11515609920024872,-0.0622524619102478,0.20665766298770905,-0.0561252236366272,0.2602940946817398,-0.0485759973526001,0.3022381514310837,-0.029066503047943115,0.11449174582958221,-0.02273571491241455,0.2007213681936264,-0.0268934965133667,0.18141619861125946,-0.03099459409713745,0.15409864485263824,0.004601180553436279,0.11025698482990265,0.003944754600524902,0.18789754807949066,-0.0032965540885925293,0.16446907818317413,-0.006741046905517578,0.13994581997394562,0.03578686714172363,0.10678441822528839,0.02745133638381958,0.16291595995426178,0.02063155174255371,0.14145062863826752,0.019174575805664062,0.11946101486682892
3,0.0,0.0,-0.033899009227752686,0.04039536416530609,-0.047063469886779785,0.1196046769618988,-0.02826857566833496,0.18987786769866943,-0.009965658187866211,0.23843741416931152,-0.06534463167190552,0.09538847208023071,-0.0629112720489502,0.19533219933509827,-0.05750620365142822,0.2563480734825134,-0.05043917894363403,0.303693562746048,-0.032321929931640625,0.08804720640182495,-0.024010002613067627,0.19959038496017456,-0.021883606910705566,0.17616859078407288,-0.024162471294403076,0.14117449522018433,0.0018295049667358398,0.08152848482131958,0.0019708871841430664,0.18630418181419373,0.0003631114959716797,0.16286391019821167,-0.0013841986656188965,0.130647212266922,0.03490781784057617,0.08130091428756714,0.02225208282470703,0.16200092434883118,0.01765751838684082,0.14787989854812622,0.01852637529373169,0.12196427583694458
3,0.0,0.0,-0.03826826810836792,0.04100428521633148,-0.05303710699081421,0.12379768490791321,-0.03553354740142822,0.1954115331172943,-0.014069914817810059,0.24010121822357178,-0.07008486986160278,0.10052400827407837,-0.0690457820892334,0.20398834347724915,-0.06523370742797852,0.2636023163795471,-0.05914884805679321,0.31100594997406006,-0.038066744804382324,0.0953279435634613,-0.034442901611328125,0.20844873785972595,-0.03214883804321289,0.1866999864578247,-0.03187614679336548,0.15369483828544617,-0.0039119720458984375,0.08962079882621765,-0.006857872009277344,0.19089573621749878,-0.008869946002960205,0.16653713583946228,-0.009329736232757568,0.13549408316612244,0.029567837715148926,0.08826550841331482,0.01812499761581421,0.1644425094127655,0.01215672492980957,0.1494639813899994,0.01200401782989502,0.12429565191268921
3,0.0,0.0,-0.03450584411621094,0.04719395935535431,-0.04870116710662842,0.1277061253786087,-0.03168278932571411,0.19434957206249237,-0.010466456413269043,0.23990289866924286,-0.0799526572227478,0.11679168045520782,-0.07405292987823486,0.21473823487758636,-0.06518363952636719,0.27335144579410553,-0.05693173408508301,0.31804971396923065,-0.05649632215499878,0.10709162056446075,-0.03532952070236206,0.20694564282894135,-0.020826756954193115,0.18447010219097137,-0.021890580654144287,0.1539403349161148,-0.025819063186645508,0.09627197682857513,-0.00806128978729248,0.18811364471912384,0.0024559497833251953,0.16513599455356598,-0.00018930435180664062,0.1363901048898697,0.006800413131713867,0.08803509175777435,0.020860135555267334,0.15549735724925995,0.02576678991317749,0.14092566072940826,0.022436916828155518,0.1178477555513382
3,0.0,0.0,-0.03891792893409729,0.036712825298309326,-0.053236424922943115,0.1193804144859314,-0.037627965211868286,0.1900976300239563,-0.016980916261672974,0.23768696188926697,-0.09556165337562561,0.11420577764511108,-0.08133205771446228,0.21814686059951782,-0.07223975658416748,0.2750577926635742,-0.06359431147575378,0.3223773241043091,-0.06903976202011108,0.10127833485603333,-0.04833167791366577,0.21393489837646484,-0.03782263398170471,0.18859311938285828,-0.03810757398605347,0.15717554092407227,-0.033013761043548584,0.08828991651535034,-0.020453810691833496,0.1927395761013031,-0.017308980226516724,0.16811320185661316,-0.022401809692382812,0.1390170454978943,0.004990488290786743,0.07863509654998779,0.012854129076004028,0.15415388345718384,0.012160629034042358,0.14995720982551575,0.006043106317520142,0.13719993829727173
3,0.0,0.0,-0.0313643217086792,0.04760770499706268,-0.045781493186950684,0.11983664333820343,-0.032198965549468994,0.1865294724702835,-0.01639413833618164,0.23633511364459991,-0.11061811447143555,0.11677505075931549,-0.09441745281219482,0.2165490835905075,-0.08446097373962402,0.274747297167778,-0.0771927535533905,0.32066868245601654,-0.09116050601005554,0.1029791384935379,-0.06114518642425537,0.21295984089374542,-0.045579999685287476,0.18968351185321808,-0.047397106885910034,0.1601889580488205,-0.05892327427864075,0.09287948906421661,-0.030741989612579346,0.1929931789636612,-0.021532297134399414,0.1700582355260849,-0.027087658643722534,0.14388976991176605,-0.021221697330474854,0.08756579458713531,-0.007142007350921631,0.16048510372638702,-0.0019176006317138672,0.15489090979099274,-0.00519794225692749,0.14206792414188385
3,0.0,0.0,-0.03266751766204834,0.03987950086593628,-0.04392886161804199,0.11056655645370483,-0.027036219835281372,0.18012914061546326,-0.010630995035171509,0.23219746351242065,-0.09827321767807007,0.11607173085212708,-0.0870884358882904,0.21624299883842468,-0.0810595154762268,0.269037663936615,-0.080966055393219,0.3107064366340637,-0.07630884647369385,0.10460299253463745,-0.04689708352088928,0.21140000224113464,-0.03239503502845764,0.18715858459472656,-0.036082565784454346,0.15767470002174377,-0.041768401861190796,0.09534889459609985,-0.01469343900680542,0.18909335136413574,-0.006252855062484741,0.16347277164459229,-0.012362569570541382,0.1375393569469452,-0.0030282437801361084,0.0908697247505188,0.010951250791549683,0.15305835008621216,0.015433430671691895,0.1370106339454651,0.012491226196289062,0.11911499500274658
3,0.0,0.0,-0.02951735258102417,0.04437342286109924,-0.045191407203674316,0.11912453174591064,-0.027540922164916992,0.19066515564918518,-0.012741506099700928,0.24339747428894043,-0.1064530611038208,0.13384392857551575,-0.09557518362998962,0.22930458188056946,-0.09024831652641296,0.2850840985774994,-0.08840055763721466,0.3278222978115082,-0.08708205819129944,0.12553486227989197,-0.05244395136833191,0.22442123293876648,-0.03678104281425476,0.1987125277519226,-0.03973552584648132,0.16742533445358276,-0.056455373764038086,0.11661776900291443,-0.01882597804069519,0.2009897232055664,-0.009487956762313843,0.1734544038772583,-0.018112391233444214,0.14779573678970337,-0.020442575216293335,0.11022645235061646,0.00644645094871521,0.17114189267158508,0.013984262943267822,0.14879348874092102,0.00848466157913208,0.12562769651412964
3,0.0,0.0,-0.04278966784477234,0.03342561423778534,-0.06726333498954773,0.0944809764623642,-0.06494364142417908,0.1544167846441269,-0.04903605580329895,0.1959175318479538,-0.09090974926948547,0.1157710999250412,-0.08881723880767822,0.210082545876503,-0.08332586288452148,0.26237182319164276,-0.07794332504272461,0.30081091821193695,-0.06684169173240662,0.11392952501773834,-0.052143245935440063,0.2119341641664505,-0.038022905588150024,0.2006371170282364,-0.03401783108711243,0.17521549761295319,-0.03560137748718262,0.11009524762630463,-0.02490749955177307,0.1993216723203659,-0.016431450843811035,0.18223010003566742,-0.016744911670684814,0.15653644502162933,-0.0029737353324890137,0.10530905425548553,0.0018767118453979492,0.17337922751903534,0.005082219839096069,0.15934310853481293,0.005547523498535156,0.13470225036144257
3,0.0,0.0,-0.04347348213195801,0.02056102454662323,-0.0737704336643219,0.06849698722362518,-0.08198767900466919,0.11179123818874359,-0.07490825653076172,0.14244674146175385,-0.09099015593528748,0.10479556024074554,-0.08374586701393127,0.19230525195598602,-0.07728776335716248,0.24462337791919708,-0.07028049230575562,0.2855045646429062,-0.07163941860198975,0.10253588855266571,-0.050871580839157104,0.18792413175106049,-0.038919031620025635,0.17437206208705902,-0.03692096471786499,0.15061832964420319,-0.04237738251686096,0.09781281650066376,-0.02730223536491394,0.17915914952754974,-0.019835084676742554,0.15981008112430573,-0.021545439958572388,0.13444529473781586,-0.011716723442077637,0.09260700643062592,0.0016192197799682617,0.15441767871379852,0.007081478834152222,0.14112089574337006,0.0063780248165130615,0.1187882274389267
3,0.0,0.0,-0.05797821283340454,0.05215418338775635,-0.07135206460952759,0.13154685497283936,-0.06020849943161011,0.1945427656173706,-0.04353022575378418,0.2326500415802002,-0.0729818344116211,0.15899240970611572,-0.06378430128097534,0.2571365237236023,-0.05624955892562866,0.30946123600006104,-0.04721260070800781,0.3507034182548523,-0.033198416233062744,0.16427183151245117,-0.02951347827911377,0.2467113733291626,-0.034275174140930176,0.22699105739593506,-0.03561270236968994,0.19510072469711304,0.000778496265411377,0.15703439712524414,-0.0017110109329223633,0.21967774629592896,-0.010079264640808105,0.20047587156295776,-0.011666476726531982,0.1743030548095703,0.02775394916534424,0.1440807580947876,0.01693803071975708,0.1848549246788025,0.008027255535125732,0.1692185401916504,0.0049874186515808105,0.14888358116149902
3,0.0,0.0,-0.05549883842468262,0.048215776681900024,-0.06911033391952515,0.12886521220207214,-0.05754441022872925,0.194822758436203,-0.04116857051849365,0.2338677942752838,-0.07534980773925781,0.1583472192287445,-0.06445455551147461,0.25444474816322327,-0.05726748704910278,0.3087839186191559,-0.04972940683364868,0.3521616756916046,-0.037517011165618896,0.16322830319404602,-0.02872520685195923,0.24470457434654236,-0.029553890228271484,0.22324374318122864,-0.0304681658744812,0.19093194603919983,-0.0031214356422424316,0.15669336915016174,-0.0008112788200378418,0.2162218987941742,-0.006112337112426758,0.19551697373390198,-0.007951617240905762,0.1692613661289215,0.02586907148361206,0.14385190606117249,0.019282877445220947,0.18100598454475403,0.012590348720550537,0.16361543536186218,0.010635554790496826,0.14286276698112488
3,0.0,0.0,-0.052014708518981934,0.04494619369506836,-0.07100421190261841,0.12246108055114746,-0.06361514329910278,0.1874457597732544,-0.047925710678100586,0.22633564472198486,-0.08247274160385132,0.1545020341873169,-0.0710378885269165,0.24936550855636597,-0.06396526098251343,0.3045920133590698,-0.0567549467086792,0.34725695848464966,-0.04912978410720825,0.15877747535705566,-0.030675649642944336,0.24391669034957886,-0.026949286460876465,0.2192816138267517,-0.028692662715911865,0.18520718812942505,-0.01425868272781372,0.15218281745910645,0.00044399499893188477,0.21152722835540771,0.0007641315460205078,0.18838822841644287,-0.0021845102310180664,0.16233760118484497,0.01989668607711792,0.13926881551742554,0.027267813682556152,0.17222166061401367,0.02607417106628418,0.15073645114898682,0.024390101432800293,0.13037145137786865
3,0.0,0.0,-0.04656994342803955,0.04397514462471008,-0.06596791744232178,0.13942593336105347,-0.05298107862472534,0.22215944528579712,-0.032187432050704956,0.2734786868095398,-0.09775790572166443,0.1633397340774536,-0.0716431736946106,0.2732466459274292,-0.055604755878448486,0.3361635208129883,-0.0437701940536499,0.3824847340583801,-0.06860631704330444,0.15899962186813354,-0.022900819778442383,0.26945656538009644,-0.010126352310180664,0.2513445019721985,-0.014369398355484009,0.21985912322998047,-0.03314083814620972,0.14911383390426636,0.0032599568367004395,0.24196267127990723,0.008334338665008545,0.21696430444717407,-0.0016803145408630371,0.18665117025375366,0.0036104917526245117,0.1364598274230957,0.02271658182144165,0.20406800508499146,0.025647103786468506,0.18351733684539795,0.017972171306610107,0.1580033302307129
3,0.0,0.0,-0.0463261604309082,0.045251041650772095,-0.06519600749015808,0.14153054356575012,-0.04699212312698364,0.22787967324256897,-0.017786264419555664,0.2747122347354889,-0.10083696246147156,0.16618230938911438,-0.07495284080505371,0.27387937903404236,-0.058344513177871704,0.338204950094223,-0.04753875732421875,0.3868308961391449,-0.07494699954986572,0.16349223256111145,-0.025837600231170654,0.2663660943508148,-0.00993877649307251,0.2440786063671112,-0.01322147250175476,0.2107439935207367,-0.04027646780014038,0.15448740124702454,0.008587419986724854,0.23085692524909973,0.01751333475112915,0.20240828394889832,0.0076850950717926025,0.1727287471294403,-0.0018550455570220947,0.14313969016075134,0.03640052676200867,0.1905134618282318,0.043191105127334595,0.16383937001228333,0.03444358706474304,0.13921013474464417
3,0.0,0.0,-0.036874860525131226,0.045912131667137146,-0.05808854103088379,0.1316254884004593,-0.039507895708084106,0.2197955697774887,-0.023628532886505127,0.28087450563907623,-0.12715978920459747,0.1386382132768631,-0.11768865585327148,0.25949807465076447,-0.1106543093919754,0.3287673145532608,-0.10867317020893097,0.3808794170618057,-0.1008649468421936,0.1324465125799179,-0.06863197684288025,0.2584419995546341,-0.04693865776062012,0.22821839153766632,-0.0495704710483551,0.18980009853839874,-0.06234052777290344,0.12792004644870758,-0.025235921144485474,0.23605002462863922,-0.011924564838409424,0.20310868322849274,-0.022623270750045776,0.1717304140329361,-0.01790618896484375,0.1271575540304184,0.009375810623168945,0.20721127092838287,0.01820969581604004,0.1771886795759201,0.010008454322814941,0.14680765569210052
3,0.0,0.0,-0.0580192506313324,0.01675879955291748,-0.09264007210731506,0.08625641465187073,-0.09446185827255249,0.17186495661735535,-0.08010753989219666,0.23108547925949097,-0.13050541281700134,0.103080153465271,-0.11281269788742065,0.2235105037689209,-0.097441166639328,0.21433424949645996,-0.09270912408828735,0.18949246406555176,-0.10317453742027283,0.10100981593132019,-0.08764129877090454,0.22890913486480713,-0.07311597466468811,0.21075904369354248,-0.06681746244430542,0.18015432357788086,-0.06980687379837036,0.10145130753517151,-0.05848318338394165,0.21668195724487305,-0.04768344759941101,0.19266650080680847,-0.04604002833366394,0.16179493069648743,-0.03448671102523804,0.1029437780380249,-0.03344050049781799,0.19886642694473267,-0.02581760287284851,0.1769258677959442,-0.02385038137435913,0.1462724506855011
3,0.0,0.0,-0.05596953630447388,0.059069424867630005,-0.06851136684417725,0.15853983163833618,-0.046468913555145264,0.24122238159179688,-0.022050857543945312,0.29385507106781006,-0.06590020656585693,0.1556313931941986,-0.05188751220703125,0.27915263175964355,-0.04278397560119629,0.34343695640563965,-0.03070014715194702,0.39264237880706787,-0.020131707191467285,0.15385034680366516,-0.018230080604553223,0.28072500228881836,-0.03188371658325195,0.2844699025154114,-0.037392616271972656,0.26697200536727905,0.019092559814453125,0.14695575833320618,0.01190805435180664,0.2568056583404541,-0.0027602314949035645,0.24076664447784424,-0.005360662937164307,0.21136730909347534,0.04861104488372803,0.14067450165748596,0.02927941083908081,0.21984624862670898,0.015260040760040283,0.20503532886505127,0.015329301357269287,0.18077042698860168
3,0.0,0.0,-0.04623299837112427,0.06035080552101135,-0.05743443965911865,0.1478826105594635,-0.035176753997802734,0.21101826429367065,-0.007295131683349609,0.2427290678024292,-0.04157191514968872,0.15431013703346252,-0.029055535793304443,0.25723928213119507,-0.022741377353668213,0.31731897592544556,-0.014965355396270752,0.36430639028549194,-0.004075825214385986,0.14661312103271484,0.0003401637077331543,0.24801993370056152,-0.01149594783782959,0.25395166873931885,-0.01610386371612549,0.2398642897605896,0.028936266899108887,0.1332627832889557,0.02579808235168457,0.2319919466972351,0.01094883680343628,0.22116076946258545,0.006311237812042236,0.19234991073608398,0.05483275651931763,0.11961281299591064,0.043054938316345215,0.19826507568359375,0.029145419597625732,0.1874079704284668,0.026047348976135254,0.16001904010772705
3,0.0,0.0,-0.06231933832168579,0.048326194286346436,-0.10375052690505981,0.09485951066017151,-0.15457618236541748,0.11335805058479309,-0.19497203826904297,0.10117849707603455,-0.05267232656478882,0.18764802813529968,-0.04606914520263672,0.2968006432056427,-0.0431513786315918,0.3610391318798065,-0.0387418270111084,0.41015568375587463,-0.005237936973571777,0.19494584202766418,-0.018147826194763184,0.25997021794319153,-0.02950739860534668,0.232334703207016,-0.032489776611328125,0.1924983561038971,0.032077908515930176,0.18091699481010437,0.010932385921478271,0.2290172278881073,0.0044291019439697266,0.20699205994606018,0.006110846996307373,0.17370107769966125,0.060198962688446045,0.16377553343772888,0.03882342576980591,0.1962597668170929,0.030574381351470947,0.1744932234287262,0.030899643898010254,0.14797601103782654
3,0.0,0.0,-0.06227236986160278,0.047876834869384766,-0.1039164662361145,0.09592139720916748,-0.15418767929077148,0.12027120590209961,-0.19670170545578003,0.11349046230316162,-0.05549025535583496,0.18765515089035034,-0.04814654588699341,0.2986637353897095,-0.04457587003707886,0.3638414144515991,-0.039597511291503906,0.41370129585266113,-0.007806837558746338,0.1955757737159729,-0.01702702045440674,0.2660674452781677,-0.02902519702911377,0.2388594150543213,-0.0330810546875,0.1973555088043213,0.030356943607330322,0.18214738368988037,0.011992216110229492,0.2333221435546875,0.004691720008850098,0.2121485471725464,0.005464732646942139,0.1778714656829834,0.05915355682373047,0.1658012866973877,0.038780927658081055,0.19994240999221802,0.03010338544845581,0.17915576696395874,0.030003786087036133,0.1523645520210266
3,0.0,0.0,-0.06258463859558105,0.04695001244544983,-0.10410517454147339,0.09700986742973328,-0.15477222204208374,0.12115141749382019,-0.19729775190353394,0.11345407366752625,-0.05412417650222778,0.18677636981010437,-0.04707151651382446,0.2978913486003876,-0.044307172298431396,0.36352553963661194,-0.03973287343978882,0.41348591446876526,-0.006633281707763672,0.1944357454776764,-0.01549530029296875,0.2650759518146515,-0.027301669120788574,0.23748639225959778,-0.030983030796051025,0.19644293189048767,0.03131765127182007,0.18136319518089294,0.013673663139343262,0.23254963755607605,0.005945086479187012,0.21128126978874207,0.006741642951965332,0.17779985070228577,0.0602380633354187,0.16514256596565247,0.0404205322265625,0.19958314299583435,0.03184765577316284,0.17822524905204773,0.03202325105667114,0.15154334902763367
3,0.0,0.0,-0.06300407648086548,0.046705424785614014,-0.10583668947219849,0.098888099193573,-0.15746325254440308,0.12386167049407959,-0.19966363906860352,0.1148148775100708,-0.05592697858810425,0.18555927276611328,-0.048868775367736816,0.2982180714607239,-0.046247243881225586,0.3642809987068176,-0.041902124881744385,0.4147745370864868,-0.008424997329711914,0.19351094961166382,-0.01795727014541626,0.26849913597106934,-0.030425310134887695,0.24072837829589844,-0.03440016508102417,0.1985207200050354,0.02932727336883545,0.18121647834777832,0.010055482387542725,0.23483288288116455,0.002146303653717041,0.21320337057113647,0.0032245516777038574,0.17917400598526,0.05822855234146118,0.1662190556526184,0.03647071123123169,0.20236283540725708,0.02790546417236328,0.18084216117858887,0.02853715419769287,0.15382987260818481
3,0.0,0.0,-0.06560283899307251,0.04241901636123657,-0.1098247766494751,0.09368419647216797,-0.16120070219039917,0.11983639001846313,-0.20349043607711792,0.11444181203842163,-0.057978928089141846,0.18666887283325195,-0.05202162265777588,0.2965241074562073,-0.049446821212768555,0.3616997003555298,-0.045085370540618896,0.41130614280700684,-0.011298000812530518,0.193320631980896,-0.020214736461639404,0.2634754180908203,-0.032179057598114014,0.23687255382537842,-0.035999953746795654,0.19702553749084473,0.027035772800445557,0.18003123998641968,0.009968876838684082,0.2319062352180481,0.0018232464790344238,0.21171194314956665,0.0023146867752075195,0.17887258529663086,0.05694699287414551,0.1631375551223755,0.038178443908691406,0.19714874029159546,0.029173433780670166,0.17717373371124268,0.02858024835586548,0.15113943815231323
3,0.0,0.0,-0.06493210792541504,0.04300817847251892,-0.11116015911102295,0.09783890843391418,-0.16146188974380493,0.12150117754936218,-0.2027273178100586,0.10963103175163269,-0.060114920139312744,0.18051031231880188,-0.05382329225540161,0.291355162858963,-0.05122935771942139,0.35745659470558167,-0.047470688819885254,0.4080633223056793,-0.013465464115142822,0.18731048703193665,-0.02032315731048584,0.26289114356040955,-0.031888604164123535,0.23391321301460266,-0.035115599632263184,0.19178441166877747,0.024417519569396973,0.17608162760734558,0.009168267250061035,0.2325347363948822,0.0009595155715942383,0.21011397242546082,0.0018367171287536621,0.1766030490398407,0.05401003360748291,0.16241493821144104,0.036044418811798096,0.2025415003299713,0.02720189094543457,0.1810491383075714,0.027875185012817383,0.15374061465263367
3,0.0,0.0,-0.06403785943984985,0.0448419451713562,-0.1089741587638855,0.09792381525039673,-0.15961921215057373,0.12147659063339233,-0.20037108659744263,0.11197996139526367,-0.05611604452133179,0.17822039127349854,-0.04965406656265259,0.29179519414901733,-0.04690396785736084,0.3584367036819458,-0.041975319385528564,0.4100778102874756,-0.008782029151916504,0.18499433994293213,-0.01822972297668457,0.2648676633834839,-0.03178960084915161,0.23662161827087402,-0.03521108627319336,0.19508320093154907,0.029035091400146484,0.17377156019210815,0.010409653186798096,0.2356477975845337,0.0011377334594726562,0.21326392889022827,0.0025174617767333984,0.17962050437927246,0.05769628286361694,0.16077929735183716,0.03627687692642212,0.20561206340789795,0.026532471179962158,0.1841447353363037,0.027895092964172363,0.15665966272354126
3,0.0,0.0,-0.06536209583282471,0.043741852045059204,-0.111522376537323,0.09671592712402344,-0.16290003061294556,0.12061041593551636,-0.20417249202728271,0.11284738779067993,-0.05913960933685303,0.17816483974456787,-0.05246073007583618,0.2916271686553955,-0.049692392349243164,0.35842710733413696,-0.04454249143600464,0.4101114869117737,-0.01184755563735962,0.18544495105743408,-0.02130568027496338,0.2652139663696289,-0.03497081995010376,0.23683631420135498,-0.03831470012664795,0.19510763883590698,0.02623116970062256,0.17455166578292847,0.007790029048919678,0.23659175634384155,-0.0014418363571166992,0.214055597782135,-4.857778549194336e-05,0.18025869131088257,0.05503249168395996,0.16185951232910156,0.03361308574676514,0.20707076787948608,0.023830950260162354,0.18575513362884521,0.025179624557495117,0.15843164920806885
